ndvi_before,ndvi_after,evi_before,evi_after,ndmi_before,ndmi_after,nbr_before,nbr_after,vv_before,vv_after,vh_before,vh_after,vv_vh_ratio_before,vv_vh_ratio_after,masked_frac_before,masked_frac_after,era5_temp_anomaly_before,era5_temp_anomaly_after,era5_precip_anomaly_before,era5_precip_anomaly_after,era5_sm_anomaly_before,era5_sm_anomaly_after,chirps_rainfall_before,chirps_rainfall_after,elevation_m,slope_deg,aspect_deg,s1_orbit_pass,s1_n_before,s1_n_after,fire_detected,patch_id,lon,lat,ndvi_change,evi_change,ndmi_change,nbr_change,vv_change,vh_change,chirps_rainfall_change
0.5518826560158925,0.5510228901819977,0.2754962582144577,0.27878091639192415,-0.03169847677226197,-0.02810528600781562,0.20352350691846366,0.2168188618253653,-8.825662988875665,-9.457534750832012,-15.304321991341451,-16.0289681476456,4.61956055470997,4.7116681862039975,0.013083964933475523,0.013083964933475523,-1.5789487742883535,0.7419454982054065,0.0040842087059468615,-0.015935375734368103,0.023636259439783026,-0.038408104866213294,52.77608157467078,23.192277083331593,543.5383420601751,2.939384477430301,171.81779314982938,DESCENDING,15,20,False,p00312,80.50755847537309,22.134247574559808,-0.0008597658338947989,0.0032846581774664263,0.003593190764446353,0.013295354906901646,-0.6318717619563472,-0.7246461563041482,-29.58380449133919
0.5997179694705281,0.5633439923513757,0.30987195255210026,0.2797066765795639,0.023358646613492476,-0.015551945727377914,0.2777584467586725,0.23901606251392463,-9.282004306536589,-10.005323367317395,-15.460100932570697,-16.25013021322833,4.370261179064381,4.50417803200994,0.013032309390535124,0.013032309390535124,-1.4103543414226436,0.8803202697733268,0.0002456198916868396,-0.018812495828479082,0.019137164938120465,-0.04316716650580857,58.88714890819181,21.521725895472237,653.027053971266,9.628367676735197,212.72896181892736,DESCENDING,15,20,False,p04059,80.79957917058427,22.34696766079769,-0.03637397711915247,-0.030165275972536376,-0.03891059234087039,-0.03874238424474788,-0.7233190607808062,-0.7900292806576346,-37.365423012719575
0.67746991499967,0.6896348445925167,0.316653758527786,0.3251782426059998,0.13412212645379665,0.1724188472032941,0.40382401718469546,0.4573567788614532,-8.178426131838867,-8.895769567808744,-15.493783658198007,-16.281770335192963,5.612045233834536,5.80400646025274,0.012823749561476694,0.012823749561476694,-1.4681218045868516,0.9061361553275099,-3.8494875649167556e-05,-0.0194752981292091,0.02216411011431525,-0.04603448428502734,63.85791584873808,23.535928582753936,670.3218472554062,4.331220981803937,146.84409886764098,DESCENDING,15,20,False,p04777,80.91141688364387,22.38721200143729,0.012164929592846652,0.008524484078213823,0.03829672074949744,0.053532761676757745,-0.7173434359698767,-0.7879866769949562,-40.32198726598415
0.7850782871842578,0.7555770141706658,0.35636288306537917,0.3604890085284306,0.2136325315918949,0.19755488289214587,0.5265683674727899,0.5126233653854446,-8.877105743514008,-9.120967105930072,-15.704997413762365,-15.666783241370297,5.13640945589143,4.794577610647312,0.012918829497745477,0.012918829497745477,-1.5203487173679515,1.0637349031595376,0.0010733784793724476,-0.021809610786445135,0.0360781978748207,-0.050137786836128254,68.59215473303597,24.947480605599658,857.4111998463588,4.763183585935369,188.62162508202223,DESCENDING,15,20,False,p01491,80.99840177157911,22.19748868127918,-0.029501273013591955,0.004126125463051411,-0.016077648699749036,-0.013945002087345282,-0.24386136241606415,0.03821417239206859,-43.64467412743631
0.7344077846853457,0.7082053340382202,0.3405948440954436,0.333330343925301,0.18142779682181098,0.17201944155282578,0.48532259176359727,0.4836852554163613,-8.749512783061078,-9.136846113729037,-15.555303214140203,-15.8525457676699,5.066104292939515,5.022535472728888,0.01137153440798433,0.01137153440798433,-1.5910523416697224,0.8643485871538044,0.003140594293361996,-0.017535124505177753,0.022532647922663362,-0.040803283964930735,72.41331384272101,27.885809969246594,580.4627855799619,3.5616132517104755,197.88716040491337,DESCENDING,15,20,False,p01534,80.64424901355704,22.20323787279912,-0.026202450647125564,-0.007264500170142629,-0.009408355268985202,-0.0016373363472359515,-0.3873333306679587,-0.2972425535296974,-44.527503873474416
0.6759579342310702,0.6616913493738665,0.3157775349345105,0.33713669039815486,0.10832469481910091,0.12666054991867332,0.38301565652464203,0.4148601492976066,-9.106313742698006,-9.353671023668726,-15.742349986145728,-15.948117369597922,4.780102473330962,4.7079869917815635,0.013373290434031793,0.013373290434031793,-1.5709863112311953,0.7893635562702206,0.004191030364926239,-0.01687545834955809,0.022005164387743817,-0.03946001189009299,67.03776408851583,24.378786478381965,622.7408781892345,5.7405182756138515,220.74294169399343,DESCENDING,15,20,False,p03323,80.57590374446507,22.306723320158092,-0.014266584857203668,0.021359155463644364,0.018335855099572404,0.03184449277296458,-0.24735728097071963,-0.20576738345219425,-42.65897761013386
0.7059199634888419,0.6809230110145907,0.3509583947252635,0.3408102963060066,0.15511409172170548,0.14737423120365264,0.44651493799131814,0.43551312627151045,-8.95494573792843,-9.72294501523308,-15.723131039622329,-16.546972772349477,5.048875080015098,5.100324411550317,0.011651505811960505,0.011651505811960505,-1.5506257125694056,0.8081438107122951,0.003952206151718195,-0.017168270430433955,0.02183608688996931,-0.03986747779466824,70.09112998454704,25.201721322243067,604.1655313296715,6.07037212781187,150.662069020983,DESCENDING,15,20,False,p03428,80.60696977587051,22.312472511678035,-0.024996952474251155,-0.010148098419256901,-0.007739860518052838,-0.011001811719807686,-0.76799927730465,-0.8238417327271481,-44.88940866230397
0.5192742463986724,0.4956064285755043,0.237994504826901,0.2360216187139813,-0.052857438707954264,-0.06205561257888696,0.16996275109998268,0.17099512117178833,-10.328519460532942,-11.001391602133829,-16.82254126117795,-17.760383656438908,4.725809139261297,5.213108897261491,0.010444376356397167,0.010444376356397167,-1.5268103476346633,1.015842553340664,-6.858825702583515e-05,-0.0198854906300878,0.023752477982024314,-0.04555020461272952,75.44777492111359,26.59376708324743,808.887981358253,4.369888133503089,188.72416940927752,DESCENDING,15,20,False,p00264,80.83064520198971,22.128498383039865,-0.02366781782316807,-0.0019728861129196806,-0.009198173870932698,0.0010323700718056494,-0.6728721416008874,-0.937842395260958,-48.85400783786616
0.7389084203779793,0.6844893754552644,0.3434033522086212,0.3293897092951981,0.17797665530031537,0.14453589804866157,0.47931949042543937,0.4456120554847722,-8.468142404725512,-8.978841619655391,-15.092417009084325,-15.378911353711443,4.866219414277489,4.664427752412065,0.012716100588151646,0.012716100588151646,-1.4951124534498097,1.0672527964101761,-0.0001569847374928623,-0.020433842478997818,0.024104504602314735,-0.0467550657969685,71.4174272905102,25.93294984200319,812.0460672981741,6.347218980628236,172.28983606029627,DESCENDING,15,20,False,p01371,80.87413764595733,22.191739489759236,-0.054419044922714876,-0.014013642913423108,-0.0334407572516538,-0.03370743494066719,-0.510699214929879,-0.2864943446271173,-45.484477448507015
0.6713836781061973,0.6391046915168938,0.32602077153849973,0.31499806066137304,0.14591965292248954,0.11386454868168411,0.42082808950491657,0.40308330642267304,-8.199382066310466,-8.581193934472203,-15.689006219630542,-15.871674089032409,5.772385483193423,5.554656876900186,0.009327565597274101,0.009327565597274101,-1.6012273521971099,0.7933124441637872,0.004035365854046075,-0.016460875986053135,0.023600252537365588,-0.039262292874959796,50.63532941880889,21.14748155657393,553.1806025182756,3.959593276011982,173.22030077609267,DESCENDING,15,20,False,p00720,80.5572641256218,22.15724434063958,-0.032278986589303504,-0.011022710877126696,-0.03205510424080543,-0.01774478308224353,-0.38181186816173707,-0.1826678694018664,-29.487847862234958
0.747551311440974,0.732003730968299,0.38139243456750954,0.37590460468151454,0.220386891794055,0.21592294567837356,0.5279790034151746,0.5302209688003652,-9.185049496828203,-9.226793111831208,-16.147753444379976,-15.84906803257576,5.289950857171743,4.813834251538942,0.020744604194366523,0.020744604194366523,-1.546115325090462,0.9809480968110864,0.00020525875756950072,-0.019382185275557875,0.022126621778290795,-0.044160134956232354,72.26268943383513,26.157499100457393,682.7950915881203,7.275634115086545,207.51693346622457,DESCENDING,15,20,False,p00058,80.79336596430318,22.11699999999998,-0.015547580472675016,-0.005487829885994999,-0.004463946115681433,0.002241965385190614,-0.041743615003005274,0.29868541180421637,-46.10519033337774
0.7128693162839814,0.6766237273376609,0.3256592615795861,0.32911796178608244,0.15807877220601546,0.14721033801340727,0.4560259567542504,0.453668532950946,-8.734184029511322,-9.124626666638369,-15.560451599797911,-15.85249253869413,4.964030134256818,4.9058774002525665,0.013372881724821428,0.013372881724821428,-1.605067505595491,0.782034192045317,0.004422616441823811,-0.016533045900104563,0.0226788627884212,-0.039010550794838485,61.491430629977785,23.181326139779586,541.4861192203412,4.222876292700091,208.1111822057282,DESCENDING,15,20,False,p02617,80.53862450677853,22.266478979518492,-0.03624558894632057,0.003458700206496357,-0.01086843419260819,-0.0023574238033043926,-0.3904426371270464,-0.2920409388962195,-38.3101044901982
0.4822754828718186,0.4615481644318736,0.24780768625084854,0.24202757110130776,-0.01525089967243955,-0.016505707792133124,0.18808198084913255,0.18962966325895997,-9.725264799915438,-10.100081454530404,-16.991545373836253,-17.851905223870954,5.670502614309638,6.533745872193215,0.011414465070067714,0.011414465070067714,-1.5923921173967213,0.7380589043043748,0.00420454509329139,-0.016010045628074582,0.022394000976626468,-0.038371001964599874,57.26536974436186,21.990439390351614,503.3007938159176,3.3017940879919294,168.76817694412878,DESCENDING,15,20,False,p02107,80.47649244396764,22.23773302191878,-0.02072731843994502,-0.005780115149540771,-0.0012548081196935741,0.0015476824098274167,-0.3748166546149658,-0.8603598500347012,-35.27493035401025
0.6163402238048626,0.611999841354344,0.2715244129166807,0.27180799102621905,0.02977416103794406,0.02311347971330657,0.29676638524505883,0.2951015474159239,-10.141086819873458,-10.720923948778173,-16.671928534568615,-17.456941516690943,4.885537390810733,5.0786685516520595,0.00968027364748536,0.00968027364748536,-1.5236543746042577,1.0518735340036218,0.00026858352995929723,-0.02140983931283896,0.0374447273986417,-0.051114467693611436,61.49832504120641,22.286978578305742,741.5687092358477,7.5615508495047905,233.5099927530396,DESCENDING,15,20,False,p00188,80.97976215273584,22.122749191519922,-0.004340382450518598,0.0002835781095383294,-0.006660681324637492,-0.001664837829134902,-0.5798371289047157,-0.7850129821223284,-39.211346462900664
0.6455114403825273,0.605726929577354,0.29716610383038006,0.282177347235536,0.06141201592255241,0.05142287315441367,0.3325656881591489,0.3035551872926868,-8.917843624186558,-9.722270483359017,-15.332707894463532,-16.06696430536438,4.676864442088287,4.593622526743739,0.010050221562579065,0.010050221562579065,-1.5110902580651766,1.040702512426502,-0.0001428283169486318,-0.02018509155091271,0.024393935670247644,-0.04635215284731458,76.91041798661225,26.90251086532635,813.80729575255,5.936576423688383,153.19721906469636,DESCENDING,15,20,False,p00668,80.85549802711407,22.151495149119636,-0.03978451080517331,-0.014988756594844055,-0.00998914276813874,-0.029010500866462063,-0.8044268591724588,-0.7342564109008478,-50.007907121285896
0.5208073170531224,0.5409499715319934,0.2640792828697879,0.27280413844839063,-0.053355601884625285,-0.030294234219334474,0.16755051474835678,0.20919020980734185,-9.270562558681801,-10.115172309676316,-15.551965622829448,-16.46490168261294,4.496611320836655,4.592229780816945,0.013695824627115716,0.013695824627115716,-1.3634512422767369,0.870146181087737,0.00021108042159451697,-0.01803704271030522,0.017248187939756965,-0.040975409626180896,56.66919005514821,21.378952057446366,606.2218111205234,3.1400134251786,177.66854192970945,DESCENDING,15,20,False,p05360,80.80579237686536,22.421707150556948,0.02014265447887098,0.008724855578602753,0.02306136766529081,0.04163969505898507,-0.8446097509945147,-0.9129360597834921,-35.29023799770185
0.6115705038670992,0.60626920841862,0.2742004485503668,0.27767933623816027,0.03206809576555973,0.04507750545724666,0.29086305781091676,0.3089401669146714,-9.198291903412283,-9.738733716098862,-15.51733703315124,-16.154491328255165,4.545743214178717,4.6586737073419515,0.0102779701447836,0.0102779701447836,-1.4963394806386114,1.0822459393378911,-0.00025561431645417117,-0.020608491331850134,0.025653868774871653,-0.04740998210912466,73.11971195422821,25.851146334279196,799.7261919135815,7.7604823195125245,150.3512110308855,DESCENDING,15,20,False,p00774,80.8927772648006,22.15724434063958,-0.005301295448479237,0.003478887687793475,0.01300940969168693,0.01807710910375465,-0.5404418126865789,-0.637154295103926,-47.268565619949015
0.5400522753538731,0.522972274633566,0.2754551404655007,0.28268306852712144,-0.0006158878954877853,0.04570933013948092,0.23356476484921315,0.29573944490548437,-10.368386724892774,-11.110779135872873,-17.162368907524982,-18.069152299556528,5.099093418057627,5.292303762962846,0.009539315709920726,0.009539315709920726,-1.5837935068838227,0.8621581939050919,0.002306520501748622,-0.01781629169865355,0.02234698901901534,-0.041244802464966396,60.1887723872169,23.312832055405686,568.1707465458452,6.217591777269007,197.28128752341462,DESCENDING,15,20,False,p00539,80.67531504496249,22.145745957599694,-0.01708000072030713,0.007227928061620759,0.0463252180349687,0.06217468005627122,-0.7423924109800986,-0.9067833920315458,-36.875940331811215
0.6236378895205853,0.6310202157135417,0.3030052506903513,0.3180873741253871,0.06392417749714578,0.08937732962386848,0.322486231149598,0.36732253421533134,-8.630865727736651,-8.977568643214566,-15.76161754876294,-16.27577805830608,5.3661069846786935,5.599983860597102,0.011878419642232463,0.011878419642232463,-1.5954901293815207,0.7498072072493649,0.00438375132651253,-0.015963876808019535,0.02310988200765103,-0.03814837013301807,52.37391727221066,21.208147979762458,535.9113609988399,3.7506983072551927,161.0563287846653,DESCENDING,15,20,False,p01210,80.49513206281091,22.185990298239293,0.007382326192956423,0.015082123435035844,0.025453152126722695,0.04483630306573333,-0.34670291547791443,-0.5141605095431405,-31.165769292448203
0.6322409959166898,0.6075782903599438,0.2971113603828454,0.29533862269460026,0.054855497863735676,0.05708360493793889,0.3172403231509054,0.3182154317656753,-9.538789313982319,-10.118358014236557,-15.809518617495018,-16.607644026593466,4.463909228587197,4.798005578959505,0.010253154784976792,0.010253154784976792,-1.4963394806386114,1.0822459393378911,-0.00025561431645417117,-0.020608491331850134,0.025653868774871653,-0.04740998210912466,72.6653592001881,25.831015214337583,818.5210616040914,5.36543864001984,164.39962222773573,DESCENDING,15,20,False,p00874,80.8927772648006,22.162993532159522,-0.02466270555674599,-0.0017727376882451518,0.002228107074203213,0.000975108614769904,-0.5795687002542387,-0.7981254090984482,-46.83434398585052
0.629167182758486,0.6026277941367926,0.2909922728183053,0.2876822725302402,0.07850289022545294,0.07858630330323878,0.3191747944394245,0.33170619408514157,-8.864467137967791,-9.575539571338046,-15.68123979569788,-16.461133411271966,5.162579479501287,5.267034050336473,0.012921143886368669,0.012921143886368669,-1.3948925001787664,0.8864960268073925,-3.5707448751833594e-05,-0.01822627666667326,0.017854325182948386,-0.04230012434188054,62.343730784986654,24.409470330416884,693.0035942204938,5.568366067363677,138.81954616975904,DESCENDING,15,20,False,p05773,80.88656405851951,22.44470391663672,-0.02653938862169347,-0.003310000288065107,8.341307778583773e-05,0.01253139964571709,-0.7110724333702549,-0.7798936155740854,-37.93426045456977
0.7809817713875823,0.7261650236687118,0.39098887630714546,0.3722549985443112,0.22521947017637683,0.18117157817937288,0.53266225377069,0.4917061982202641,-7.76418159610495,-8.493688434985707,-14.920581513422203,-15.227941259667007,5.486824076331829,5.036394178882894,0.009810461832494899,0.009810461832494899,-1.5690988866905355,0.9689457265908124,0.0010302827542126504,-0.020587247854135893,0.03071197748886989,-0.0488695645750237,73.79152589057485,26.69861416529565,722.7171317606437,7.517756680731357,105.05238300728803,DESCENDING,15,20,False,p04794,81.01704139042238,22.38721200143729,-0.05481674771887046,-0.01873387776283425,-0.04404789199700396,-0.04095605555042586,-0.7295068388807566,-0.30735974624480455,-47.092911725279194
0.6457075562782199,0.590202854875708,0.3193491919973766,0.29994239156082086,0.11574474348991276,0.08235145061509104,0.3734407204795441,0.3476416672957667,-9.366177489397314,-10.168955643217844,-16.525058689858742,-17.175783423819418,5.509449430177326,5.333228737192936,0.011720152477570411,0.011720152477570411,-1.6057221290239456,0.8122049647168131,0.003806030745726102,-0.01670899978744555,0.02378343580450842,-0.039835587329857626,50.24343486412447,20.854976400146768,568.5782727396466,3.4610137466674114,193.66117707340894,DESCENDING,15,20,False,p00525,80.58833015702724,22.145745957599694,-0.05550470140251185,-0.019406800436555738,-0.03339329287482172,-0.0257990531837774,-0.8027781538205296,-0.6507247339606756,-29.3884584639777
0.6778276017295828,0.6558327607853427,0.3374686951155535,0.3274872740869197,0.13180679473762447,0.11955038536803067,0.4059287718392332,0.3928687515588391,-9.298692674420076,-9.45564421732811,-15.732342008047318,-15.667755194938069,4.641122010943074,4.431946000498059,0.013334610552356074,0.013334610552356074,-1.535527413905146,0.9935759498958059,4.844817790905066e-05,-0.01960485761199378,0.022485306849529714,-0.04469232936596684,74.54884704201052,26.742557616076912,803.1429342267398,7.717602622232607,191.71430067086,DESCENDING,15,20,False,p00160,80.80579237686536,22.122749191519922,-0.02199484094424009,-0.009981421028633808,-0.012256409369593796,-0.013060020280394102,-0.15695154290803437,0.06458681310924952,-47.80628942593361
0.7864658049127922,0.7439629046217308,0.3647788068515822,0.37747880725604804,0.2168903505564875,0.22045795390877218,0.5219988877405007,0.5289179654540109,-8.78485724558861,-8.810589247121868,-15.409493484836942,-15.225666783783772,4.848581807451109,4.673461042127575,0.012842929549755189,0.012842929549755189,-1.5273658468295308,1.0440349909212059,0.0005540720941380792,-0.021612162843848117,0.03903612646059195,-0.05137774340288969,60.733265919049,22.337214497587148,826.2274820468231,11.08970952886999,178.12381251408874,DESCENDING,15,20,False,p00491,80.99840177157911,22.13999676607975,-0.04250290029106141,0.012700000404465839,0.003567603352284676,0.006919077713510191,-0.025732001533258497,0.18382670105316912,-38.396051421461856
0.735767949209614,0.7052468038693522,0.3542004940313541,0.3554038663146302,0.1763561374781244,0.18210952251488585,0.4667580240590746,0.4798747725039838,-8.70548373285868,-9.11634190533898,-15.347896375826425,-15.710208732772418,4.9287066580412615,4.9201194736270955,0.009035296652124991,0.009035296652124991,-1.5047797280656137,1.0475144260308278,0.00040570297831134255,-0.021016701727313614,0.028265990913998288,-0.0483080781544776,74.4532397828833,25.896143907178057,811.6508224789583,10.139885429001179,144.11643517777702,DESCENDING,15,20,False,p02381,80.93626970876822,22.249231404958664,-0.030521145340261735,0.0012033722832761051,0.005753385036761455,0.013116748444909176,-0.41085817248029954,-0.36231235694599384,-48.557095875705244
0.7154618380494211,0.6606236324794471,0.3327418927552203,0.3259043180946443,0.1768084992977514,0.14251106885266476,0.4752213924576768,0.4416971541121041,-8.876102836346828,-9.366630079837664,-15.979853017411322,-16.251277731243,5.294032011784746,5.0450030658316765,0.013355583522004721,0.013355583522004721,-1.6015659125748545,0.7835927561444336,0.004410574682158824,-0.016606093857869084,0.022568579089525115,-0.03910852459769003,62.72217892031347,23.51932550413735,554.8906662401033,4.130696632808123,190.12353835079574,DESCENDING,15,20,False,p02718,80.54483771305962,22.272228171038435,-0.054838205569973986,-0.006837574660575996,-0.034297430445086624,-0.03352423834557272,-0.49052724349083654,-0.2714247138316779,-39.20285341617612
0.6472432300983383,0.6555006527718317,0.30523801762692043,0.3136585434316303,0.09062170496006498,0.10763698771696814,0.36540750219073515,0.39462804233835347,-8.222335318787383,-8.570216437089929,-15.05405843259304,-15.502823091198996,4.9668459401163085,5.143562838861892,0.01199707792720428,0.01199707792720428,-1.5385839671602357,0.7317898041594493,0.003526674993317699,-0.016592142736017296,0.02060757213517163,-0.03917520945530141,69.35395944968438,24.799965253477776,566.8259507329326,4.295298687596911,98.5960803746983,DESCENDING,15,20,False,p04416,80.53241130049744,22.369964426877463,0.008257422673493386,0.008420525804709866,0.017015282756903158,0.029220540147618324,-0.34788111830254564,-0.44876465860595616,-44.5539941962066
0.7403208027527224,0.7518152322869205,0.4081081430536432,0.40983494582922975,0.2571980070720526,0.25430410367307466,0.5518549918920547,0.5476411632167595,-9.38690321010123,-9.76969940748644,-15.977691315950644,-16.136477063348206,4.826486819841348,4.590626656592025,0.013548590349617973,0.013548590349617973,-1.4508647024689072,0.8228300518555158,0.0020609111078548716,-0.017988061128986547,0.01959469308969404,-0.04057064928951724,81.80775818437908,28.972377821219002,792.7891916962543,8.283522054825188,283.5352253462558,DESCENDING,15,20,False,p03642,80.69395466380575,22.32397089471792,0.011494429534198103,0.0017268027755865667,-0.0028939033989779372,-0.004213828675295184,-0.3827961973852094,-0.15878574739756246,-52.835380363160084
0.692344438189151,0.67783657112715,0.3147590226963638,0.321879593555594,0.1270593369209685,0.1382111293330827,0.41544809155591095,0.43513158455104045,-8.620933786347639,-9.48027800516794,-15.92594622950161,-16.569547224616855,5.71173820225453,5.489255524191201,0.01305602502835923,0.01305602502835923,-1.5540911536056503,1.0074674901457237,0.001419726584376248,-0.021364115664583624,0.03221076923207302,-0.04871759724946522,76.95174400860861,25.972822987978862,698.7587973843665,4.719139207316096,190.40680608182657,DESCENDING,15,20,False,p03591,80.99840177157911,22.318221703197977,-0.014507867062001023,0.00712057085923018,0.011151792412114198,0.019683492995129503,-0.8593442188203007,-0.6436009951152446,-50.978921020629755
0.6605377386870529,0.6731835418371008,0.3101296731963569,0.32031475767428447,0.10959568149315504,0.13371621494033006,0.3919417747550564,0.429910819412367,-8.262628812116455,-8.551453978205211,-15.379801995431286,-15.98064744578421,5.359728177753551,5.738847476620282,0.013511296499075565,0.013511296499075565,-1.57235225889454,0.7221630584932215,0.003849295011706048,-0.01638419154146887,0.02124969512254049,-0.03891519343369419,68.00125605736959,24.5356355543611,510.7348504342228,4.212914120295911,186.45973785783193,DESCENDING,15,20,False,p04011,80.501345269092,22.34696766079769,0.01264580315004793,0.010185084477927542,0.02412053344717502,0.03796904465731055,-0.2888251660887562,-0.6008454503529244,-43.46562050300849
0.6848907121969915,0.6724378579036783,0.31235483621346644,0.32781217692958864,0.12544996871931016,0.14234493648151184,0.4216283287455748,0.4460866373777338,-8.873392055219446,-9.111209093002339,-15.58280177161242,-15.9233356130348,4.836171351396203,4.958788232071512,0.011731672730979414,0.011731672730979414,-1.6032815078502636,0.7939189419402382,0.004367888837663958,-0.016606943279906968,0.022821694978092676,-0.0391595667149345,62.1932144800242,23.604244573925534,544.428409181796,4.547028713108847,216.95020395105152,DESCENDING,15,20,False,p02419,80.55105091934071,22.254980596478607,-0.01245285429331322,0.015457340716122203,0.016894967762201674,0.024458308632158976,-0.23781703778289298,-0.3405338414223795,-38.58896990609867
0.5709168582613818,0.5364788137027038,0.30851427061295933,0.29247963516243314,0.036912128979590925,0.02376874709798949,0.2681885646054533,0.2580390996282136,-8.960411437330006,-9.857364759880062,-16.48336596130878,-17.378751187725875,6.134042073267827,5.993836659475024,0.011852789916841133,0.011852789916841133,-1.5867601895450918,0.7436774613537083,0.004254055311885809,-0.01589701794047779,0.023322524888740384,-0.03817388788413446,51.804876922799025,21.645431198703644,530.2491454736124,3.418417745331124,199.52828542382105,DESCENDING,15,20,False,p00910,80.49513206281091,22.168742723679465,-0.03443804455867805,-0.01603463545052619,-0.013143381881601433,-0.01014946497723973,-0.8969533225500559,-0.8953852264170941,-30.15944572409538
0.6459451907469447,0.6108132303921266,0.3271250149982925,0.32057413189843154,0.10184049016207289,0.08522954348515373,0.37145891607123344,0.37274339723542954,-8.815393316101474,-9.035952375919953,-15.565749381623379,-15.583348422071962,4.933488258520647,4.670748264448655,0.013569486326834412,0.013569486326834412,-1.5206498747141965,0.6675884020516198,0.002947778390527067,-0.016322997070604323,0.020398192273312105,-0.03885593466261884,66.28802527980352,23.23041752291336,583.0609091347625,9.083444549854486,174.55452557444008,DESCENDING,15,20,False,p04605,80.46406603140547,22.38146280991735,-0.035131960354818026,-0.00655088309986096,-0.01661094667691916,0.0012844811641961051,-0.2205590598184788,-0.017599040448583736,-43.057607756890164
0.7691622640312177,0.7330379095887303,0.36106919650952674,0.3602665160074603,0.1994430785813177,0.18415014042883143,0.5012910979111023,0.4964892476772572,-7.267302664413732,-7.429253674140639,-14.006761400385985,-14.10342257961283,5.05468688725029,4.954362674046849,0.009709670918105484,0.009709670918105484,-1.5491343667077424,1.0174401384478156,0.001651867298634393,-0.02182433167137136,0.036880896558005784,-0.04978001931740786,75.60048288548637,25.624964699871704,815.3781837962371,13.813035965698191,128.8830794829131,DESCENDING,15,20,False,p02494,81.01704139042238,22.254980596478607,-0.036124354442487405,-0.000802680502066444,-0.01529293815248628,-0.004801850233845051,-0.16195100972690746,-0.09666117922684592,-49.97551818561467
0.7746596855823725,0.7419997518831193,0.3618429733389276,0.36255622177703717,0.2134548776925357,0.2216680928111732,0.5279764529768888,0.5333089587529077,-8.962626120858229,-9.667186363929314,-15.868367426577729,-16.294567110534803,5.2324387459007875,4.89380569958728,0.010543236150949764,0.010543236150949764,-1.5004044630418056,1.0598876422198138,0.0002832414214707595,-0.02099471280413098,0.027888180632672194,-0.04825873079467288,72.87719745662092,25.73438626310251,728.8035235664513,6.454167233392271,239.78255338555203,DESCENDING,15,20,False,p02180,80.93005650248713,22.23773302191878,-0.03265993369925324,0.0007132484381095483,0.008213215118637485,0.005332505776018959,-0.7045602430710858,-0.4261996839570745,-47.14281119351841
0.6127113694949177,0.6263447789486132,0.3056084706257955,0.3138186244953851,0.06246485882893949,0.08749854216035574,0.33168657135109664,0.37037810342864075,-8.236883279786548,-8.539629197089841,-15.270789283719067,-15.810150577830012,5.244162359999019,5.529281659155698,0.01345574004530048,0.01345574004530048,-1.4982576326480168,0.684248693423787,0.0026713498795077804,-0.016517340074391037,0.01943365601920957,-0.039412992788232695,65.53063972320138,22.65796538538137,504.05527369186353,4.313800845324737,144.23006735432523,DESCENDING,15,20,False,p05612,80.50755847537309,22.438954725116776,0.01363340945369551,0.00821015386958962,0.02503368333141625,0.03869153207754411,-0.3027459173032927,-0.5393612941109449,-42.87267433782
0.664400594518586,0.663765992837441,0.3032401331435028,0.32770800335960093,0.10557325877048275,0.1403601622990778,0.39301550316979517,0.4330174929336347,-8.799129989415727,-9.46242908517405,-16.099804276947108,-16.680259560240767,5.5536457998432125,5.473598490269338,0.008406941468888651,0.008406941468888651,-1.589806433816063,0.7504833318723554,0.004187558654723862,-0.01648595954163967,0.021779408932298683,-0.038958407722416356,66.59476839440053,24.23832170995948,517.3565657134131,4.880970566244041,202.59895804021522,DESCENDING,15,20,False,p03714,80.51998488793527,22.329720086237863,-0.0006346016811450417,0.024467870216098142,0.03478690352859505,0.04000198976383951,-0.6632990957583225,-0.5804552832936594,-42.35644668444105
0.5458635648668375,0.55619704076742,0.24751889598458626,0.27331490185100815,0.025601591230232795,0.0825186111839309,0.2581341601124319,0.311604876599594,-9.889548006330871,-10.556700694528772,-16.915457726966764,-17.991483996059653,5.4594517800098625,6.004823694321118,0.012281836456338402,0.012281836456338402,-1.5521689706588697,0.9733957704698382,0.0015243743453106655,-0.022007029838094636,0.04330322280662743,-0.05130896507856916,72.41219927034422,26.574400286478546,811.4832931863388,8.959353830119854,207.58061924613503,DESCENDING,15,20,False,p00799,81.04810742182782,22.15724434063958,0.010333475900582534,0.02579600586642189,0.056917019953698106,0.05347071648716212,-0.6671526881979002,-1.076026269092889,-45.83779898386567
0.6811233275281512,0.6366175603892765,0.3295651964677011,0.3120868754498952,0.1376932027472987,0.10359364019088868,0.4180389884506276,0.39348006748901515,-8.864304604793706,-9.57761538308456,-15.94905449746739,-16.512365263934388,5.4011607497221545,5.241069822049291,0.009374583836142869,0.009374583836142869,-1.606929257358168,0.8172207452354568,0.003762410043905005,-0.01677254046551962,0.02378039871900304,-0.039944953396878376,50.29145390628136,20.793657120177738,568.8049815453851,3.4672020240030115,149.78771987414046,DESCENDING,15,20,False,p00526,80.59454336330833,22.145745957599694,-0.04450576713887466,-0.017478321017805887,-0.03409956255641003,-0.02455892096161244,-0.7133107782908539,-0.5633107664669978,-29.497796786103624
0.6507539343880674,0.6590447637573585,0.29684672217191094,0.3142173131811303,0.10807896104526962,0.1470923719418322,0.37072501300877386,0.42270410559135707,-8.915556242142141,-9.687044967918911,-16.182141320899117,-16.945629320961007,5.662064110565715,5.686341912676572,0.012874669905606706,0.012874669905606706,-1.4379122365510848,0.8772070813778261,-0.0001336614978572834,-0.019028811277489545,0.0201475591271809,-0.04478647737044927,61.92136026669855,23.295937625893725,654.9900844539251,3.979082272665533,193.0367218773222,DESCENDING,15,20,False,p05073,80.88656405851951,22.40445957599712,0.008290829369291153,0.01737059100921934,0.03901341089656257,0.05197909258258321,-0.77148872577677,-0.7634880000618907,-38.62542264080483
0.6569976268225061,0.5998311964718177,0.3179714784617402,0.2947818528688613,0.07141079603226223,0.03589615108573092,0.34498458838414076,0.3118856188692873,-9.033841679120718,-9.748753435488146,-15.47513831508122,-16.167924343827274,4.617282241529835,4.652653376494428,0.013361149202445133,0.013361149202445133,-1.5313826771413526,0.9916469610528653,5.392116701702375e-05,-0.019613514563661567,0.022307265601299385,-0.044742498318466835,77.42475623666041,27.666814106473968,801.0025525404626,4.662380223850557,177.03897254207274,DESCENDING,15,20,False,p00460,80.80579237686536,22.13999676607975,-0.05716643035068836,-0.02318962559287885,-0.03551464494653132,-0.03309896951485347,-0.7149117563674281,-0.6927860287460543,-49.75794213018645
0.7611575101349128,0.7455234699185432,0.36958351226542513,0.36883830883279334,0.1914846179612561,0.19228722488389072,0.5024030820161708,0.5084930828720999,-9.306085691835051,-9.603793160655673,-16.0298654704269,-16.17586987309493,5.045554387127493,4.830252914094319,0.012220481011337103,0.012220481011337103,-1.5210507821231893,0.8609304248433975,0.0019574794389274563,-0.01823474734145791,0.020865331056201947,-0.04159316813431078,87.62147621821315,31.034310189694384,713.3085334942664,8.858740696037016,214.7010500905251,DESCENDING,15,20,False,p02243,80.70016787008684,22.24348221343872,-0.015634040216369605,-0.0007452034326317913,0.0008026069226346189,0.006090000855929145,-0.29770746882062227,-0.14600440266803005,-56.587166028518766
0.7487049207427141,0.7501278077649789,0.42906674980403536,0.4241975816486396,0.2267268086702195,0.2268234085965837,0.530318109844705,0.5390340414172347,-10.5242952714542,-10.500200917540397,-16.923184771941628,-16.722650894008666,4.601073464993375,4.444758910492983,0.011362266258112874,0.011362266258112874,-1.4723540823772068,0.8200825286586796,0.002395302215544058,-0.017919749173892694,0.02012308494131699,-0.04057385652830524,81.24477366624572,28.738129675770068,779.0721024689783,13.101861327875136,258.2047060892927,DESCENDING,15,20,False,p03540,80.68152825124358,22.318221703197977,0.001422887022264785,-0.004869168155395787,9.659992636421033e-05,0.0087159315725297,0.02409435391380299,0.20053387793296196,-52.50664399047565
0.7636168138622805,0.7487933812929134,0.35846536687347763,0.3627337275280551,0.2109415159130646,0.204426793715106,0.5270828357224939,0.5244831537883747,-8.610128760645281,-9.042174266091816,-15.531657907615644,-15.82806051070091,5.221909890704681,5.1110633266495,0.010521714062492249,0.010521714062492249,-1.4978673507021807,1.0838915329867482,0.0002105459813096061,-0.021079470353591957,0.02830169583387485,-0.04838539509661245,70.30401543805199,25.500150369901725,722.0400176077471,5.989371323382283,149.36576093481128,DESCENDING,15,20,False,p01780,80.93005650248713,22.214736255839007,-0.014823432569367134,0.004268360654577474,-0.0065147221979585945,-0.0025996819341191912,-0.43204550544653486,-0.2964026030852658,-44.803865068150266
0.7286645127390231,0.7047402803533301,0.32683343371361834,0.35503656728983296,0.18128563402968093,0.22952337103292147,0.46864458565362727,0.5214427405995673,-9.124560586289892,-9.552036924926504,-16.35861152218382,-16.85809613451061,5.640621595914012,5.744674545549725,0.01098666029327755,0.01098666029327755,-1.552809190051724,0.9919432878525234,0.0018806368796764545,-0.02206746267362354,0.041335015815690566,-0.0507608427908855,74.10151645364284,26.21752014290797,805.4330081928948,7.748917539877991,172.23381943438432,DESCENDING,15,20,False,p01698,81.04189421554673,22.208987064319064,-0.023924232385692967,0.028203133576214623,0.04823773700324055,0.052798154945940035,-0.4274763386366125,-0.4994846123267891,-47.88399631073487
0.7182777656337077,0.7251627620497528,0.3495195657901757,0.3734955169610245,0.20157201235231112,0.21832690969492605,0.4980679195860244,0.5262664773040541,-8.647187220410846,-8.669974531367492,-15.457281151323834,-15.640530387966745,4.94234501295409,5.1868878650357155,0.011877179624869894,0.011877179624869894,-1.519181549312203,0.7388431600469048,0.003348126567966164,-0.016697862453449966,0.020224699189582036,-0.03933473796923614,68.08031674291267,24.30569463609998,554.365263671016,7.175679455316968,196.32080839400007,DESCENDING,15,20,False,p04819,80.55105091934071,22.392961192957234,0.006884996416045119,0.02397595117084883,0.016754897342614927,0.02819855771802965,-0.022787310956646323,-0.18324923664291148,-43.77462210681269
0.7188613093769085,0.6974639263200618,0.35037853192580487,0.35482522000891253,0.16189565802015668,0.16282031040753864,0.44458050148454226,0.461554983968129,-8.586349003353082,-8.667081423384165,-15.152856123837067,-15.240049188677329,4.698856485466022,4.736790010594928,0.01168867935521678,0.01168867935521678,-1.606063568590954,0.8165133356490143,0.0042674411844424364,-0.016717686608887283,0.02312747554486283,-0.03944024410181061,61.20238768901859,23.76914210903579,597.4989238880845,11.055389760535085,194.39692127981297,DESCENDING,15,20,False,p01822,80.56969053818398,22.22048544735895,-0.021397383056846686,0.004446688083107664,0.0009246523873819579,0.01697448248358674,-0.08073242003108305,-0.08719306484026212,-37.4332455799828
0.5926301049949034,0.5809903399491576,0.2981899560614883,0.30833761736604165,0.08010263978553923,0.09144132650058373,0.30547474090500254,0.33326780562166375,-9.874325108773077,-10.69515825514021,-16.909195129990835,-17.706305963874964,5.410226757771934,5.4097682886007465,0.012741161534972956,0.012741161534972956,-1.4430555054876382,0.9150140161144485,4.8228360875713914e-05,-0.01943178971972733,0.020928220859488887,-0.0450220023166041,63.392569926968456,22.738808649082255,693.8786388748964,7.9649164887705535,197.32245168821404,DESCENDING,15,20,False,p03867,80.84928482083298,22.335469277757806,-0.01163976504574582,0.010147661304553357,0.011338686715044496,0.02779306471666121,-0.8208331463671339,-0.7971108338841297,-40.653761277886204
0.4695646116864478,0.4356156952374362,0.23374192469531158,0.22323132097440238,-0.019019468154218983,-0.05127981375523825,0.18839782193412993,0.14049223086953821,-9.665107185956048,-10.393392635938795,-17.000183349719453,-18.26271129559653,5.695037523205187,6.578930825078889,0.011456160254773917,0.011456160254773917,-1.5923921173967213,0.7380589043043748,0.00420454509329139,-0.016010045628074582,0.022394000976626468,-0.038371001964599874,57.79265810061634,22.088572733145092,504.3375819754577,2.8018829209414604,174.3427801247233,DESCENDING,15,20,False,p02207,80.47649244396764,22.24348221343872,-0.0339489164490116,-0.0105106037209092,-0.032260345601019265,-0.04790559106459172,-0.7282854499827476,-1.2625279458770784,-35.70408536747125
0.5587347463419289,0.5368663553855528,0.26632255663905685,0.26373426235997616,-0.01663461809433115,-0.01973568948799837,0.21846501848028566,0.22211434624076182,-8.72691422188644,-9.180847303265663,-15.808441341614083,-16.612113466979597,5.27964849540129,5.692864898742831,0.008685213007250558,0.008685213007250558,-1.6035155462889243,0.7381223639064263,0.004286959716450835,-0.01613977237533193,0.02222294890330432,-0.038644808458475205,58.56677414622748,22.1547154765116,510.4907922154196,3.2740452303756324,124.1671641310732,DESCENDING,15,20,False,p02808,80.48270565024873,22.277977362558378,-0.02186839095637605,-0.002588294279080694,-0.0031010713936672207,0.003649327760476162,-0.4539330813792226,-0.8036721253655141,-36.412058669715876
0.5712541658310364,0.5470122004171054,0.28151162171328925,0.2904759690372569,0.03885334473392553,0.06834800610412897,0.279461269790349,0.3200923874733629,-10.303555295214645,-10.894181773844455,-17.28124446021335,-18.16107431538981,5.313195371894174,5.731471531357268,0.012988537054022031,0.012988537054022031,-1.5793861641576965,0.868141579166326,0.0020726826841914177,-0.017970566720150048,0.022101359539199342,-0.0414292751412039,65.00598296386886,24.524837585210367,563.0231104209023,4.797345543619212,209.33463281087387,DESCENDING,15,20,False,p00641,80.68774145752467,22.151495149119636,-0.024241965413930977,0.00896434732396767,0.029494661370203443,0.04063111768301386,-0.5906264786298099,-0.8798298551764603,-40.481145378658496
0.7093725654157768,0.6572372999736376,0.3294779615601758,0.3218737537458082,0.17763430356774892,0.1396567750730138,0.4803779211260253,0.44961389337899005,-8.191346896994178,-8.89716765990466,-15.591675828778309,-15.768802759056866,5.787659031488051,5.118580373813538,0.016912925772872733,0.016912925772872733,-1.6007225044050784,0.8207880564089478,0.0030241748624299236,-0.01711444158876442,0.023606426513534125,-0.04050302608116859,50.70070656438759,21.0620074003853,575.7861969704948,2.2515553794333263,121.63485238755695,DESCENDING,15,20,False,p00031,80.62560939471378,22.11699999999998,-0.0521352654421392,-0.007604207814367603,-0.037977528494735124,-0.03076402774703524,-0.7058207629104825,-0.17712693027855764,-29.638699164002286
0.4860025579668931,0.4510283812856343,0.2366654949155548,0.23450871921439603,0.01626725854201609,0.02765627278455443,0.20565089366853037,0.22310153286486334,-9.863402279920043,-10.832457694081453,-17.23068177204919,-18.712488804811883,5.966920222404375,6.6816192631252305,0.01022618621644189,0.01022618621644189,-1.4980618794290033,0.9171045205315411,0.00017873042988623768,-0.019648635378890694,0.023944227878625806,-0.046715731717783794,62.04394727793055,23.39793211787287,638.2138536164383,6.3649200476277965,162.19689620176294,DESCENDING,15,20,False,p05082,80.94248291504931,22.40445957599712,-0.034974176681258795,-0.0021567757011587696,0.01138901424253834,0.017450639196332968,-0.9690554141614101,-1.481807032762692,-38.64601516005768
0.6767030619728063,0.6448302121563594,0.3332449266670028,0.3436929198126419,0.11291064827681208,0.11882297383066522,0.37644595553132804,0.40419557207071005,-9.912561845215432,-10.176743459811744,-16.551847905691023,-16.44563805554716,4.941156062040693,4.566089146091253,0.010285847380186786,0.010285847380186786,-1.48938805286904,1.0185924520770757,4.7863647422291944e-05,-0.020589950309173162,0.02499415256598246,-0.047623697337886677,72.63345259940169,25.153648873569768,888.4146204910824,10.868575541869948,196.8673198432375,DESCENDING,15,20,False,p02776,80.90520367736278,22.272228171038435,-0.03187284981644689,0.0104479931456391,0.00591232555385314,0.027749616539382016,-0.2641816145963123,0.10620985014386264,-47.47980372583193
0.5906708032709009,0.5879637144131623,0.26843176736303853,0.279097666170445,0.06355700881199508,0.08064795165613112,0.30874239650600394,0.33533737844980366,-9.179679873116154,-9.90230409526712,-16.068953784827215,-16.68164653493837,5.210939736543046,5.195794370257696,0.009995639955725943,0.009995639955725943,-1.539634539132559,0.9974088949054827,0.0010255073425801393,-0.020998900053733796,0.02983933655769513,-0.04833585902137323,74.49463650554229,25.309755586639856,670.7168111167963,4.995922348727129,168.93199916847888,DESCENDING,15,20,False,p03688,80.97976215273584,22.32397089471792,-0.0027070888577386265,0.010665898807406482,0.017090942844136037,0.026594981943799723,-0.7226242221509658,-0.6126927501111545,-49.18488091890244
0.6572817544891552,0.67675852409272,0.32547691801811607,0.36341218191048136,0.11613966053551138,0.17209720223248864,0.39263998319434507,0.47013395863998236,-9.369267901424903,-9.399567263095946,-15.92091796588937,-16.152652813566814,4.689920315762603,4.910631981678483,0.01212440160783046,0.01212440160783046,-1.559934678959424,0.7077653588244708,0.003640760539516701,-0.016360343932198915,0.020984711501757347,-0.03894304081507478,68.3773197010635,24.394371180069264,606.5392543877277,5.74023363697027,219.16569250930593,DESCENDING,15,20,False,p04310,80.49513206281091,22.36421523535752,0.019476769603564814,0.03793526389236529,0.05595754169697727,0.0774939754456373,-0.030299361671042746,-0.23173484767744412,-43.982948520994235
0.5236471040702948,0.5004831809512267,0.25505830570784455,0.253441262109905,-0.05961360867239278,-0.0684220402378897,0.16634125495503319,0.1635258034258089,-9.268854276248476,-9.942012756664036,-16.408092248394833,-17.35903370145961,5.364098603881889,5.765088346258137,0.01147456205067865,0.01147456205067865,-1.5997656769993618,0.7320158121936902,0.004182063337315379,-0.016151779385278283,0.022004479977868373,-0.03875133357144578,59.000481342507264,22.29555838902791,508.43895688344935,3.3728021758259343,170.8744020478362,DESCENDING,15,20,False,p02907,80.47649244396764,22.28372655407832,-0.02316392311906812,-0.0016170435979395714,-0.008808431565496919,-0.002815451529224272,-0.6731584804155606,-0.9509414530647753,-36.704922953479354
0.6667786573137422,0.6727019535692652,0.3143676739553837,0.31746762519016003,0.11716725409369015,0.12335289718925661,0.39932163167964113,0.41384338813210686,-8.790415119052888,-9.202917263340035,-15.559588403677392,-15.95186776421631,5.028001894196221,4.9959909163067,0.01335332411984913,0.01335332411984913,-1.448888304024535,0.8031870418904881,0.002441538001010504,-0.01736304136606547,0.019077377152432448,-0.03980663120929014,65.81541370301352,23.73223581692598,620.5189553765496,4.517524932873029,197.72012050888625,DESCENDING,15,20,False,p04835,80.65046221983813,22.392961192957234,0.005923296255523014,0.0030999512347763547,0.006185643095566462,0.014521756452465728,-0.4125021442871475,-0.3922793605389181,-42.08317788608754
0.7219436142652227,0.6701402023043933,0.34158065507268487,0.3381618075163338,0.2048424072131062,0.1607696970451209,0.4989919757611986,0.46756613040169204,-8.840190450587192,-9.360229451367884,-15.882653586084066,-15.91452230614736,5.355998093767472,4.822636693008613,0.015143986477041405,0.015143986477041405,-1.603634918551676,0.8070887021695499,0.0033415283496276028,-0.016875881161621684,0.023924161233228547,-0.04023782679029605,50.10996771555513,20.920105498675344,581.4944192173033,3.06225209558608,199.58817092948266,DESCENDING,15,20,False,p00028,80.60696977587051,22.11699999999998,-0.05180341196082938,-0.003418847556351079,-0.04407271016798531,-0.03142584535950654,-0.5200390007806917,-0.031868720063293665,-29.189862216879785
0.6933649879477418,0.6618200676384245,0.31131796416099755,0.3158801483987529,0.15344292735926543,0.1480511502335776,0.4196174067116944,0.42975094449485784,-9.282710225973934,-9.560190655825348,-15.930994701278129,-16.01183136074974,4.901157227083782,4.7147716279900616,0.008945840437711516,0.008945840437711516,-1.4858805809999418,1.027051019351345,-2.6006013851498217e-05,-0.020534860085373176,0.02448470378302913,-0.04738370880085678,72.34898619147114,25.31775199605601,742.1133061986196,11.66514905323445,210.4221995205843,DESCENDING,15,20,False,p02575,80.89899047108169,22.26072978799855,-0.031544920309317326,0.00456218423775534,-0.0053917771256878355,0.010133537783163449,-0.27748042985141375,-0.08083665947160945,-47.03123419541513
0.632844781295566,0.6393667330163233,0.28697742670142723,0.3064116392206895,0.04435217759199892,0.0906844598748136,0.28825422418415114,0.3561651584374223,-9.068760298855551,-9.760299235709821,-16.4500374890341,-17.26892745871755,5.839879552896623,6.109450054358272,0.011071887464872199,0.011071887464872199,-1.5681497727525378,0.9840596053928378,0.0021229513167721438,-0.021934425487470256,0.03935518037282919,-0.050030281863534753,77.78044557985862,26.105699600043476,729.0156150006396,5.985448931268394,194.09661781645977,DESCENDING,15,20,False,p02698,81.04189421554673,22.266478979518492,0.006521951720757313,0.01943421251926225,0.046332282282814684,0.06791093425327116,-0.6915389368542701,-0.8188899696834504,-51.67474597981514
0.6688860073549824,0.6610233560508932,0.33635072994857096,0.338715216121991,0.12453373995433786,0.1236859477892781,0.3983246457425133,0.4123297126729135,-9.209189528330919,-9.45273239218752,-15.990976877310898,-16.167615254215423,4.94319803883558,4.868428324239123,0.008643526701818338,0.008643526701818338,-1.5242690267968444,0.75379901632439,0.003481602418539379,-0.016769734627512394,0.020470885193753015,-0.03941229044195987,68.78548471060272,24.678988540194375,612.5329619387132,4.948814681010914,155.2200792876896,DESCENDING,15,20,False,p04421,80.56347733190289,22.369964426877463,-0.007862651304089141,0.002364486173420055,-0.0008477921650597575,0.014005066930400212,-0.24354286385660195,-0.17663837690452588,-44.10649617040834
0.7351251233007594,0.7066260763303878,0.3124569397387781,0.30089740309499896,0.15700641961995138,0.15163940631279524,0.46519702441169847,0.46936325155660275,-8.379108877265384,-8.728899812215593,-15.130817439499188,-15.83380091899507,5.030681634878122,5.512755602795007,0.012757438071899219,0.012757438071899219,-1.4997564345112342,1.0891804181479974,8.857074768521574e-06,-0.021015633082730644,0.028838755165467116,-0.04856922909744979,68.83283914433416,25.03159702402239,707.3466937717088,7.323075568645648,153.08694956221086,DESCENDING,15,20,False,p01179,80.92384329620604,22.18024110671935,-0.028499046970371644,-0.011559536643779122,-0.005367013307156138,0.004166227144904278,-0.3497909349502084,-0.7029834794958827,-43.80124212031177
0.700714155366925,0.6714149565137458,0.3367981553630256,0.3520225569080077,0.1482565172258755,0.15194661271637566,0.4301887467594928,0.4516789860047284,-10.169535207486032,-10.292563288104171,-16.7225285852619,-16.67155947607207,4.739640744265253,4.612104980966922,0.00876675719912623,0.00876675719912623,-1.5817690771359734,0.8159129057493473,0.004220289639911998,-0.016998327363053775,0.02259438155206214,-0.03971780337184965,69.07211705299274,25.460771582006867,642.7387788079255,8.89869529393883,242.61199593629254,DESCENDING,15,20,False,p02726,80.59454336330833,22.272228171038435,-0.02929919885317922,0.015224401544982114,0.0036900954905001726,0.021490239245235576,-0.12302808061813941,0.05096910918983255,-43.61134547098587
0.7284933186612587,0.735061169126262,0.3751999130985917,0.38747466236552,0.1860275379406091,0.1980538240105206,0.4772927735445941,0.49506803165327334,-8.917073277388734,-9.287942103134199,-15.499492897133537,-15.721754476650174,4.808332843037662,4.652819483068453,0.008556775812601503,0.008556775812601503,-1.4461410062011477,0.836033197253701,0.001676846179972247,-0.018298718189337548,0.01970362270205113,-0.041351477413997806,80.63807071160531,28.592418342801498,822.1947429869185,10.624996001663309,162.95290759044238,DESCENDING,15,20,False,p03545,80.71259428264902,22.318221703197977,0.0065678504650033,0.012274749266928286,0.01202628606991149,0.01777525810867925,-0.37086882574546465,-0.22226157951663694,-52.045652368803815
0.6373734740207735,0.580129575659055,0.31316867361531786,0.28516069782267917,0.10840411230542563,0.06903553120422759,0.36832183233530263,0.32111693007201914,-9.52777819159773,-10.54325814933863,-16.086784843133245,-17.34982078322098,4.786876153036348,5.130951239130276,0.009346687075523441,0.009346687075523441,-1.4218351670537164,0.8109795832726031,0.002038524894431238,-0.01745203466868086,0.01846503638489098,-0.03970774366884197,64.57136736821084,23.448197666310918,657.8784442926597,5.69429868616658,223.745268994335,DESCENDING,15,20,False,p04938,80.6691018386814,22.398710384477177,-0.057243898361718504,-0.028007975792638695,-0.039368581101198036,-0.0472049022632835,-1.0154799577409008,-1.263035940087736,-41.123169701899926
0.6983048372703141,0.7159783287319926,0.31015954706818305,0.35579492233616206,0.08760694049716605,0.1770820692276193,0.3717271204975909,0.4808772210788019,-8.604736837002255,-8.885092200620637,-14.844394007830374,-15.356263456847602,4.450671231717019,4.6640724022029065,0.01340312727073445,0.01340312727073445,-1.522879599361739,0.9880081599824477,5.9884321143446394e-05,-0.019634738128235494,0.021943390040330645,-0.04485097451911728,78.43569153318458,27.871455160747715,803.4828935993095,5.378830328839933,169.4294451026225,DESCENDING,15,20,False,p00860,80.80579237686536,22.162993532159522,0.017673491461678514,0.045635375267979006,0.08947512873045324,0.109150100581211,-0.28035536361838176,-0.5118694490172278,-50.564236372436866
0.5995832427741877,0.6161163778751976,0.28356637220642367,0.3001996388717898,0.0994565608419986,0.10828642214057373,0.35706636934143166,0.38609285934797866,-9.743509356139967,-9.964537003091419,-16.01757895941584,-16.28098244746775,4.538768638824942,4.557240926212752,0.009333981414729409,0.009333981414729409,-1.4399838829824783,0.8129560538217914,0.002214127487219369,-0.017550273995175003,0.019019762061648997,-0.03992349722258927,69.7065455674255,25.017372554888688,691.1075890181037,3.4407864764416707,171.69559205530905,DESCENDING,15,20,False,p04538,80.6691018386814,22.375713618397405,0.016533135101009844,0.01663326666536613,0.008829861298575131,0.029026490006547,-0.22102764695145183,-0.2634034880519103,-44.689173012536806
0.6961313475048562,0.6542858586681762,0.32388902142834386,0.3152475725424169,0.12974545647728206,0.1244338880744813,0.41904200566334143,0.41305274732641317,-9.21881682830206,-9.974742040250765,-15.946190027979751,-16.854968762264015,4.983584252891974,5.176805142103105,0.009024040106396458,0.009024040106396458,-1.542432814251107,0.8211470139303338,0.003536175949813569,-0.017440561342211152,0.021738159434324097,-0.04020892490070394,76.46809053072964,27.501899933727987,621.3460375849656,4.828628548580565,169.15374650139947,DESCENDING,15,20,False,p03032,80.63182260099487,22.289475745598264,-0.041845488836679934,-0.008641448885926939,-0.005311568402800754,-0.00598925833692826,-0.7559252119487052,-0.9087787342842635,-48.966190597001656
0.7730338763468155,0.7534111112834107,0.36126270845510566,0.36366007715687027,0.22751658992277235,0.2216798803845625,0.5366709777874955,0.5346980099812277,-9.485184469240457,-9.784688792948575,-16.404387218174488,-16.498911670383386,5.254097598870066,5.041846379966157,0.012980914415887113,0.012980914415887113,-1.5369051582990663,1.0394250765520339,0.001300235921615804,-0.021666836084167248,0.03441936002761167,-0.049449640358439274,74.85670500331456,25.656951706700422,808.7518978633539,12.692814117383543,191.7555296018686,DESCENDING,15,20,False,p02391,80.99840177157911,22.249231404958664,-0.01962276506340488,0.0023973687017646017,-0.005836709538209861,-0.001972967806267767,-0.29950432370811875,-0.09452445220889771,-49.19975329661413
0.6287539762724441,0.6134022085805041,0.2894987778201984,0.29984827849061035,0.07402039621027276,0.10173180406275452,0.3511872135559086,0.3849049923325011,-9.304515872483533,-9.641393634302588,-15.924400954139418,-16.69304061703587,4.83330242236147,5.378660483405266,0.011794059072953389,0.011794059072953389,-1.6125485978240275,0.8350206897329205,0.004067056932709906,-0.016803541842852474,0.023550339334778708,-0.03980049719206536,60.03777558500355,23.71472575352591,539.5681064460043,4.893658638676024,184.609376006182,DESCENDING,15,20,False,p01325,80.58833015702724,22.191739489759236,-0.015351767691940021,0.01034950067041196,0.02771140785248176,0.03371777877659249,-0.33687776181905527,-0.7686396628964509,-36.32304983147764
0.7784498805967569,0.7643583191032628,0.43010369904275886,0.43721365810729096,0.22478154917735835,0.23373267203141257,0.5363835512575047,0.5494320814592916,-9.493043535138295,-9.519023227184162,-15.803458446101986,-15.608636973424039,4.5270687498257285,4.318190903798672,0.013490813343797758,0.013490813343797758,-1.4914599929013692,0.8350207290474281,0.0021744040479226494,-0.0181157636484437,0.020436996625302815,-0.041054644421528695,87.42639716973389,30.89985824891841,813.441907717906,9.941275758351463,164.96366632535515,DESCENDING,15,20,False,p02742,80.69395466380575,22.272228171038435,-0.01409156149349411,0.007109959064532101,0.008951122854054222,0.013048530201786868,-0.025979692045867253,0.19482147267794758,-56.52653892081548
0.7632270399498042,0.7437333226645525,0.35656064109028696,0.36307861858827983,0.2039160125332479,0.21170892008621173,0.50863722176988,0.5276423285898453,-7.224744390305985,-7.662420563892625,-14.372866427501934,-14.688477173855114,5.559551184062949,5.450205645612238,0.01242747334223071,0.01242747334223071,-1.5570661608682166,1.0060282224797261,0.001812499789466206,-0.021825847909583397,0.03715312432869447,-0.04970984829836803,76.24079783685018,25.733580831411114,769.4677719056932,12.360047298438673,116.53312097299644,DESCENDING,15,20,False,p02595,81.02325459670347,22.26072978799855,-0.019493717285251733,0.006517977497992877,0.007792907552963829,0.019005106819965256,-0.4376761735866399,-0.31561074635317965,-50.50721700543906
0.7665796145958266,0.7352648106240509,0.3862370101123385,0.3925538283874732,0.2065760834180038,0.22349962818599686,0.5128485191296551,0.5371817847677985,-9.52293153475499,-9.534226860732609,-15.922823191346867,-15.746733716506709,4.644577398868943,4.425631641917299,0.01298414336403686,0.01298414336403686,-1.5481469003374333,0.9066681263802234,0.0013898205029961226,-0.018583848764232812,0.021389977838142577,-0.04264737495287033,82.19424362505156,28.944496349835084,790.9127849276475,9.092329363554864,243.374655845819,DESCENDING,15,20,False,p01247,80.7250206952112,22.185990298239293,-0.03131480397177566,0.006316818275134695,0.01692354476799307,0.02433326563814342,-0.011295325977618731,0.17608947484015758,-53.24974727521647
0.7602209061718964,0.7382946136815944,0.353410707359761,0.353205467469377,0.18409073439625734,0.1785831552725811,0.49550998993945283,0.49431787171961905,-8.75042608871627,-9.18752253519123,-15.572482300969273,-15.65709826018025,5.150680316556911,4.749348511883425,0.013407286606564428,0.013407286606564428,-1.5200910431937389,1.0642641640410313,0.0007532805918974009,-0.02166673438560307,0.03639686973588427,-0.05052903086501011,64.84892397231708,23.709389184707923,780.1182062592568,8.545857750016095,189.85429679953629,DESCENDING,15,20,False,p01090,80.99218856529802,22.174491915199408,-0.02192629249030198,-0.00020523989038401247,-0.005507579123676248,-0.001192118219833782,-0.4370964464749587,-0.08461595921097675,-41.13953478760916
0.7514704538199768,0.734960676410418,0.3539328214367547,0.35709776459463627,0.19150744672812092,0.19933417917433213,0.4910073558491256,0.5031735336432229,-8.696330698429941,-8.88441327251893,-15.181961878570444,-15.361171832193802,4.68957962419971,4.720626569546258,0.013376621713233727,0.013376621713233727,-1.5271067730974281,0.9900273448752587,5.4236514622173604e-05,-0.01962608887039573,0.022124077272124662,-0.04479970562797397,80.27794334836248,28.582455038154208,791.6702588450054,5.301134498522831,195.68385361206083,DESCENDING,15,20,False,p00660,80.80579237686536,22.151495149119636,-0.016509777409558835,0.0031649431578815723,0.00782673244621121,0.012166177794097344,-0.18808257408898932,-0.17920995362335823,-51.695488310208276
0.7436044547894791,0.7192506483333021,0.3384072630438899,0.34826124942130426,0.17605654299684126,0.18497201081950196,0.465676205861259,0.48879172255419645,-9.606488269928713,-9.836683068531945,-16.473748593062044,-16.39725309551487,5.17786404088344,4.798350866016222,0.012352901180627929,0.012352901180627929,-1.540300297202339,1.0211946314749292,0.0015715114968117086,-0.02196101233697658,0.03896998652901193,-0.05041828205625304,72.5213465882044,25.671587393231636,877.5921623221808,6.423799465540135,240.9318723697053,DESCENDING,15,20,False,p01795,81.02325459670347,22.214736255839007,-0.02435380645617702,0.009853986377414359,0.0089154678226607,0.023115516692937432,-0.23019479860323244,0.07649549754717455,-46.84975919497276
0.6266509651964957,0.6345547406036206,0.2959182250581773,0.2952352963162467,0.09874409040624932,0.1033710942064367,0.3606278358735682,0.37406382451455256,-9.000116455613842,-9.61070220881965,-15.801084995262064,-16.419634088074115,5.100940593511367,5.103140863355059,0.013595536267296593,0.013595536267296593,-1.4336745645444946,0.8044560456136433,0.00224006274219877,-0.017366176166775164,0.01867842748234427,-0.03972181040252655,64.66836209505634,23.41740230219829,627.1070452645789,5.5531087250048214,204.70940493795405,DESCENDING,15,20,False,p04936,80.65667542611922,22.398710384477177,0.007903775407124947,-0.0006829287419305996,0.004627003800187379,0.013435988640984331,-0.6105857532058074,-0.6185490928120512,-41.25095979285805
0.7368539046997239,0.6933741552088454,0.33700719720232,0.3217811054779186,0.18809685353917088,0.17302641955600487,0.49620940895016746,0.4783834936832384,-8.853629754675804,-9.602179400507357,-15.663098500064002,-16.33362812587559,5.068747041380219,5.0169738163406254,0.0134705401322599,0.0134705401322599,-1.5269378192209269,0.8299576959085897,0.0029820332582757864,-0.017704222803491147,0.02130497445123289,-0.040571610328199136,82.44519019365963,29.551387289815743,631.0623370391104,3.9792689754458896,163.24174198192435,DESCENDING,15,20,False,p02736,80.65667542611922,22.272228171038435,-0.043479749490878516,-0.01522609172440137,-0.015070433983166015,-0.01782591526692906,-0.7485496458315524,-0.6705296258115894,-52.893802903843884
0.7250505400022803,0.6929345792991167,0.3106677494355483,0.3075926221815398,0.11492173742061212,0.10609355699953184,0.40992719776562436,0.40962191637596695,-8.922010946326646,-9.294063832585774,-15.622104896719623,-15.980151917298116,4.987666129951232,4.962939664006885,0.00960685005748263,0.00960685005748263,-1.5183771258712735,1.062487500759,0.0003868893857314004,-0.02142422616389173,0.035535367999127696,-0.0504467295557677,62.29090309012307,22.646953809413876,750.1735549098239,8.716601426478707,192.05249633774403,DESCENDING,15,20,False,p00587,80.97354894645476,22.145745957599694,-0.03211596070316358,-0.0030751272540084917,-0.008828180421080287,-0.00030528138965740803,-0.37205288625912836,-0.3580470205784927,-39.643949280709194
0.739719805243429,0.7143800252738967,0.3591134505926913,0.3642565321067959,0.17697225247151763,0.1782209220208673,0.47879318532691434,0.48560724126743265,-9.881783141072376,-10.119899135389309,-16.67160353721598,-16.673290276172168,5.049525503513435,4.80148949709765,0.009003952268743287,0.009003952268743287,-1.5406425104511965,0.8505837983822039,0.0025315002314895895,-0.017909392940736953,0.02134494961688342,-0.04105544270658788,85.08306589771668,30.730663387823363,707.8130685591299,8.63948250618064,260.8457199548753,DESCENDING,15,20,False,p02139,80.67531504496249,22.23773302191878,-0.025339779969532295,0.0051430815141046415,0.0012486695493496847,0.006814055940518315,-0.2381159943169333,-0.001686738956188094,-54.35240250989332
0.6620664502846981,0.6463588377652992,0.297473266900963,0.3207575364059892,0.09162031796691314,0.1267463687447529,0.3691342864276792,0.4103435013502154,-9.315195667157242,-9.76313737786509,-16.052693099873142,-16.53928240586463,4.964756531080207,5.047298847418066,0.013423909512192078,0.013423909512192078,-1.507459546650399,1.029150624640045,-7.597182277334561e-05,-0.020074179222249498,0.02324138434579662,-0.045952259027593624,75.13776460164644,26.6970959764512,795.8325926641545,5.892989405210445,225.7705777219592,DESCENDING,15,20,False,p01066,80.84307161455189,22.174491915199408,-0.015707612519398895,0.02328426950502621,0.03512605077783976,0.04120921492253621,-0.4479417107078483,-0.48658930599148675,-48.44066862519524
0.7049603680940372,0.6890414731352823,0.37183809687728064,0.3779959588274701,0.16832750494976534,0.17111656914674772,0.45151053546591274,0.4674893800456434,-9.042867285488102,-9.148248626701957,-15.435895363931511,-15.557824249359477,4.522734382691863,4.546562585531234,0.011671338347930216,0.011671338347930216,-1.6025468499066757,0.8123121624918774,0.004282752354113901,-0.01673729586161068,0.022996220585111162,-0.03943241358642241,62.971678130151595,24.18892289254086,671.192595673876,9.175740752591828,203.51542301292722,DESCENDING,15,20,False,p02022,80.56969053818398,22.231983830398836,-0.01591889495875487,0.006157861950189469,0.0027890641969823826,0.015978844579730644,-0.1053813412138549,-0.1219288854279661,-38.782755237610736
0.7289648893653846,0.7031997887676082,0.3779815338775244,0.38497331695843456,0.16636219436589433,0.1944908270040427,0.45763502791840227,0.49661180792907605,-9.470344920077432,-9.592414974170579,-15.914386646704198,-15.96118001063743,4.665000873950725,4.582038421873555,0.012809878345103387,0.012809878345103387,-1.501529119017258,1.0222909428583793,-3.700351749255113e-05,-0.02003016110549347,0.022447301654477093,-0.04578659237161418,71.539040356618,25.661938276020056,811.1458253297475,11.88046644896913,240.2039473684211,DESCENDING,15,20,False,p01565,80.8368584082708,22.20323787279912,-0.02576510059777637,0.006991783080910141,0.028128632638148354,0.038976780010673784,-0.12207005409314675,-0.04679336393323119,-45.87710208059795
0.7677485548050325,0.7525406230595063,0.3902638972606177,0.3950846501463315,0.19725384378517863,0.2046281955423065,0.5077767222415583,0.5193375782673197,-9.9225156431684,-9.96193059054255,-16.391220444848464,-16.333611112822016,4.657421240195277,4.595714410522117,0.013193688785420044,0.013193688785420044,-1.4859937677086774,0.8273070044896904,0.0023287538284316863,-0.018040417568039913,0.020407660542036247,-0.04085924563667901,86.33747861156724,30.540537148088074,746.8477061138303,9.60025754231052,235.60257702274697,DESCENDING,15,20,False,p02941,80.68774145752467,22.28372655407832,-0.015207931745526149,0.004820752885713764,0.007374351757127862,0.011560856025761401,-0.03941494737415141,0.05760933202644836,-55.79694146347916
0.7481044160952622,0.7317825416407563,0.3411665567910745,0.35445226517711886,0.18837067487308937,0.2077680835074751,0.499867155886255,0.5230379823834389,-8.74154954407765,-9.104857814120205,-15.679668015613135,-15.960036788261938,5.215301353411518,5.142693868351316,0.010325268179605884,0.010325268179605884,-1.486045521797617,1.0793815588303675,-0.00016667397839052322,-0.02061453478730138,0.024262918566782664,-0.04714777357980605,70.22215823491997,25.681545694379043,720.8730718165357,6.962051901025951,182.21227117280222,DESCENDING,15,20,False,p01674,80.8927772648006,22.208987064319064,-0.016321874454505947,0.01328570838604437,0.019397408634385743,0.023170826497183883,-0.3633082700425554,-0.2803687726488029,-44.540612540540934
0.5309100605242634,0.5081764575070109,0.26421800836827763,0.25313390155815024,-0.031134817234183328,-0.05028768094317396,0.19805244962717072,0.18515934537364065,-8.98566900662156,-9.611245732557732,-16.01258753150304,-16.77322525458306,5.183962070123751,5.446272755718662,0.013506720321826537,0.013506720321826537,-1.578660710405936,0.7115920912265461,0.003801457096334998,-0.01617128467897824,0.02144521115542793,-0.03889063348078548,60.022659680614744,22.541162644564835,492.2515453694886,3.946509823991809,138.84259222237333,DESCENDING,15,20,False,p03305,80.46406603140547,22.306723320158092,-0.02273360301725247,-0.011084106810127392,-0.01915286370899063,-0.012893104253530074,-0.6255767259361722,-0.7606377230800199,-37.48149703604991
0.7005207397152883,0.6423492780104056,0.33258334874638407,0.3337888635480836,0.1500339502653614,0.13008228834239893,0.4405188757345458,0.4300048795579581,-9.510985671104084,-9.74037007687511,-16.54964315311034,-16.5046806239129,5.274553039713903,4.943337745136211,0.013392794224718507,0.013392794224718507,-1.586960302344319,0.8078737293253859,0.00428151228674027,-0.016893464860806957,0.0226013583559895,-0.039556068635028335,67.54150187238464,24.995581369932268,575.3094669272907,9.052961380985707,210.49560398014754,DESCENDING,15,20,False,p02824,80.58211695074615,22.277977362558378,-0.05817146170488263,0.0012055148016995587,-0.019951661922962466,-0.010513996176587714,-0.22938440577102526,0.04496252919743782,-42.545920502452375
0.6212654457522521,0.6168873902388433,0.2619136600950582,0.2684486249223425,0.011503031711668141,0.023062594442715408,0.2742528865896957,0.29430868601166515,-8.48707596604105,-8.948634342384633,-14.950466312852983,-15.537502990333165,4.697420679387553,4.904204927532971,0.009647643599212552,0.009647643599212552,-1.5202874487969833,1.0581810565892602,0.00030286925991454376,-0.021389826621960095,0.03612558778717068,-0.0506712774150914,62.11362094172402,22.463480537131854,729.5938495780694,7.989679909048693,126.09493843173043,DESCENDING,15,20,False,p00387,80.97354894645476,22.134247574559808,-0.004378055513408752,0.006534964827284329,0.011559562731047267,0.020055799421969445,-0.4615583763435822,-0.5870366774801816,-39.650140404592165
0.714829976357741,0.7241239808112654,0.3665449117672194,0.37320295221575917,0.20706017778277444,0.21301620619993628,0.49780141433478814,0.5128706898155275,-7.47584970137768,-7.5071205655571305,-14.341594671772686,-14.659304496855771,5.033983828558742,5.410858830497207,0.01188917015293045,0.01188917015293045,-1.49273726055058,0.7437947271698899,0.003005257740561279,-0.016768374939708414,0.019605117642922432,-0.03965582713875882,66.06552720896521,23.617288440901003,522.3188849294493,9.251170520462136,98.83905143898116,DESCENDING,15,20,False,p05122,80.56969053818398,22.410208767517062,0.009294004453524352,0.006658040448539793,0.005956028417161835,0.015069275480739386,-0.0312708641794508,-0.3177098250830852,-42.4482387680642
0.7568756210060498,0.7404024233644998,0.32629322476484046,0.3422631920894943,0.15840533685420732,0.1837298315731709,0.4655814231941647,0.49528215708244994,-8.226342835004385,-8.599166478348263,-14.944044816026539,-15.158469568154906,4.977658744077169,4.739118631911737,0.01641887263714581,0.01641887263714581,-1.5225674325244716,1.0517758201083842,9.23915335041067e-05,-0.021267682345750365,0.03651549634126445,-0.050874956721040636,62.499649577476745,22.36239171289896,772.548142089273,7.7612936344969174,163.9025211042664,DESCENDING,15,20,False,p00086,80.96733574017367,22.11699999999998,-0.016473197641549975,0.015969967324653833,0.025324494718963586,0.029700733888285258,-0.3728236433438781,-0.21442475212836776,-40.13725786457778
0.7611389157112114,0.7554182673469354,0.3573310970015974,0.3755675062252052,0.18646561036982473,0.21926670264527395,0.489857156732702,0.5303020785199989,-8.940336094261626,-9.152025950091302,-15.547365588058664,-15.751767960896471,4.891308579587573,4.834634693961902,0.012808704355819156,0.012808704355819156,-1.5303226731326038,0.9828232139751757,0.00013724742540966126,-0.019516474119616947,0.021907258366988792,-0.04458037470749747,80.57432690458577,28.693723368166143,764.643148179278,7.730906238242751,228.1719939482722,DESCENDING,15,20,False,p00659,80.79957917058427,22.151495149119636,-0.005720648364275993,0.018236409223607808,0.03280109227544922,0.04044492178729686,-0.21168985582967537,-0.20440237283780682,-51.88060353641963
0.7345659228358399,0.685096979373942,0.3378299200199849,0.3223374689335823,0.17294226957954026,0.15332944166634888,0.478020212686655,0.4535357693058308,-8.571928251414063,-8.922594558411271,-15.552544205615751,-15.953820004207023,5.232750180904197,5.34617159987279,0.02088121948469024,0.02088121948469024,-1.5622774017374426,0.9412120504211304,0.0007792561766917132,-0.018887899959909086,0.022181647007440984,-0.043201723027470905,69.33320285809334,25.43123265067482,599.615469416785,3.1132161229675837,203.48604425345525,DESCENDING,15,20,False,p00052,80.75608672661664,22.11699999999998,-0.049468943461897896,-0.015492451086402625,-0.019612827913191383,-0.024484443380824228,-0.35066630699720847,-0.4012757985912714,-43.90197020741853
0.6556544315780088,0.5717205252359391,0.3261007163077174,0.29824518903608804,0.10508165193021203,0.07723516914368554,0.36540942758501554,0.3435773446537383,-9.4152328046669,-10.158840178535284,-15.647300741567243,-16.374613687059007,4.486946949706427,4.518133391470784,0.01250426081693401,0.01250426081693401,-1.5080427815048068,0.990394611234504,3.2148322439095854e-05,-0.019750621189827053,0.021594635581811406,-0.04517660694170221,71.89533290838436,25.47442336115259,752.041242146545,11.179743086958267,208.43451918844292,DESCENDING,15,20,False,p01561,80.81200558314644,22.20323787279912,-0.08393390634206976,-0.027855527271629377,-0.02784648278652649,-0.021832082931277252,-0.7436073738683842,-0.7273129454917644,-46.42090954723177
0.7892167433876607,0.7483673908906052,0.36980269144923655,0.37313326105852246,0.22725336635255208,0.21758293607788995,0.5411311127526354,0.5343543232953836,-8.52727898047661,-8.805095630316654,-15.221002615884041,-15.139765871551027,4.947688333492572,4.543744487638527,0.012405551778514434,0.012405551778514434,-1.516540423422544,1.0706798916204667,0.0007776799994959551,-0.021643884855489882,0.03510099944470108,-0.0501073552711963,66.75844885313532,24.37322548233395,806.2448425971864,9.02185394427284,157.2628715010482,DESCENDING,15,20,False,p01289,80.98597535901693,22.185990298239293,-0.04084935249705546,0.003330569609285905,-0.009670430274662134,-0.006776789457251797,-0.2778166498400445,0.08123674433301353,-42.38522337080137
0.7894545796857775,0.7682468241957242,0.41030697972417735,0.42808090704181206,0.2352262226229857,0.253338339858692,0.54345983784209,0.5621313532635808,-9.243263374949539,-9.325438424480717,-15.847710150556134,-15.71244375498531,4.856261463273534,4.573943501284032,0.009168329119826568,0.009168329119826568,-1.536785063573965,0.887704961722908,0.0016366605702997907,-0.018439299700960185,0.021104996707724717,-0.042233881647723036,85.26231666936299,30.088471901918027,846.5195005802565,6.654752090920001,243.75305134259062,DESCENDING,15,20,False,p01745,80.71259428264902,22.214736255839007,-0.02120775549005327,0.01777392731763472,0.01811211723570627,0.018671515421490814,-0.0821750495311786,0.13526639557082376,-55.17384476744496
0.7250520127163853,0.7347062211358456,0.3350783549540293,0.36646502906108447,0.13464173167667048,0.20159372583884513,0.4348582260134098,0.5148956346667782,-8.398295105663241,-8.621936877282147,-14.868336108563625,-15.154251810398446,4.6658067233885525,4.754369854151042,0.009514435998438375,0.009514435998438375,-1.5360175391830801,0.9696025242546337,0.00031679335173583864,-0.019329481426051634,0.021700121819963086,-0.044202471438080454,80.97789645848806,28.793917554606033,755.6834850267759,5.850708036150264,156.47790238787093,DESCENDING,15,20,False,p00657,80.78715275802209,22.151495149119636,0.009654208419460297,0.031386674107055146,0.06695199416217465,0.08003740865336845,-0.2236417716189063,-0.2859157018348206,-52.18397890388203
0.6946542176792418,0.6779017344892545,0.3438791696776679,0.3534139166381648,0.14116041692409165,0.16721845001639737,0.41864172841692765,0.4544390526789041,-9.483530014994171,-9.846805248902028,-16.220433956299615,-16.47632173752744,5.037351201808114,4.900484986350934,0.009426208246401724,0.009426208246401724,-1.5274105896485766,0.9666091599173424,0.00032606554756711025,-0.019352148706158052,0.021422588216070654,-0.044343338603525406,78.76168340995349,27.69577585025763,718.9091545724563,7.5547479333188425,250.93626492155863,DESCENDING,15,20,False,p01057,80.78715275802209,22.174491915199408,-0.016752483189987344,0.009534746960496887,0.026058033092305727,0.03579732426197646,-0.36327523390785643,-0.2558877812278233,-51.06590755969586
0.6581409820905187,0.6598838818817686,0.33462097014583314,0.33354716505551585,0.12340089252947088,0.11511853705227698,0.3992606173763906,0.4047571955576921,-10.098354802332636,-10.29208537466959,-16.85770743893361,-16.864849301046817,4.990791512310962,4.8034124274821,0.013539935965247385,0.013539935965247385,-1.48471611255875,0.7910057390329537,0.0030260699139548594,-0.017150015528392876,0.019854845782761678,-0.03986141807849914,67.24859924316407,24.119524922000767,604.3703510154205,12.58387869627438,261.36944252383796,DESCENDING,15,20,False,p04630,80.61939618843269,22.38146280991735,0.0017428997912498634,-0.0010738050903172924,-0.0082823554771939,0.005496578181301448,-0.19373057233695334,-0.007141862113208219,-43.1290743211633
0.6449617830383663,0.622056074381531,0.3016254816998172,0.3085026543087842,0.11035100813946384,0.1297445565921444,0.36370685862882235,0.3939236192347392,-8.10410756309018,-8.592650322961351,-15.29212155420868,-15.913746066019197,5.65734339426554,5.883436015815868,0.010323035434502748,0.010323035434502748,-1.4893973342365123,0.9899013469605866,0.00010542666752043737,-0.020493547271310815,0.02468867016292566,-0.04755619499353979,72.1732073247107,24.615057050204666,731.6729323909424,7.012744659076367,121.702371434054,DESCENDING,15,20,False,p03276,80.90520367736278,22.30097412863815,-0.022905708656835277,0.00687717260896703,0.019393548452680556,0.030216760605916826,-0.48854275987117113,-0.6216245118105164,-47.55815027450603
0.7195352796054193,0.6850609849618813,0.35683806900462073,0.3644461342506927,0.17741372847427203,0.17324684705728144,0.46798928982784127,0.4780020730929332,-9.431360879345908,-9.648855555614137,-15.992593451106181,-16.052073960064494,4.792787545867307,4.619434974120319,0.008875337607567757,0.008875337607567757,-1.5982842799564483,0.832148765633779,0.004161503317919964,-0.016951185450033043,0.023035052089675045,-0.03981773010317822,67.55836390665849,25.713124679170384,628.663127065545,7.774524474461248,171.91274496467065,DESCENDING,15,20,False,p02026,80.59454336330833,22.231983830398836,-0.03447429464353802,0.007608065246071993,-0.004166881416990592,0.010012783265091918,-0.21749467626822927,-0.05948050895831258,-41.8452392274881
0.6227050304081478,0.604455455824473,0.28485028787403643,0.2861856885629445,0.11018134572811772,0.11379017777679688,0.3781276771680257,0.39151742463696865,-9.186361394013169,-9.380751337387336,-16.29051323653797,-16.680530007344366,5.452692701849132,5.726657050287638,0.011271776556695645,0.011271776556695645,-1.5948418974913379,0.8473443143298355,0.0028898479576725295,-0.01743129153536858,0.022956376676916065,-0.04078117216561125,52.68949811593707,21.533767832262644,549.571568085941,5.221984742601434,161.91393098148455,DESCENDING,15,20,False,p00534,80.64424901355704,22.145745957599694,-0.01824957458367482,0.0013354006889080838,0.003608832048679164,0.013389747468942947,-0.19438994337416737,-0.3900167708063975,-31.155730283674426
0.4888108481047498,0.47832245041256566,0.25750646931893856,0.25425061800859444,-0.0380323307037854,-0.032398936692767256,0.16423213547197676,0.18551583258806326,-10.091579072561357,-10.692280113879571,-17.364048373960408,-18.204059509511396,5.5802014154140105,5.929263710047824,0.0083009184316577,0.0083009184316577,-1.574020620632869,0.711892380315624,0.00379407979811791,-0.016277651260660393,0.021338047192085426,-0.038884890310620014,65.61627481798804,23.8027988576366,499.1852293079182,4.906829666112317,193.9105555200204,DESCENDING,15,20,False,p03908,80.48270565024873,22.34121846927775,-0.010488397692184126,-0.0032558513103441156,0.005633394011018145,0.021283697116086492,-0.6007010413182137,-0.8400111355509878,-41.81347596035144
0.645437024325906,0.6405372568014503,0.31747782027033644,0.31984548025147985,0.09964020489707318,0.09989462731323961,0.37101557689449244,0.3888808735371538,-8.862662154953373,-9.166612620454748,-15.812379375965318,-16.059111400836944,5.125896696689237,5.04421713885382,0.008215414885102468,0.008215414885102468,-1.5403892073563221,0.6879644533734779,0.003304772416201765,-0.016346057373611413,0.020638605528082225,-0.03893917484340111,67.65866809745594,23.896508689990206,572.2119606056248,4.091579132492362,187.38828401042403,DESCENDING,15,20,False,p04508,80.48270565024873,22.375713618397405,-0.004899767524455645,0.0023676599811434107,0.0002544224161664388,0.017865296642661344,-0.3039504655013747,-0.24673202487162627,-43.76215940746574
0.6599569116998831,0.6525650284659381,0.3109234335745969,0.3095038501270233,0.11708640715799772,0.1433481659966475,0.38488779201436724,0.4218214454184473,-9.254493422170128,-9.765246157060988,-16.024012294079267,-17.016358014715056,5.127137202796328,5.735932956805414,0.010208526477943125,0.010208526477943125,-1.473276318969428,0.9714855983649556,2.8996667607100558e-05,-0.019994009005133588,0.02241770594071829,-0.046133232043648546,66.15885195214857,23.531391519574335,650.4981407585713,5.341428697091585,148.62246603385822,DESCENDING,15,20,False,p02768,80.85549802711407,22.272228171038435,-0.007391883233945018,-0.0014195834475735913,0.02626175883864977,0.03693365340408006,-0.5107527348908594,-0.9923457206357895,-42.62746043257423
0.7254865049858319,0.7074671668753011,0.3458562757591227,0.36162750388839815,0.14404526939461365,0.17057842161520734,0.42879482845649175,0.46256802820893334,-8.726318136547103,-9.279536814352966,-15.271378353376255,-15.691641084206015,4.745575704170187,4.626118217388136,0.009482404859974536,0.009482404859974536,-1.516867428443497,1.0083616901813452,-2.3151722044444094e-05,-0.019853899297443186,0.0227243818584642,-0.04540907744016124,77.56393157411539,27.472729933327255,800.8288959687493,4.818665748775249,164.38627485511194,DESCENDING,15,20,False,p00863,80.82443199570862,22.162993532159522,-0.018019338110530803,0.01577122812927545,0.026533152220593686,0.033773199752441585,-0.5532186778058623,-0.4202627308297604,-50.09120164078813
0.7110007886702189,0.6815893912279907,0.33357818017778496,0.3449231192753479,0.14200483494031765,0.14843030437538535,0.42935738443428456,0.4540715508913059,-8.839854661981375,-9.051861944661756,-15.530949545598656,-15.626091149690847,4.89972689407498,4.819790989349538,0.013231277112427331,0.013231277112427331,-1.5959498900711495,0.8479537099849015,0.003835612730229878,-0.017184423380455175,0.02293402804390613,-0.04021103772063523,70.85500460901287,26.920006292627583,625.9009287427368,8.76203582983244,168.53369710431863,DESCENDING,15,20,False,p01929,80.6131829821516,22.226234638878893,-0.029411397442228204,0.011344939097562956,0.006425469435067693,0.024714166457021347,-0.21200728268038027,-0.0951416040921913,-43.93499831638528
0.56309969186783,0.5341912274168104,0.2842130711102231,0.285852198742386,0.0033585749693229323,0.045787693171534666,0.23540466800362497,0.2868613048996389,-9.813269483210597,-10.612789683624069,-17.005360470658008,-17.831279202160804,5.4339946598911135,5.509874274191203,0.009026259829976069,0.009026259829976069,-1.6096011581541445,0.8149908291901977,0.0042797722956847365,-0.0166442164521064,0.023238977285520507,-0.03934118005752577,58.44401162390071,23.006830195459113,550.022953168133,3.3476696739716547,205.99633811658472,DESCENDING,15,20,False,p01621,80.56347733190289,22.208987064319064,-0.02890846445101969,0.0016391276321628956,0.042429118202211735,0.05145663689601393,-0.7995202004134718,-0.8259187315027958,-35.43718142844159
0.7155536780220244,0.7091561795633102,0.3460352131042322,0.35785261182570505,0.15198048022850497,0.17264367728126107,0.4421031457431687,0.4722346195367967,-9.073502695835705,-9.470377895982134,-15.548123517704479,-15.938717625499462,4.664388133208533,4.6847961245865255,0.012278786666758412,0.012278786666758412,-1.4740117599340696,0.8339349430850013,0.002011532983291285,-0.018212108172457015,0.020200642413872583,-0.04119408650640121,87.11273265558695,30.701696325456876,890.2891466048145,3.2691194113412734,155.69574502119485,DESCENDING,15,20,False,p03043,80.70016787008684,22.289475745598264,-0.006397498458714179,0.01181739872147286,0.0206631970527561,0.03013147379362796,-0.39687520014642885,-0.3905941077949837,-56.411036330130074
0.787455415684025,0.7612884178865119,0.39576256985504,0.4010594470792762,0.2386254404994241,0.24166389701888816,0.5443032375705298,0.5539418557845726,-9.740873306931057,-9.928344264748162,-16.430943478121208,-16.19437506775664,4.969414349443337,4.513505208138904,0.010068452803295491,0.010068452803295491,-1.5041766358468398,1.069431433487898,0.00040687831832804367,-0.02116306134278339,0.029333052938605515,-0.04859045151338836,71.05376135147904,25.53499838508243,807.4774898772469,10.481402941600109,228.5738600899444,DESCENDING,15,20,False,p01882,80.94248291504931,22.22048544735895,-0.02616699779751308,0.005296877224236218,0.00303845651946405,0.009638618214042771,-0.187470957817105,0.2365684103645691,-45.51876296639661
0.6078516854111355,0.598055658922285,0.28713276141875055,0.2901383895372183,0.060117402328201286,0.0660240324504949,0.30537103796108533,0.3272840643739762,-8.689586002048923,-8.913977971768992,-15.75856867449756,-16.113469564697176,5.274283236106549,5.449320504111555,0.009576547460830698,0.009576547460830698,-1.5361058836175263,0.7241962872047215,0.0034268298391644998,-0.015471671550927175,0.022841198963141712,-0.037558609616209285,55.87832870029684,24.23593685459022,573.2328102481995,2.442930344275421,109.3442994395517,DESCENDING,15,20,False,p00202,80.4454264125622,22.128498383039865,-0.009796026488850584,0.0030056281184677736,0.005906630122293616,0.02191302641289089,-0.22439196972006847,-0.354900890199616,-31.64239184570662
0.6485374384394621,0.6283063564681787,0.3047311111484056,0.3193691443637864,0.09441867400590935,0.15081970713340223,0.3673265460584684,0.43322716684768936,-9.377289277670195,-9.76616716465885,-15.959153193660928,-16.699840231219955,4.817320176862517,5.246408841571977,0.011109586044266928,0.011109586044266928,-1.5782911002600764,0.8664308518798218,0.002229951211178647,-0.017916292894785007,0.02209039307412498,-0.04135544768867122,65.55357477128834,24.824352551857785,569.7886937343033,4.210710605963036,167.27385053770362,DESCENDING,15,20,False,p00740,80.68152825124358,22.15724434063958,-0.020231081971283427,0.014638033215380764,0.05640103312749288,0.06590062078922099,-0.388877886988654,-0.7406870375590273,-40.729222219430554
0.6605667892998319,0.642676019312847,0.31550825506122226,0.3025150573917755,0.09101159023052706,0.07366273476997988,0.36751363390273084,0.3541294929800469,-9.03426776743884,-9.308564609824138,-15.744524298207038,-16.088242479092425,4.891401707526042,4.97197785023764,0.013417973295162589,0.013417973295162589,-1.4745252607375268,0.7819604889838698,0.002934935105176037,-0.017070090518253665,0.019414602829505072,-0.03977089445927892,65.36137439647732,23.52457123233454,589.8260383848775,5.3426027133029015,217.7490114447375,DESCENDING,15,20,False,p04929,80.6131829821516,22.398710384477177,-0.01789076998698491,-0.012993197669446788,-0.01734885546054718,-0.013384140922683918,-0.27429684238529894,-0.3437181808853875,-41.83680316414278
0.7129991205402862,0.7434340262999951,0.3396222651179668,0.35551508678176286,0.166163610941872,0.18778169587423993,0.4645387360527964,0.49454083041975483,-8.890973259817823,-9.326892005232724,-15.663514035927083,-15.933580722818217,5.025934274188482,4.832122372390484,0.013312007050689134,0.013312007050689134,-1.4771812546814465,0.8091508135156112,0.0027481035566790874,-0.01748348038449812,0.01996338009176917,-0.04004175308153672,73.66427727669837,26.129057270380482,647.2659811385979,6.582259348292743,183.78068997676476,DESCENDING,15,20,False,p04035,80.65046221983813,22.34696766079769,0.030434905759708863,0.015892821663796075,0.021618084932367942,0.030002094366958443,-0.4359187454149005,-0.2700666868911341,-47.535220006317886
0.6057649918880235,0.5839935431607708,0.28154632526774,0.27748526887567776,0.03533372587873087,0.027343723296308256,0.29075031976708193,0.2897745702119686,-8.773378649798008,-9.283332001826052,-15.970228074262623,-16.682670028251167,5.42769256889513,5.733603622546117,0.011330996807366156,0.011330996807366156,-1.561790270265151,0.7074681559059,0.0035873883324757418,-0.015929889098965706,0.021453619958759617,-0.03861789234967358,60.166398032288555,22.893315385356885,534.4821531421993,2.4147974529630103,125.89725457570714,DESCENDING,15,20,False,p02601,80.43921320628111,22.266478979518492,-0.021771448727252674,-0.004061056392062223,-0.007990002582422613,-0.0009757495551133144,-0.5099533520280435,-0.7124419539885434,-37.27308264693167
0.7639752691391909,0.7297702158562223,0.3674788942068077,0.3659126487616344,0.2121240726722281,0.20897145720341434,0.5209301465058159,0.5248649224948174,-9.26350587964118,-9.453657459991385,-15.85348096783035,-15.974243899969256,4.842495920964741,4.759857133573393,0.008859886344172674,0.008859886344172674,-1.5194408242921937,0.838218245998211,0.0025621687997857976,-0.01790919088176879,0.021021447449683872,-0.04088533819767814,85.81257240776604,30.664486052785108,680.4570412735186,8.202611066869375,198.65979713152666,DESCENDING,15,20,False,p02539,80.67531504496249,22.26072978799855,-0.034205053282968634,-0.0015662454451733088,-0.003152615468813763,0.003934775989001493,-0.1901515803502054,-0.12076293213890565,-55.14808635498093
0.7304900777863262,0.7124321904296544,0.35159263356837706,0.36377697911768014,0.17434252377148265,0.18863515325130253,0.4632208930934985,0.4931613262436043,-8.717627750258663,-9.110414566208773,-15.54183677946488,-15.664086704463296,5.090555220557864,4.801684955869383,0.008985744737969203,0.008985744737969203,-1.5664287079825359,0.8388660510291424,0.003476561761658027,-0.017418571556617305,0.022198322621207193,-0.040379762894759766,79.2547610188923,29.062635006695775,666.1474145654678,7.7941331754767695,137.12036029694096,DESCENDING,15,20,False,p02432,80.63182260099487,22.254980596478607,-0.018057887356671798,0.012184345549303088,0.01429262947981988,0.029940433150105805,-0.3927868159501102,-0.1222499249984157,-50.192126012196525
0.6843572652967745,0.6704983519498664,0.3517794050889937,0.3460434782262557,0.15476420859873077,0.14101824102016491,0.4363781034623424,0.431644473652371,-9.246866061858166,-9.480937433599681,-16.098406707483683,-16.192595789898515,5.056629696726607,4.85541215640444,0.013451139264018752,0.013451139264018752,-1.527618930763027,0.7378080998222617,0.003438002655815981,-0.016661541836885257,0.02045815605378847,-0.03929998807308044,68.85771082394743,24.60352083058118,572.3438180751265,9.490848291439914,185.63123075810054,DESCENDING,15,20,False,p04618,80.54483771305962,22.38146280991735,-0.013858913346908142,-0.0057359268627379945,-0.01374596757856586,-0.004733629809971385,-0.23407137174151593,-0.09418908241483237,-44.25418999336625
0.7112842423746784,0.6523142362203974,0.32874708498246236,0.31187342791870104,0.1735767670411874,0.13888118596186483,0.4641854456128093,0.43255291866109324,-8.631161181830038,-9.555850643300221,-16.07024104688105,-16.546993448924855,5.942696703658993,5.361635535431478,0.013142080559331082,0.013142080559331082,-1.5464880571502353,0.9582004066090611,0.0005749284116570977,-0.020039191929860395,0.027235325813604692,-0.04795154286699551,66.92659237154209,24.768276539162134,679.4620639511659,5.272647373719615,184.6314178877899,DESCENDING,15,20,False,p05191,80.99840177157911,22.410208767517062,-0.05897000615428094,-0.016873657063761316,-0.03469558107932258,-0.03163252695171603,-0.9246894614701837,-0.47675240204380387,-42.158315832379955
0.5590949149561903,0.5565231838144946,0.25635638254216225,0.26482189125933936,0.018324932512723487,0.026483190040620223,0.27497384558098775,0.27407599727171705,-10.190059730922767,-11.24234646143113,-16.540326239811126,-17.84883472830854,4.5666498773321935,4.949341354890526,0.012660333932035917,0.012660333932035917,-1.5019252826967406,1.0620599161197686,-0.00019225720968372035,-0.02040210077849998,0.024850423696290244,-0.046862621143134435,74.15183296935868,26.258480255520976,808.2774771457392,6.0261923440226655,195.11852996269667,DESCENDING,15,20,False,p00871,80.87413764595733,22.162993532159522,-0.0025717311416957322,0.008465508717177106,0.008158257527896735,-0.000897848309270699,-1.0522867305083619,-1.308508488497413,-47.8933527138377
0.6418332944033983,0.6275186899153008,0.31730026851739934,0.3180307199389535,0.10543367135100894,0.10273370395092779,0.36586980033173144,0.37953569006427873,-9.392053842069764,-9.521527911086892,-16.34488535142198,-16.346296024744888,5.144007912608936,4.996078884500725,0.008447702941355995,0.008447702941355995,-1.470742273689452,0.768771185121551,0.0027578731000867714,-0.016884923217847802,0.019180363154719902,-0.04008079453913736,64.08936227772335,23.023631925016776,575.4035299381582,5.738610396458871,241.75110660125597,DESCENDING,15,20,False,p05427,80.60075656958942,22.42745634207689,-0.014314604488097515,0.0007304514215541458,-0.0026999674000811463,0.013665889732547287,-0.1294740690171281,-0.0014106733229084512,-41.06573035270658
0.5147113428850413,0.48480816600645166,0.2708341311934374,0.26028553479530037,-0.037696413207517473,-0.040329023092940064,0.16392134479229822,0.1787770583701551,-9.729234345622686,-10.093059971737901,-16.575776680950042,-16.903591483721097,5.037529569808526,5.056522208921657,0.011455773814406878,0.011455773814406878,-1.5977280616813492,0.7333004187950808,0.004185023348491949,-0.016115925733765815,0.02209792465238553,-0.03865776311145974,58.86007836401136,22.273428090093777,534.124856009215,5.1417109305004445,172.07736304876494,DESCENDING,15,20,False,p02707,80.47649244396764,22.272228171038435,-0.02990317687858962,-0.010548596398137045,-0.0026326098854225904,0.014855713577856866,-0.3638256261152151,-0.327814802771055,-36.586650273917584
0.63057208183171,0.6081255169925175,0.3109850148810985,0.3060058282931853,0.08226254313386656,0.07633924917853596,0.34427638674345623,0.34903236751879646,-8.974670345877048,-9.367676904709782,-15.925277652142611,-16.46877256748339,5.13696640256513,5.325376701939288,0.009142475569164699,0.009142475569164699,-1.5137093524043592,0.67274460047672,0.0028932166027786648,-0.01642852178400829,0.019975622401842544,-0.039104613385794414,67.20084675087774,23.124355369071434,529.2679627724551,4.315734906448913,218.9841027454509,DESCENDING,15,20,False,p05209,80.48891885652982,22.415957959037005,-0.022446564839192495,-0.004979186587913187,-0.0059232939553306024,0.0047559807753402294,-0.3930065588327345,-0.54349491534078,-44.076491381806306
0.6484575839083608,0.6050121750602423,0.326018980770801,0.318911522102371,0.13798390545569875,0.13772123404438394,0.3994145510732523,0.40139140444687205,-9.519798338787457,-9.781730434086427,-16.40414291890995,-16.746868372803917,5.216020671210389,5.316955947981838,0.009537223340442047,0.009537223340442047,-1.5406644399324534,0.9240080174122934,0.0010734531192944385,-0.018816594943990073,0.02135582859258169,-0.043172567247875396,83.00942334301395,28.60219570969882,729.4968250263576,7.333657939848537,165.44068151271998,DESCENDING,15,20,False,p01350,80.74366031405447,22.191739489759236,-0.04344540884811854,-0.007107458668429989,-0.00026267141131480765,0.001976853373619747,-0.2619320952989703,-0.3427254538939657,-54.40722763331513
0.78347587285753,0.763921698996454,0.3909832333803603,0.3994504273802203,0.2128209048105828,0.2203366679093751,0.5180774550750805,0.5239425242428932,-8.43549854130522,-8.823294392968881,-15.029061723380778,-15.305187913580196,4.791393225024006,4.703818140566086,0.009360762651615229,0.009360762651615229,-1.5394016795858834,0.8817596788632113,0.0017547095077464173,-0.018358288660087218,0.021120774543097676,-0.04203838502487834,85.96509322510462,30.481182602878032,817.246210969385,6.646303794632145,201.1601475601365,DESCENDING,15,20,False,p01744,80.70638107636793,22.214736255839007,-0.01955417386107594,0.008467193999860012,0.0075157630987922885,0.005865069167812709,-0.38779585166366104,-0.27612619019941853,-55.48391062222659
0.712615013275635,0.698893731568115,0.3591139038314463,0.3683557585818229,0.1585229238325218,0.16799724144563621,0.44040090518610436,0.4655920730756296,-9.06742545737664,-9.369153350224977,-15.488625006183762,-15.736006948610761,4.641545153925891,4.588704363831398,0.012278786666758412,0.012278786666758412,-1.462375749094889,0.827270030510726,0.002025557214257231,-0.0182061862833842,0.020038415975430417,-0.04109805047214418,86.99845795431277,30.63994691798287,886.4068630999783,5.592855361696309,144.42842893570472,DESCENDING,15,20,False,p03143,80.70016787008684,22.295224937118206,-0.013721281707520072,0.009241854750376588,0.009474317613114402,0.025191167889525246,-0.3017278928483371,-0.2473819424269994,-56.3585110363299
0.6065265831912874,0.5717599290817021,0.3158422840939195,0.2905189181210213,0.050064320333172145,0.0230810469776026,0.2986271787278776,0.2713683844751001,-9.357284683295036,-10.107519448966558,-16.126761037651058,-17.03265466650807,5.056710177442139,5.205300027103156,0.009467289159805103,0.009467289159805103,-1.5959302235296748,0.7851755642308373,0.0038332042631873814,-0.01644651007265897,0.023793141810240646,-0.03939952685553906,50.41833178754913,21.477415732037333,539.4808047973994,3.0797111312159196,193.86512517914184,DESCENDING,15,20,False,p00321,80.56347733190289,22.134247574559808,-0.03476665410958524,-0.025323365972898193,-0.026983273355569545,-0.027258794252777496,-0.7502347656715216,-0.9058936288570116,-28.940916055511796
0.6637593920925567,0.6429627175310534,0.311668476082469,0.3235609676841829,0.09851334866482597,0.12599063858140527,0.38071796879638653,0.4133196470205831,-9.517538609931576,-9.89902112408526,-15.993855295388034,-16.443039698514916,4.714597927590262,4.818562917045214,0.009024533187523609,0.009024533187523609,-1.6081611737571855,0.847720351673727,0.0040333689455966035,-0.017008872046826374,0.023273222942256984,-0.040019298517214134,65.88312549617169,25.46038643591595,566.1816974216997,3.881399740729481,165.0949058143817,DESCENDING,15,20,False,p01727,80.60075656958942,22.214736255839007,-0.02079667456150336,0.011892491601713906,0.0274772899165793,0.03260167822419657,-0.38148251415368506,-0.4491844031268819,-40.422739060255736
0.6001118221448755,0.5857689667620682,0.2850424686259511,0.2878838308155784,0.042260368365209126,0.026819366177697406,0.29835596881218157,0.2879967503110205,-9.927821112826837,-10.440519549712356,-16.347903678478353,-16.88127923664721,4.630774611023667,4.722852392669664,0.012715337274838312,0.012715337274838312,-1.520843285383429,1.0215955323613297,-8.495849683572543e-05,-0.01996686067377566,0.02380718766700812,-0.04576924948494182,75.3220064653121,26.4426966986229,831.7795803971806,5.437395900064056,231.19701313260722,DESCENDING,15,20,False,p00365,80.8368584082708,22.134247574559808,-0.014342855382807218,0.0028413621896272723,-0.01544100218751172,-0.01035921850116106,-0.5126984368855183,-0.5333755581688564,-48.879309766689204
0.764552796017927,0.7312694277201645,0.36075215617942674,0.3413917668242603,0.2179722234035269,0.17392954055055926,0.5211661993571339,0.4857436036128746,-8.918354637924665,-9.672714371949713,-16.24497151846926,-16.47488632488765,5.73988452590917,5.167357993738724,0.013622209373560179,0.013622209373560179,-1.5730656652567765,0.9762582250495592,0.001445978862755688,-0.02098003778064492,0.03315233056733479,-0.049116284725044555,80.09115783968112,28.32307811201054,744.828060555873,7.715077061609091,190.04336675215677,DESCENDING,15,20,False,p04396,81.02946780298456,22.36421523535752,-0.03328336829776257,-0.01936038935516643,-0.04404268285296764,-0.03542259574425932,-0.7543597340250479,-0.2299148064183889,-51.76807972767058
0.7111739313215671,0.7298692724030486,0.33547766596009276,0.34602381524295733,0.136761751385046,0.149877753607459,0.43644347700271313,0.46336196570008664,-9.22586311639323,-9.784074012738577,-15.909136559330014,-16.358452448606126,4.927026544154556,4.8195792371887665,0.01330006923418603,0.01330006923418603,-1.495892597404018,0.8132512740575709,0.0029495080332237267,-0.017563995440643534,0.020550987979285645,-0.040198547796545116,76.14694222235809,26.983532614202346,613.7195788766843,5.534693910179538,244.50815386829072,DESCENDING,15,20,False,p03635,80.65046221983813,22.32397089471792,0.01869534108148141,0.01054614928286457,0.013116002222412992,0.02691848869737351,-0.5582108963453472,-0.44931588927611266,-49.163409608155746
0.6961673354400026,0.6844036205762286,0.32676576789885436,0.3347682612053079,0.17076686223558565,0.1857912122657526,0.45547966709753623,0.4719494149709522,-8.478714135235489,-9.270613022285593,-15.735508380505529,-16.61518953109759,5.720121614933715,5.8223892582823655,0.013054909254905933,0.013054909254905933,-1.5181705602525764,0.9312807799172174,0.0003284181273656309,-0.01984702498569391,0.0252782065355897,-0.04726616054039671,64.68384237685343,24.056538027350918,655.8956953642381,4.938797981096889,155.52835465826516,DESCENDING,15,20,False,p04985,80.96112253389258,22.398710384477177,-0.011763714863774033,0.008002493306453529,0.015024350030166944,0.016469747873415985,-0.7918988870501042,-0.879681150592063,-40.627304349502516
0.7628649134300909,0.7432039793516031,0.38840751396785445,0.3889233628206138,0.25340719099630604,0.2492516743495373,0.5615381271799884,0.5629460135986446,-8.8292725302749,-8.672462362187925,-15.673205352904974,-15.382095984064307,5.080989339628813,4.879342100938948,0.022324523577623157,0.022324523577623157,-1.5430495193757108,0.9879474274583062,0.0001274575618040483,-0.019486064927750766,0.022404204882488336,-0.044398613978026295,72.73344821720333,26.254540657822464,718.5491099215743,8.792904406588766,199.84986223125026,DESCENDING,15,20,False,p00059,80.79957917058427,22.11699999999998,-0.01966093407848779,0.0005158488527593486,-0.004155516646768748,0.0014078864186561901,0.15681016808697557,0.29110936884066696,-46.47890755938087
0.7067214175061262,0.693867098846389,0.34947040093871495,0.3581975489338712,0.15894270018407755,0.1676135009597233,0.44722966890979976,0.4660970863095471,-9.00369540567427,-9.215797248333512,-15.828166184405744,-15.97334703094738,4.977328101709963,4.870163132695302,0.011933084289267759,0.011933084289267759,-1.572084180836917,0.7514429134830459,0.003998154259700911,-0.016576645101690792,0.021470285285011027,-0.03909682759251194,68.16512743443468,24.706096807753077,598.1526224488987,11.049906869289243,185.65216279088355,DESCENDING,15,20,False,p03816,80.53241130049744,22.335469277757806,-0.012854318659737185,0.008727147995156226,0.008670800775645748,0.018867417399747344,-0.21210184265924248,-0.14518084654163665,-43.4590306266816
0.76042636157374,0.7581788125373252,0.40017635323419115,0.41263153237369876,0.20872462471197326,0.21331411841977216,0.5174622722003231,0.5282563758415959,-9.044705245879841,-9.000678877623935,-15.297154310834848,-15.083535161059224,4.488395725819946,4.296627223827083,0.013169203851501665,0.013169203851501665,-1.4359368133004569,0.8433253439664844,0.0014237436631410359,-0.018337962449358845,0.0194627439154399,-0.04153895768739034,76.29913414113048,27.19383387853284,857.566581116628,9.872410512260839,162.06420250573666,DESCENDING,15,20,False,p03647,80.7250206952112,22.32397089471792,-0.0022475490364147754,0.01245517913950761,0.004589493707798903,0.010794103641272756,0.044026368255906334,0.21361914977562435,-49.10530026259764
0.7486454847658243,0.7206330974012848,0.3353780023247654,0.33277603330554045,0.17595966078159128,0.17328036655850443,0.4878833815729233,0.4914852244584061,-8.751595560069877,-9.177734192640902,-15.540829341796115,-16.020278028423892,5.033411977775994,5.13825945072282,0.012775267987186423,0.012775267987186423,-1.4955541367077028,1.0857241420892998,0.000130265655872927,-0.021016062704067934,0.02764993340470423,-0.048237678185232585,69.68047664069783,25.47242365875384,731.4141250714384,7.331618813036793,186.77460900082903,DESCENDING,15,20,False,p01679,80.92384329620604,22.208987064319064,-0.02801238736453948,-0.0026019690192249367,-0.0026792942230868533,0.0036018428854827644,-0.4261386325710248,-0.4794486866277765,-44.20805298194399
0.582473004081072,0.5843875308408955,0.2585308069466574,0.25455976127037955,0.020633894742031735,0.004956420444417468,0.2948176385975501,0.2834547553348689,-9.814024437007065,-10.413239903612022,-16.431857922024847,-17.208308956502005,4.929673994303112,5.200871345015821,0.012849659628928367,0.012849659628928367,-1.50671259146266,1.084323489745644,0.0005631006567487364,-0.021434776895417753,0.03184690716467565,-0.04923653101804327,68.6903261237771,25.165853039191585,719.2789329619671,6.015855103086185,185.89474484569092,DESCENDING,15,20,False,p01485,80.96112253389258,22.19748868127918,0.0019145267598233984,-0.003971045676277873,-0.015677474297614267,-0.0113628832626812,-0.5992154666049565,-0.7764510344771587,-43.52447308458551
0.7002102731698423,0.6889252172861332,0.34598213282442347,0.35638673399515464,0.16073752771821426,0.16966703473664996,0.44797837764910287,0.46799700240464664,-8.558160551582217,-8.789378348028645,-15.357959229489948,-15.495141661359906,4.959129152135304,4.875883942455984,0.008854820503862437,0.008854820503862437,-1.5638788787167948,0.740867308350476,0.0038519225352694787,-0.01654352581943899,0.021200084049654244,-0.03907235863697531,68.96676878949604,24.89714455358972,616.3852758861888,8.82640435436281,153.86715012743107,DESCENDING,15,20,False,p04015,80.52619809421635,22.34696766079769,-0.011285055883709094,0.010404601170731165,0.0089295070184357,0.02001862475554378,-0.23121779644642793,-0.1371824318699577,-44.069624235906325
0.7875279034781043,0.7610289984896985,0.4097552980550498,0.4065210909519652,0.22640585510525227,0.22248831087189622,0.5308652341724643,0.5355314941405882,-9.85791593239774,-9.615502230431408,-16.202926352905294,-15.882768544092912,4.606114179278445,4.538706919506737,0.013633376378519468,0.013633376378519468,-1.5505383898280416,0.9786539506825427,0.0008839073708204174,-0.02065489994636405,0.029168796809691616,-0.048361959413590366,76.33103919507379,26.633700446856498,877.3713703392885,12.287455540902371,194.78291971386332,DESCENDING,15,20,False,p04290,80.99218856529802,22.358466043837577,-0.02649890498840579,-0.0032342071030845854,-0.003917544233356052,0.004666259968123865,0.24241370196633127,0.3201578088123824,-49.69733874821729
0.7074224741302049,0.689717598382598,0.33363401129367565,0.3524509695444701,0.1471567485483295,0.16109253496150422,0.42502220355728715,0.45808114130830924,-7.363067214849298,-7.414278178120762,-13.614569361676818,-13.497854988846067,4.521821080814065,4.316902043741309,0.010305052208219756,0.010305052208219756,-1.4894073610504495,1.0044363956506286,7.573555839824018e-05,-0.020544076764641296,0.024848868662917172,-0.047597749076306296,72.51921849181184,25.017868620418295,840.999000239943,14.2740782212269,114.24170199152205,DESCENDING,15,20,False,p02976,80.90520367736278,22.28372655407832,-0.01770487574760682,0.018816958250794436,0.013935786413174722,0.03305893775102209,-0.05121096327146368,0.11671437283075115,-47.50134987139354
0.5461222855693846,0.5207437994488182,0.2744625465404042,0.27116851873886216,-0.025826901396060333,-0.023833703982292023,0.1862986157854211,0.20531275347268235,-8.656541353423474,-9.301906190312947,-15.799740083395848,-16.467943722803227,5.344168218598549,5.445905636628187,0.008778854782979795,0.008778854782979795,-1.6035155462889243,0.7381223639064263,0.004286959716450835,-0.01613977237533193,0.02222294890330432,-0.038644808458475205,58.56677414622748,22.1547154765116,525.7471921797005,4.957418725201585,105.07313131959552,DESCENDING,15,20,False,p02708,80.48270565024873,22.272228171038435,-0.025378486120566368,-0.003294027801542032,0.00199319741376831,0.019014137687261262,-0.6453648368894722,-0.6682036394073787,-36.412058669715876
0.7248935646707214,0.6973508981552292,0.33392503536705975,0.32789350531081485,0.18203945679020267,0.20237979509838785,0.4878225200440692,0.5157682073048137,-8.675725762238821,-8.920106171266397,-15.322091389212837,-15.748226136882632,4.859765114602501,5.1312330190669675,0.011323080724801371,0.011323080724801371,-1.5929726490445417,0.8558176310918906,0.003015462551110109,-0.017483294967391882,0.02274607611630469,-0.04079254353571985,62.561166210192,24.75141304001294,570.1458147191163,3.990139495947131,134.41962280553471,DESCENDING,15,20,False,p01034,80.64424901355704,22.174491915199408,-0.027542666515492198,-0.006031530056244905,0.020340338308185185,0.02794568726074448,-0.24438040902757585,-0.42613474766979564,-37.80975317017906
0.7305275891180184,0.6728995470959814,0.34310990481568304,0.3321253877597866,0.17405507961573838,0.15020912431473415,0.46298286950592055,0.44710850570268207,-8.744629269255563,-9.474107609493352,-16.154377974939678,-16.63821862034493,5.899194736341865,5.591034707555219,0.011036211702381893,0.011036211702381893,-1.5636184986741277,0.9601105888251136,0.0007444924327235221,-0.020326015693214218,0.028872990327148112,-0.04859412773766555,69.10306743200681,25.435079364445965,693.5492743894637,4.340973021352767,205.2287990666157,DESCENDING,15,20,False,p05092,81.0046149778602,22.40445957599712,-0.057628042022036974,-0.010984517055896426,-0.023845955301004224,-0.015874363803238478,-0.7294783402377885,-0.48384064540525173,-43.66798806756084
0.6915700570151337,0.6515277956383924,0.3167824914447971,0.30434346134846085,0.12989450240383907,0.0923894812324492,0.4146206037794667,0.3786672042818078,-8.409524003239207,-9.004441253058415,-15.008063713903391,-15.588349220497049,4.863270474186462,4.845959950224842,0.009590694990253112,0.009590694990253112,-1.5319981164353405,1.034932603949141,0.0014136261578048624,-0.02196068919835445,0.038651105296359116,-0.05048182473261237,70.7791016895113,25.50209398112742,882.0067778978125,8.060704997399274,144.65617572920428,DESCENDING,15,20,False,p01494,81.01704139042238,22.19748868127918,-0.040042261376741384,-0.012439030096336234,-0.037505021171389874,-0.03595339949765891,-0.5949172498192077,-0.5802855065936576,-45.27700770838388
0.7313770295776861,0.6923271345352815,0.3299350892534186,0.32071836478903976,0.20373240109525104,0.17395540273711782,0.5038010991428621,0.4850047995775806,-8.0347151841214,-8.50921741989216,-15.42456193741804,-15.988734262487847,5.851682366790377,5.970250286656596,0.013659333806069984,0.013659333806069984,-1.5731808153167817,0.9686560836776162,0.0010577479538995745,-0.020512612305046026,0.03115830508119086,-0.04901886013389943,71.53500654379819,26.318566583586435,674.0471452452905,4.576842088343085,144.93767279624512,DESCENDING,15,20,False,p04996,81.02946780298456,22.398710384477177,-0.039049895042404636,-0.009216724464378823,-0.029776998358133216,-0.018796299565281505,-0.47450223577076045,-0.5641723250698067,-45.21643996021176
0.5189188515582325,0.5083209346302022,0.254268072341981,0.2612955833196923,-0.004771023026772381,0.00812506744033922,0.20727948425136022,0.2362181412775978,-10.210811174534514,-10.851125420042425,-16.858846379869284,-17.615927745124353,4.93362746176908,5.126998661229378,0.009124320069167413,0.009124320069167413,-1.492024733180793,0.9846706622934357,2.965169546966205e-05,-0.019813826033660387,0.0217864990649182,-0.04542714253089374,68.71850408452957,24.52841847884372,699.48730825567,5.343578476346837,219.81579667455375,DESCENDING,15,20,False,p01963,80.82443199570862,22.226234638878893,-0.010597916928030249,0.007027510977711315,0.012896090467111602,0.028938657026237574,-0.6403142455079109,-0.7570813652550683,-44.19008560568585
0.6576606784499953,0.6248052112389535,0.31808762187039713,0.3179595560399141,0.1137522113478659,0.11720935335123964,0.3819369685299698,0.3999590086921852,-9.025216108794318,-9.549736215273986,-16.033852331869515,-16.60623318172977,5.317466405548282,5.4296443970645605,0.011577052388999642,0.011577052388999642,-1.6043724359569145,0.8042497648892091,0.0040201547855434295,-0.016587914726971787,0.023654050861939654,-0.03951512788905853,53.17395813561184,21.7228154751844,547.5057305672946,3.5388574081188344,164.92019624791894,DESCENDING,15,20,False,p00922,80.56969053818398,22.168742723679465,-0.03285546721104182,-0.00012806583048302622,0.003457142003373742,0.018022040162215425,-0.5245201064796685,-0.5723808498602558,-31.45114266042744
0.5817813484054972,0.5540078990248316,0.2577260384757946,0.2436667050518721,0.0007065107115623505,-0.023766682284353607,0.2579861353327529,0.2347654588083054,-8.695665810528272,-9.336596870524332,-15.756158135552818,-16.765204618229145,5.271715326126364,5.716272639915685,0.012044033899978435,0.012044033899978435,-1.60621485214317,0.738446338765824,0.004304153992056694,-0.016283641906971416,0.022004152737002413,-0.03881669170200746,61.54916858108019,22.814749616216073,492.7922936488143,2.819710629810435,166.0335051753672,DESCENDING,15,20,False,p03410,80.49513206281091,22.312472511678035,-0.027773449380665616,-0.014059333423922515,-0.02447319299591596,-0.02322067652444748,-0.6409310599960598,-1.009046482676327,-38.73441896486412
0.6518836888393568,0.665715798691247,0.3100682008817637,0.31027779025712965,0.09467358993094284,0.09183215289905775,0.3733501805110928,0.3799312734764913,-8.41047107759566,-8.825277517782666,-15.284927174407397,-15.685825578041129,5.131731076765089,5.119415946888155,0.013405219972478344,0.013405219972478344,-1.4845157394388433,0.7858322464192122,0.0030639719949577646,-0.017092184319463202,0.019742091585519102,-0.03979277044875312,66.52115919729219,23.88688152876213,568.7109316919148,7.434134058115827,117.0604580518806,DESCENDING,15,20,False,p04729,80.6131829821516,22.38721200143729,0.013832109851890206,0.00020958937536597055,-0.002841437031885094,0.006581092965398494,-0.4148064401870055,-0.4008984036337324,-42.63427766853006
0.791244584748931,0.756293924267824,0.3772837916354271,0.3783153606083959,0.2391918454035407,0.21732691575632607,0.5514241189519128,0.5331481126072701,-9.4681580543466,-9.447831891280744,-16.160388326197438,-15.890333415749135,4.9622644128637585,4.673195938431293,0.012891334017413825,0.012891334017413825,-1.5217919538929456,1.0596255850592826,0.0009701949519843016,-0.021770324722187248,0.03667490545741051,-0.05038399220008442,67.6623336729342,24.64227264466947,849.6471501923479,9.050855505657767,212.36464822058042,DESCENDING,15,20,False,p01391,80.99840177157911,22.191739489759236,-0.034950660481106954,0.0010315689729687993,-0.02186492964721462,-0.01827600634464266,0.02032616306585666,0.27005491044830343,-43.02006102826472
0.6054372953674735,0.5938893705515041,0.2986530360741669,0.30567760847645986,0.07881881697514463,0.12012496232142254,0.3448158017430481,0.39583125580235645,-9.929884420368781,-10.424291306896174,-16.762221912143158,-17.455215563575194,5.123849734146301,5.386090119621899,0.013331846549376136,0.013331846549376136,-1.572966164639718,0.8723763491358308,0.0019859264712252566,-0.018074521825443494,0.02185023483137439,-0.04156906018434385,69.05921612134264,25.652306451100745,576.3989984783956,4.49054431572083,167.39188155638382,DESCENDING,15,20,False,p00742,80.69395466380575,22.15724434063958,-0.011547924815969335,0.007024572402292983,0.04130614534627791,0.05101545405930835,-0.4944068865273934,-0.6929936514320367,-43.4069096702419
0.7117620007635497,0.6879731706374523,0.3455862824626061,0.3486880057641351,0.18870162870218485,0.21988352823674154,0.4902968988649099,0.5215540966687905,-8.792725784010173,-9.070415761889095,-15.650301212545905,-15.892858107842837,5.098252285581258,5.134772565309845,0.013317169986088562,0.013317169986088562,-1.5638859403149055,0.9142547258575626,0.0012022597967576004,-0.018594802241218227,0.02195064447937423,-0.04265672986008939,69.4849795337137,25.62534745360074,601.5336663944532,3.6978110838897624,226.41119437639088,DESCENDING,15,20,False,p00348,80.73123390149229,22.134247574559808,-0.023788830126097338,0.0031017233015290246,0.03118189953455669,0.03125719780388059,-0.27768997787892147,-0.24255689529693214,-43.85963208011296
0.6437878068889293,0.6414551457463905,0.3075606134034083,0.31566261017257385,0.0814772123528228,0.09907079304148053,0.3526587030007444,0.38133380914100046,-8.722805879267549,-9.034994282573697,-15.669732766621648,-16.084094564107716,5.147125487771582,5.258938033992921,0.013365792675374744,0.013365792675374744,-1.5960428859921738,0.7429312969958731,0.004216508711101603,-0.016401614914775976,0.021795969603001137,-0.03884695800036136,65.82599102754662,23.98319727791487,515.2239305242845,6.779712126085561,196.50420553232547,DESCENDING,15,20,False,p03712,80.50755847537309,22.329720086237863,-0.0023326611425388277,0.008101996769165565,0.017593580688657726,0.028675106140256035,-0.3121884033061484,-0.41436179748606783,-41.84279374963175
0.668748810712097,0.6286389754167502,0.3134779425722009,0.3074833307291908,0.12857740586378774,0.10417365158836632,0.4090551185953406,0.392141767078461,-8.590942229380632,-9.07838718003684,-15.73042690644524,-16.134062530762083,5.486421613331979,5.404337781968521,0.013122370242081849,0.013122370242081849,-1.5969467127494448,0.7876811574621211,0.0036909276557042002,-0.016528394587801254,0.023910776925352137,-0.03963548028548515,50.42821328690246,21.410631207563156,543.6835442018535,3.1604426225547426,174.54722193139983,DESCENDING,15,20,False,p00123,80.57590374446507,22.122749191519922,-0.04010983529534684,-0.005994611843010089,-0.02440375427542142,-0.016913351516879616,-0.48744495065620796,-0.4036356243168431,-29.017582079339306
0.7178592826342741,0.6898236024339773,0.36426315040820106,0.3394813899964358,0.1411719116430406,0.12197588551468874,0.4459170337074673,0.43167010986198356,-9.762055709977561,-10.02486824047275,-16.22541900513253,-16.341069923152304,4.660722198161077,4.560330848214656,0.008534501596467292,0.008534501596467292,-1.4789556006218234,0.8190984310432615,0.002525267228562766,-0.017857591521178,0.020267094311888806,-0.04051649346043157,81.3112570704335,28.74152016617956,672.4805886137025,7.437930202637506,240.47830492119655,DESCENDING,15,20,False,p03439,80.67531504496249,22.312472511678035,-0.028035680200296786,-0.024781760411765275,-0.019196026128351862,-0.014246923845483761,-0.2628125304951894,-0.11565091801977445,-52.56973690425394
0.6241763730501532,0.5861383949113343,0.2971727422658634,0.30078574054508284,0.08856331753219081,0.08861763748886857,0.33050299805820077,0.3421122418702017,-9.183483033055369,-10.200934696027385,-16.749180280467996,-17.469070131221766,6.079604266438234,5.807346575148005,0.012959106143667687,0.012959106143667687,-1.387906694250744,0.884999138356711,8.422539952016719e-06,-0.018143105653360837,0.017633422295736938,-0.041937118996491864,61.86688524169783,24.113161970574566,646.1688861550265,3.9563664831960637,201.13214676583138,DESCENDING,15,20,False,p05771,80.87413764595733,22.44470391663672,-0.03803797813881882,0.0036129982792194593,5.4319956677761905e-05,0.011609243812000958,-1.0174516629720163,-0.7198898507537699,-37.75372327112326
0.7730760996179475,0.7143800380317726,0.4247984169345252,0.4139739502432791,0.22701332154202947,0.20229321673257317,0.5279352238744931,0.5105865629379165,-11.372621834648328,-11.42186320170101,-17.88354007501537,-17.661603931797792,4.824025037181836,4.531905503642838,0.011064580432520676,0.011064580432520676,-1.5630064271239135,0.9663642135880822,0.0008602230596678477,-0.020485500302078397,0.029473193811468925,-0.048629048586838274,72.1179121795797,26.208146270174183,791.5963511699272,16.540292162127606,269.1039748753358,DESCENDING,15,20,False,p04892,81.0046149778602,22.392961192957234,-0.05869606158617491,-0.010824466691246093,-0.0247201048094563,-0.01734866093657661,-0.049241367052681895,0.22193614321757948,-45.90976590940552
0.6363129376437382,0.6217802564005187,0.29681856440445414,0.3156947335113898,0.06531333596719431,0.09812594912593128,0.3361020382341075,0.3702382994227702,-9.568214733018806,-10.220338102434814,-15.94349312990306,-16.974981011084154,4.6162298706779685,5.077585649132539,0.009436294607754414,0.009436294607754414,-1.5128691459621486,1.0075686294631532,-1.6048367479088093e-05,-0.019865165930730903,0.02248771763089367,-0.04543113693730588,75.85241713048339,26.92445161925034,796.8251684633407,5.154390512917535,210.01198766614868,DESCENDING,15,20,False,p01063,80.82443199570862,22.174491915199408,-0.014532681243219492,0.01887616910693568,0.03281261315873697,0.0341362611886627,-0.6521233694160085,-1.0314878811810946,-48.92796551123305
0.7222740833214218,0.7086319050203196,0.33971834865405853,0.33386540563458206,0.16144734922555234,0.14981535324845477,0.46104576727759594,0.44932859606489617,-9.099016975466359,-9.608335836754675,-15.98480095428238,-16.240113412373944,5.185312747996528,4.936994458877434,0.009296208907476844,0.009296208907476844,-1.5107933000505844,1.0795707998511013,0.0007198792722703862,-0.021560426662197783,0.033189757779887225,-0.04955345393295373,68.57952464781906,25.071649938440412,758.052247047149,7.388143785410193,210.24937582023608,DESCENDING,15,20,False,p01487,80.97354894645476,22.19748868127918,-0.013642178301102259,-0.005852943019476475,-0.011631995977097576,-0.011717171212699773,-0.5093188612883157,-0.25531245809156466,-43.50787470937864
0.6668668016646366,0.6457833810040968,0.324061758631787,0.32697099139271557,0.12194795801710517,0.11572821196454593,0.40239437952787577,0.4019383076663148,-8.901757565606498,-9.509064250017103,-15.902303527796558,-16.515913708067195,5.214146925006501,5.203054213095047,0.008711481011670075,0.008711481011670075,-1.6089852127487196,0.7731956595140592,0.004468243157806153,-0.01643429213535545,0.02266059073354118,-0.03884693425973701,59.6264712049143,22.596794927207224,515.7598899596196,4.534749593783684,190.82767579916032,DESCENDING,15,20,False,p02515,80.52619809421635,22.26072978799855,-0.02108342066053981,0.0029092327609285817,-0.006219746052559247,-0.00045607186156099155,-0.6073066844106041,-0.6136101802706371,-37.02967627770708
0.4847026470166581,0.4635875140384452,0.25056700071717947,0.24168070348721485,-0.05372318068288597,-0.05589162265218982,0.1482828001610708,0.15403579845047724,-9.589949249834534,-10.199561844769102,-16.714219784595187,-17.699319452112412,5.363164447517933,5.891421140676345,0.011485481102739725,0.011485481102739725,-1.5969234433270663,0.7610559192086126,0.004315419537226438,-0.016113384795814267,0.02335113527049978,-0.03846928638424135,52.018245622924304,21.277151647389918,538.8076116703745,3.644071187362963,124.46441432069516,DESCENDING,15,20,False,p01113,80.51377168165418,22.18024110671935,-0.02111513297821288,-0.008886297229964618,-0.0021684419693038456,0.005752998289406452,-0.6096125949345677,-0.9850996675172254,-30.741093975534387
0.6307598326311216,0.5867223732384365,0.33647436171144673,0.3243107512980806,0.10352935273488374,0.07616404292542085,0.3692896889816586,0.35487137050608797,-9.161693095808596,-9.457573293040419,-15.900684448489645,-16.019094216963996,4.859939542245084,4.685335276650627,0.012253923211028028,0.012253923211028028,-1.5104615516426474,0.6568561323989254,0.002764972491954075,-0.016332547038195862,0.02020451492454996,-0.03884732567065158,66.59087619120187,22.98994398682657,572.8037495205216,6.64090269786472,159.90002876869974,DESCENDING,15,20,False,p04804,80.45785282512438,22.392961192957234,-0.04403745939268511,-0.01216361041336611,-0.02736530980946289,-0.014418318475570624,-0.29588019723182235,-0.11840976847435059,-43.6009322043753
0.7856287385206376,0.7647712547994436,0.3926057519254764,0.40515441509429273,0.2540007006449589,0.2618427518408623,0.562617577924475,0.5718995217173611,-8.040620066946003,-8.215249849985545,-14.716467265804056,-14.597819300891672,4.914261871507597,4.603567330219108,0.010302746132688223,0.010302746132688223,-1.4869077048948698,1.09369539626729,-0.00018919949164294652,-0.020658007459352323,0.024366716810591535,-0.04715018420814865,69.96953523832157,25.71516296338079,786.4304645300689,11.220301684471641,146.50811827311648,DESCENDING,15,20,False,p01474,80.8927772648006,22.19748868127918,-0.020857483721194003,0.01254866316881631,0.007842051195903421,0.00928194379288616,-0.17462978303954202,0.11864796491238394,-44.25437227494078
0.7206501878183702,0.7327448677807434,0.320780190786547,0.32970389589333593,0.1712269733782591,0.19143025408913814,0.4744137852551243,0.5066809956052754,-9.219881129165435,-9.57975540289548,-16.050630404334232,-16.49333011939658,5.050945561212018,5.231254511106816,0.011699354060776268,0.011699354060776268,-1.5205124535738894,0.7952999482471886,0.0035579987131111493,-0.017106541867540934,0.020842000269551724,-0.039822156447870544,69.457038264457,24.809765912144563,571.6172798055863,4.952795497785656,209.3888435896204,DESCENDING,15,20,False,p04128,80.60696977587051,22.352716852317634,0.012094679962373234,0.008923705106788915,0.02020328071087904,0.032267210350151065,-0.35987427373004444,-0.4426997150623464,-44.647272352312434
0.7657943465883054,0.7141331422530439,0.391139686107765,0.36498238418297435,0.2226171200221379,0.17680249443781945,0.5216637853534734,0.4813248452066493,-8.058772399177752,-8.587946890251244,-15.226679753690734,-15.368515002659008,5.565152026483469,5.122220254318544,0.01251486778153399,0.01251486778153399,-1.5707772692933513,0.9770333296191315,0.0013618419242383258,-0.020940680395266174,0.032569565022708,-0.04902494431926301,79.45644577880844,28.052276729667273,760.6769370513568,11.30419684412754,85.31725923008281,DESCENDING,15,20,False,p04395,81.02325459670347,22.36421523535752,-0.051661204335261446,-0.026157301924790655,-0.04581462558431845,-0.04033894014682404,-0.5291744910734923,-0.14183524896827393,-51.404169049141174
0.7366705752882361,0.7096241415898864,0.3296858307845946,0.3395941384305669,0.13770062603801042,0.1549531666375407,0.4298701107481275,0.4546746169112877,-8.422046478265086,-8.686372879896723,-14.975320350761029,-15.034019762226249,4.787986025321204,4.557375466008294,0.009619281232706056,0.009619281232706056,-1.5127520534288077,1.044919539923334,-0.00017889865288754422,-0.0202366696380233,0.02501563790372829,-0.04657432784313666,74.90307373635092,26.076742818320753,809.9791081305207,6.550997898736831,160.9188799703731,DESCENDING,15,20,False,p00469,80.86171123339516,22.13999676607975,-0.027046433698349692,0.00990830764597228,0.01725254059953027,0.02480450616316021,-0.2643264016316369,-0.05869941146521995,-48.826330918030166
0.509649578248959,0.49070873416499006,0.2560732531078596,0.2573800531939697,-0.011015588247295342,-0.012179033441308612,0.1876574394893756,0.19757934219528983,-9.109448131540177,-9.606591972418531,-16.227771612746796,-16.979073661528304,5.377676231226695,5.7174505809441145,0.013470540132260123,0.013470540132260123,-1.5861469285710783,0.7237756222841306,0.003979913021693958,-0.016067222800572246,0.021848236539959584,-0.03868348017706248,59.45425039703829,22.51245957199675,491.7662515286091,2.7323324966209688,191.40698815730192,DESCENDING,15,20,False,p02805,80.46406603140547,22.277977362558378,-0.0189408440839689,0.0013068000861101159,-0.0011634451940132698,0.009921902705914226,-0.49714384087835484,-0.7513020487815076,-36.94179082504154
0.7599436645005125,0.7350162894627619,0.37826748095670193,0.3717071124365565,0.2253696976609304,0.22218127011409453,0.5347297102437994,0.5376991390139217,-8.871365375314285,-9.042072110577312,-15.70648744908295,-15.789004219718008,5.072966847415723,4.992385305213821,0.01100515358873888,0.01100515358873888,-1.5563552198500383,0.8984445810611347,0.0014624776154922717,-0.018479505309716576,0.021652635573023462,-0.042430020328396656,77.76759349329146,27.933123440886458,629.6373928151097,6.584414856566398,203.62916229653882,DESCENDING,15,20,False,p00946,80.71880748893011,22.168742723679465,-0.024927375037750665,-0.00656036852014541,-0.003188427546835876,0.0029694287701222954,-0.1707067352630265,-0.08251677063505802,-49.834470052404995
0.622789195268916,0.6378858498330718,0.29443589361110817,0.2898579941561789,0.07543049879752106,0.06469828397226103,0.34728010218241234,0.3379652664724737,-9.029610878531273,-9.663389181049675,-15.873299945236669,-16.62136831498044,5.097792677459599,5.207389089055545,0.013554285491796492,0.013554285491796492,-1.4785970158968824,0.7887147000619975,0.002960916691547068,-0.017136661325742132,0.019631364385153605,-0.03979406004502177,66.59289313276317,23.916171609702772,559.1006737693529,6.314034064115983,194.4838511153561,DESCENDING,15,20,False,p04730,80.61939618843269,22.38721200143729,0.015096654564155876,-0.004577899454929257,-0.01073221482526003,-0.00931483570993863,-0.6337783025184027,-0.7480683697437716,-42.676721523060394
0.6758154656732888,0.6841412749436945,0.32788322953482657,0.3262381471442416,0.13014725815868405,0.13375477934770366,0.41262114016038903,0.4260959655069514,-8.502538044600483,-8.795475363339644,-15.469719981098175,-15.704031234661496,5.153619117539884,5.075661171697498,0.008436374599694263,0.008436374599694263,-1.477793536358759,0.770429569043326,0.0029224010156641868,-0.016930844289644503,0.019387839284132593,-0.03989809431766979,64.48559437068334,23.16683518864773,563.8556628946179,5.448321867163891,204.1147688548832,DESCENDING,15,20,False,p05227,80.60075656958942,22.415957959037005,0.008325809270405715,-0.0016450823905849732,0.003607521189019608,0.013474825346562358,-0.2929373187391615,-0.2343112535633214,-41.31875918203561
0.5401728890134491,0.5309339608979393,0.26741246487816345,0.27461740679680835,-0.027798962141187263,-0.013297317408144388,0.19665486392498657,0.22902227679595427,-9.079449809708823,-9.469429390886042,-16.10186681259806,-16.67771886959202,5.218883714027368,5.488606959023805,0.011495871357002363,0.011495871357002363,-1.5977280616813492,0.7333004187950808,0.004185023348491949,-0.016115925733765815,0.02209792465238553,-0.03865776311145974,58.86007836401136,22.273428090093777,516.4735872433546,3.014891871017571,156.15283677672647,DESCENDING,15,20,False,p02807,80.47649244396764,22.277977362558378,-0.009238928115509748,0.007204941918644903,0.014501644733042876,0.0323674128709677,-0.38997958117721865,-0.5758520569939591,-36.586650273917584
0.6259385149249548,0.6599596576914775,0.2606790083303159,0.3019604468648522,0.0395218786230463,0.14196521126928988,0.2979004931909011,0.41628652961774393,-8.593798772154752,-9.020702992839015,-15.86714106517337,-16.599763836889554,5.7363200140788075,6.182294957887379,0.0096349031624956,0.0096349031624956,-1.5337680872368813,1.0217032758313476,0.0006391415471714165,-0.021681179084605356,0.04102140196839978,-0.051689313284419426,62.60583007422997,23.138458178811895,764.2945933179072,8.31387258708897,164.77923315265687,DESCENDING,15,20,False,p00293,81.01082818414129,22.128498383039865,0.03402114276652268,0.04128143853453631,0.10244333264624358,0.11838603642684281,-0.42690422068426237,-0.7326227717161835,-39.467371895418076
0.7403616104165422,0.7196349990057659,0.36004043110961126,0.3799978269160696,0.16913973304791138,0.17699252899889711,0.45621907749414586,0.4802990241058288,-8.736852991227371,-8.588598720540771,-14.845322108453036,-14.569738353242107,4.3368897053888595,4.229150855237372,0.010305052208219756,0.010305052208219756,-1.48938805286904,1.0185924520770757,4.7863647422291944e-05,-0.020589950309173162,0.02499415256598246,-0.047623697337886677,72.63506307906758,25.153167085560497,875.4074342205814,12.184616745899598,163.07769653386103,DESCENDING,15,20,False,p02876,80.90520367736278,22.277977362558378,-0.020726611410776363,0.019957395806458333,0.00785279595098573,0.024079946611682945,0.1482542706865999,0.2755837552109295,-47.48189599350708
0.6520145304500445,0.6138780182028439,0.33538424724288535,0.3177600335054648,0.10329673063962705,0.08424979039041139,0.37667776226561717,0.361465499178515,-9.482776732345332,-9.781788199398639,-16.22194288565001,-16.42991657669995,4.893818778291985,4.783427277536684,0.013569261548876943,0.013569261548876943,-1.5257591448093248,0.6708221366652612,0.003016459998079088,-0.016312919097080623,0.020451990390444187,-0.03887710055782769,65.88962556802444,23.2481327744296,537.0047804051354,6.142732665035889,221.591802964171,DESCENDING,15,20,False,p04505,80.46406603140547,22.375713618397405,-0.038136512247200605,-0.01762421373742057,-0.01904694024921566,-0.015212263087102162,-0.2990114670533064,-0.2079736910499399,-42.64149279359484
0.5424479133210436,0.5438932489388387,0.2584418969193598,0.27842308419150097,0.00429567144098453,0.06498446215427876,0.22467718068455775,0.29625841105269635,-10.029242496513241,-10.898042094220187,-17.145385579370448,-18.500443054695467,5.511870344849585,6.425671955054307,0.012724689713085158,0.012724689713085158,-1.485723592305413,1.0574913117775193,-0.00012737066639138204,-0.02050000622562093,0.02393688108716222,-0.04698297819900494,70.67076146078634,25.57632754573892,690.6192243993377,5.87576307936025,196.8772512341283,DESCENDING,15,20,False,p01873,80.88656405851951,22.22048544735895,0.0014453356177951404,0.019981187272141154,0.060688790713294236,0.0715812303681386,-0.8687995977069463,-1.3550574753250189,-45.09443391504742
0.5898704364909085,0.5506901056398981,0.2850916123399523,0.26102018549522416,0.050499724748139345,0.01319718914801111,0.29277109917560723,0.2529452184017407,-9.422852734433613,-10.353144589398322,-16.209837986540464,-17.254168629461315,5.069617872176341,5.266346765986122,0.013595536267296593,0.013595536267296593,-1.4336745645444946,0.8044560456136433,0.00224006274219877,-0.017366176166775164,0.01867842748234427,-0.03972181040252655,64.52337187121105,23.370038278991792,637.3602211975682,3.2527789542661236,171.8730591271965,DESCENDING,15,20,False,p05036,80.65667542611922,22.40445957599712,-0.03918033085101047,-0.024071426844728128,-0.03730253560012824,-0.03982588077386651,-0.9302918549647092,-1.0443306429208512,-41.15333359221926
0.7631226257390268,0.7177295416762715,0.34885541481361193,0.3414137500455578,0.20698337366170896,0.19114146539424068,0.5205116959984682,0.5076238427659896,-8.282729848169874,-8.578445193485688,-15.325671914904802,-15.498581952306791,5.327092451101315,5.184607043017478,0.010353310680088934,0.010353310680088934,-1.5002991102153944,1.057557245636363,-0.00015419476299344755,-0.020350236448206382,0.02423809684599004,-0.04663910254955786,72.90940248824431,26.160412730367927,754.7183108735315,8.228209724400621,129.17284177843212,DESCENDING,15,20,False,p01170,80.86792443967624,22.18024110671935,-0.04539308406275533,-0.007441664768054135,-0.015841908267468285,-0.012887853232478652,-0.29571534531581456,-0.17291003740198896,-46.74898975787639
0.784260744443124,0.7576530462800696,0.3875103136270031,0.3902432375599437,0.23302465520111734,0.24891999662917744,0.5415695904876988,0.5652290439672539,-9.510906481044945,-9.682582914628005,-16.069307243032693,-16.08489359777169,4.783945951732589,4.648374245006437,0.013063498758530967,0.013063498758530967,-1.564887736933111,0.870934175787755,0.0022302183032635488,-0.018054703455065376,0.021553587555974432,-0.04150271469816143,83.5552095442847,30.27237681976402,648.7590525347103,6.68249509862761,235.13990317288844,DESCENDING,15,20,False,p01441,80.68774145752467,22.19748868127918,-0.026607698163054416,0.002732923932940612,0.015895341428060095,0.023659453479555115,-0.17167643358306073,-0.015586354738996278,-53.282832724520674
0.75984306154723,0.713007015288102,0.3617241961602282,0.35949252298186163,0.22356770442844426,0.23647393020393784,0.5331204148918637,0.552455749712847,-9.16762472872477,-9.326202188256332,-15.968321298546524,-16.179508247330038,5.069921103205535,5.081998481698575,0.009287844745655138,0.009287844745655138,-1.5651803998875427,0.8889604443486144,0.0016594944073026095,-0.018308241506854298,0.021718420285382078,-0.04205243524294894,74.17243994839116,27.067258208418544,596.1344333957834,5.621559302493153,228.0921042097006,DESCENDING,15,20,False,p00844,80.70638107636793,22.162993532159522,-0.04683604625912807,-0.002231673178366589,0.01290622577549358,0.019335334820983374,-0.15857745953156233,-0.21118694878351363,-47.105181739972615
0.7784475968624424,0.773948630103521,0.40225377419346486,0.4069057111190016,0.22803542411732045,0.2391113765563762,0.5402987011158601,0.5552208367359079,-8.024551507781878,-7.9811973180943925,-14.329309887085529,-14.203724325848246,4.501745869674248,4.440141892309966,0.00949846235336893,0.00949846235336893,-1.4397043233636484,0.8317418533631779,0.001739281047678463,-0.01816032511906129,0.01945625793367017,-0.04096654989344242,81.02083460838283,28.74607346809074,856.7637523890244,6.441132018136596,94.63773980216065,DESCENDING,15,20,False,p03644,80.70638107636793,22.32397089471792,-0.004498966758921363,0.004651936925536726,0.011075952439055764,0.01492213562004785,0.04335418968748517,0.12558556123728337,-52.274761140292085
0.6365555796023096,0.6046282437159852,0.2983591249800629,0.30969470199899857,0.10761917703323925,0.13501916582529544,0.35358560150257023,0.38359252824890044,-9.408015299943893,-9.982910470719993,-16.927096101969205,-17.756901582645085,6.062695219675087,6.530801422650183,0.011009781495711968,0.011009781495711968,-1.556703370663792,0.9899377768327443,0.0019423633978522053,-0.02203432959048682,0.04084350201509719,-0.05057904115462149,74.65358852969322,26.029516931640266,771.3057871741108,9.358969639742002,137.52082166349248,DESCENDING,15,20,False,p01898,81.04189421554673,22.22048544735895,-0.03192733588632435,0.011335577018935672,0.027399988792056185,0.03000692674633021,-0.5748951707761005,-0.8298054806758799,-48.62407159805296
0.6974344789714324,0.7052843544824194,0.32891774658575645,0.3486320399693065,0.14636096200951015,0.17006946651444008,0.4349369551236222,0.47346197007350715,-8.248812743415698,-8.512269648619396,-15.027671569955354,-15.377314112655334,4.914461885147816,5.040396736620891,0.013422583807912503,0.013422583807912503,-1.5395203495782899,0.7730432002688317,0.0037528053061449567,-0.016853287049446376,0.02105040538701861,-0.039484676865055635,69.23583262375672,24.84360717182612,588.7050785934737,5.536626317220202,151.98095527447754,DESCENDING,15,20,False,p04123,80.57590374446507,22.352716852317634,0.007849875510987037,0.01971429338355002,0.023708504504929923,0.03852501494988497,-0.26345690520369835,-0.3496425426999803,-44.3922254519306
0.7138540439518883,0.6871881519923964,0.3366166943496129,0.3436437407579348,0.15922401316687324,0.16661785488555467,0.43323389493444064,0.45565079405457487,-8.338227804938358,-8.550756730892324,-15.036138797395063,-15.109269135156643,5.016020101937345,4.823788868731851,0.013548655428695211,0.013548655428695211,-1.5405754041592226,1.0321665151151145,0.001284154861444567,-0.021525422222476387,0.03275106620257794,-0.048997145820916535,75.22028787342926,25.393211402849523,778.1723996493461,11.70285268499827,89.35092770570782,DESCENDING,15,20,False,p02890,80.99218856529802,22.277977362558378,-0.026665891959491983,0.007027046408321913,0.007393841718681432,0.022416899120134226,-0.21252892595396666,-0.07313033776157951,-49.82707647057973
0.6543566849869479,0.660378621901491,0.2915737141068032,0.30927178684405,0.11753975510066195,0.14492922133932815,0.3802892744168091,0.42215068657428934,-9.154730718591987,-9.650155356870247,-16.320475759277613,-16.723052231014087,5.501221322352594,5.479008908416846,0.01053336019625739,0.01053336019625739,-1.4426762243504865,0.8784162064106916,-0.0001511241806470586,-0.019077748477355654,0.020323717081894236,-0.04499674619253693,62.17710615466111,23.41330704615065,669.9370710387743,5.615411043729073,213.49807042354826,DESCENDING,15,20,False,p05074,80.8927772648006,22.40445957599712,0.006021936914543113,0.017698072737246773,0.0273894662386662,0.04186141215748024,-0.49542463827826033,-0.4025764717364737,-38.76379910851046
0.6515686992183057,0.6188791694804749,0.31345426755641537,0.3083857462849741,0.10524989184315639,0.10695017619238358,0.35371792341740566,0.37153064186252727,-9.710149032120485,-10.092842160243912,-16.357977416073062,-16.62142495612492,4.878487397731912,4.754680602855456,0.013579608758682693,0.013579608758682693,-1.4767781003670735,0.9815484301413302,-1.8832139366409881e-06,-0.020215126957344773,0.023181770665437473,-0.0467754982440153,69.04613376230382,24.090122031337376,727.0301314653104,11.884751943191633,233.77266257236985,DESCENDING,15,20,False,p03072,80.88035085223842,22.289475745598264,-0.03268952973783079,-0.005068521271441251,0.0017002843492271852,0.01781271844512161,-0.38269312812342626,-0.2634475400518568,-44.95601173096645
0.6037482494752698,0.5978224191807625,0.28701745721963345,0.302221375345334,0.04639447550805924,0.05763859319339382,0.2933515665378178,0.32522674196056617,-9.001058410868023,-9.233901465840736,-16.086784775580625,-16.5271657415792,5.2946062059999255,5.555703942499343,0.015386145722558364,0.015386145722558364,-1.536013367074812,0.7213408579261289,0.003387770553673453,-0.015500272759440539,0.02238310875000053,-0.03760893828611661,54.44322104045075,23.331933452700177,588.6231177467309,3.052291956271776,196.4697695172392,DESCENDING,15,20,False,p00500,80.43300000000002,22.145745957599694,-0.005925830294507328,0.015203918125700544,0.011244117685334579,0.03187517542274837,-0.2328430549727134,-0.4403809659985747,-31.111287587750574
0.6337252065504823,0.6134039957082261,0.2883603803009279,0.30420756500532853,0.11172099523281642,0.13040281711972806,0.35317904909042774,0.38715539822027395,-8.86233779535409,-9.60352809768951,-16.227278295375367,-16.86745980514354,5.753364316993374,5.695901702194749,0.012834522380924751,0.012834522380924751,-1.4576345800829769,0.9249491988960338,-6.17470829982151e-05,-0.019631765440804697,0.021718316272903288,-0.04585603375794805,65.36592765750676,23.27872739068783,696.471909842944,4.804739639531626,144.2895735922952,DESCENDING,15,20,False,p04173,80.88656405851951,22.352716852317634,-0.020321210842256132,0.015847184704400608,0.018681821886911643,0.033976349129846206,-0.7411903023354203,-0.6401815097681727,-42.087200266818925
0.7639702214283021,0.7306135834830801,0.3572012757607289,0.360822692887577,0.19691921642624408,0.21062035850455738,0.507887201955597,0.5292953102315748,-9.03086762844318,-9.438959864649867,-15.765687261891498,-16.031998880032766,4.994467412503746,4.822757424211363,0.011179420870513823,0.011179420870513823,-1.5717815767432084,0.8688005993497084,0.00231515813264253,-0.01796045491241616,0.02182280557030093,-0.041389294040830076,77.31193379404777,28.506487910069133,602.7022506082722,4.230151107696245,212.26392623895495,DESCENDING,15,20,False,p01240,80.68152825124358,22.185990298239293,-0.03335663794522192,0.0036214171268481032,0.0137011420783133,0.021408108275977833,-0.4080922362066861,-0.2663116181412679,-48.80544588397864
0.4944225154681695,0.47741908435025876,0.24793914785000976,0.24858977606347665,-0.08053658315345123,-0.07976408580668627,0.13596844739797706,0.13849047556041005,-9.49160858531364,-10.34203743168775,-16.478108292053445,-17.423033024208625,5.2017458889401516,5.332542875979191,0.015371677994238442,0.015371677994238442,-1.5540955731506192,0.7093042021633017,0.00352804606285157,-0.015818802364020598,0.021552211535403078,-0.03837136801485405,58.74124556589344,22.81877315534304,532.1940863564481,3.5527335711345898,83.3752229386748,DESCENDING,15,20,False,p02000,80.43300000000002,22.231983830398836,-0.01700343111791075,0.0006506282134668973,0.000772497346764961,0.002522028162432993,-0.8504288463741094,-0.9449247321551795,-35.9224724105504
0.675650058711734,0.6522872398059492,0.32265154321994627,0.32754563680672605,0.1394429138957944,0.14926830760604992,0.40199757152588345,0.432224108480568,-9.570709012844008,-9.996764277967507,-16.421190232948998,-16.536636928823015,5.187307516004879,4.812945202698368,0.013721821346361018,0.013721821346361018,-1.4019763450473681,0.8833974264239658,-3.9582795930310946e-05,-0.018385449574561508,0.01830914707073696,-0.042740389393796256,62.02492352174714,24.07886632153245,681.1647241150665,6.451824986619158,246.20795021529176,DESCENDING,15,20,False,p05672,80.88035085223842,22.438954725116776,-0.023362818905784843,0.00489409358677978,0.009825393710255509,0.03022653695468458,-0.4260552651234999,-0.11544669587401657,-37.946057200214696
0.6925061271816265,0.6662877325532806,0.3286232591135437,0.32363591909504236,0.10779046137871783,0.11506654469376909,0.3907125577239522,0.3929818240998439,-8.481965151092577,-8.958551128137364,-14.965364699330383,-15.477698399862454,4.727696741652148,4.774817607142547,0.009532222676401969,0.009532222676401969,-1.50565946679251,1.0486265939608883,-0.00014892825939875914,-0.020266033171273182,0.024331317597515726,-0.04650187647444342,75.75124304834075,26.63675284951273,804.0516298878525,5.090016182141682,122.20474032090563,DESCENDING,15,20,False,p00769,80.86171123339516,22.15724434063958,-0.026218394628345965,-0.004987340018501318,0.0072760833150512655,0.0022692663758916987,-0.47658597704478645,-0.5123337005320714,-49.11449019882802
0.798660703957919,0.7666350888709073,0.4252306108773345,0.4348969024996677,0.2544360672007143,0.2655687090783698,0.5605804030793334,0.5785490574902054,-9.288558369581365,-9.238232041201192,-15.720026530526047,-15.530290334397927,4.580481102676407,4.516151012674323,0.01122628006585713,0.01122628006585713,-1.5576288374818403,0.8638587725231994,0.0023714658633975983,-0.017981380295132167,0.02152787360648392,-0.041317326277367145,83.28292721995277,30.26811487655081,788.9487942649582,8.925751684188619,219.98765461731708,DESCENDING,15,20,False,p01740,80.68152825124358,22.214736255839007,-0.03202561508701174,0.009666291622333234,0.011132641877655503,0.01796865441087192,0.050326328380172924,0.18973619612811987,-53.01481234340196
0.5669446434892723,0.5876763230729524,0.26649597655536633,0.27907384896325654,0.027578429528531234,0.0476348840534645,0.26030880783283933,0.30183935426191405,-10.073156747857052,-10.533418441270074,-16.789690118078394,-17.37373139131521,4.965091557146651,5.11630874825708,0.013569261548876721,0.013569261548876721,-1.4522074399268472,0.8077386295764848,0.0024331310380752763,-0.017452882002274385,0.019254895527808964,-0.0398997252258321,70.34795693063388,25.12482585328339,693.8023206565593,2.479146855046868,141.82594276672762,DESCENDING,15,20,False,p04436,80.65667542611922,22.369964426877463,0.02073167958368005,0.012577872407890212,0.020056454524933265,0.04153054642907472,-0.46026169341302214,-0.5840412732368172,-45.223131077350494
0.5554916721667363,0.5511626565833453,0.2717286779060416,0.2801899320986686,0.017465510270488784,0.0336576653542884,0.24723195950136687,0.2734289615795038,-9.239916689440058,-9.500052057153987,-16.215865550233776,-16.686346354445458,5.190809917295578,5.483982500415732,0.00923553776334407,0.00923553776334407,-1.5863493955508319,0.7430631111803926,0.004231348986935245,-0.015889255976361386,0.022902353896891405,-0.03807689009100967,53.34797852828254,21.53762227678212,522.9001785099623,5.466231198418221,187.96966931629876,DESCENDING,15,20,False,p01208,80.48270565024873,22.185990298239293,-0.004329015583391049,0.008461254192626999,0.016192155083799616,0.02619700207813694,-0.26013536771392864,-0.47048080421168237,-31.81035625150042
0.6669239016533844,0.6835930401246854,0.3166966308818564,0.3267729788501723,0.15507707745826171,0.18025629316580866,0.4347702425149472,0.4642363188537827,-8.513159138015036,-9.43598485361029,-15.908716401402064,-16.57980043435487,5.8267326393381795,5.551385556062446,0.013688610414831603,0.013688610414831603,-1.4384445191266941,0.8877494688616894,-9.697233259632387e-05,-0.01913004757641897,0.02037492817613069,-0.04485190732156578,62.00899565350401,23.020496883314024,648.3095272343694,4.576716532412733,181.0330280654648,DESCENDING,15,20,False,p04872,80.88035085223842,22.392961192957234,0.016669138471300915,0.010076347968315913,0.025179215707546942,0.029466076338835467,-0.9228257155952537,-0.6710840329528054,-38.988498770189985
0.6030243366585686,0.5571850493709057,0.30621948865299825,0.2898491659693767,0.08929988330674717,0.0937577544352503,0.34293116921068356,0.34553908145568496,-9.99636203041947,-10.333053116594035,-16.82093287268053,-17.331176175524046,5.074648321000714,5.364179610035032,0.012906145660692037,0.012906145660692037,-1.5710197765573202,0.9083334948718408,0.001275658440589076,-0.018499653708038303,0.02210117504116641,-0.04245396380155168,68.14582136630577,25.256715670487036,587.7094250480466,4.919538757206912,203.7700032030748,DESCENDING,15,20,False,p00247,80.7250206952112,22.128498383039865,-0.045839287287662844,-0.01637032268362154,0.004457871128503141,0.002607912245001398,-0.3366910861745662,-0.5102433028435165,-42.88910569581873
0.7273626909224158,0.7104911212718321,0.3354010214973176,0.33560104913376204,0.17289255665190514,0.18948105666252896,0.4722011409635164,0.4930893842630407,-8.578842902182197,-9.337311219281858,-15.780185884463855,-16.27290348955188,5.631018636812523,5.379077534160872,0.010044885757297006,0.010044885757297006,-1.5157948028416892,0.9465499594571744,0.00035214854196598586,-0.019622262737829844,0.024870415069833045,-0.04686913661368319,61.889808294657904,23.44400246075967,667.1561364126574,3.761094113229854,163.9804280270653,DESCENDING,15,20,False,p05488,80.97976215273584,22.42745634207689,-0.016871569650583673,0.0002000276364444442,0.016588500010623813,0.020888243299524323,-0.7584683170996609,-0.49271760508802487,-38.445805833898234
0.6106944785379458,0.5857348217700706,0.2967929679636185,0.29063300738911974,0.07418775158149872,0.06323946786168826,0.32054406532125646,0.31718835344718765,-8.926092440899417,-9.275560645765385,-15.91857304522416,-16.42853827483246,5.181963030300912,5.39923026701298,0.013498242557084983,0.013498242557084983,-1.4749609751894233,0.7434738179373789,0.0026549947999715637,-0.016742524722670515,0.01915026656137438,-0.04006790103479002,64.0111050192457,22.87016190381816,544.6488147076926,5.565368850821754,210.02941857956708,DESCENDING,15,20,False,p05623,80.57590374446507,22.438954725116776,-0.02495965676787515,-0.006159960574498746,-0.010948283719810464,-0.0033557118740688008,-0.34946820486596764,-0.5099652296082979,-41.14094311542755
0.6540943167302044,0.6602740254622937,0.3119207798342352,0.3116305053927301,0.12429845399027571,0.12519389457514496,0.40028257224484126,0.40774085812940447,-9.252072939847439,-9.926537465212471,-16.042636558581435,-16.88038556374832,5.058482085354411,5.252099557979397,0.012075314349472066,0.012075314349472066,-1.511561490514068,0.8048203858955081,0.0033272451022686115,-0.01730004894751641,0.0207790232761148,-0.039962998744477646,71.5400701874364,25.47829287113064,573.2962190080988,5.801803746611982,194.0559593197573,DESCENDING,15,20,False,p03931,80.62560939471378,22.34121846927775,0.006179708732089395,-0.00029027444150514503,0.0008954405848692476,0.007458285884563209,-0.6744645253650319,-0.8377490051668843,-46.06177731630576
0.7325091769348193,0.7244294481267721,0.3380048391811379,0.3414190780296785,0.17092814593810973,0.17488992022476174,0.4748858275911174,0.4890141759033087,-8.875515914007899,-9.49253980424776,-15.728786339269554,-16.108823166584074,5.1168211365665695,4.8490531259763765,0.011509690882618995,0.011509690882618995,-1.5119154895676872,0.8142180792653277,0.0031819367500048753,-0.017542027220208187,0.020990817781705483,-0.040220571403277734,76.63190467129016,27.201380991391396,618.5830833447271,4.244380282936166,170.5800352262765,DESCENDING,15,20,False,p03434,80.64424901355704,22.312472511678035,-0.008079728808047193,0.0034142388485406405,0.003961774286652009,0.014128348312191286,-0.6170238902398619,-0.3800368273145196,-49.43052367989876
0.7114002188517393,0.6826054749499082,0.33364987906445487,0.34121979707808736,0.15003814375875216,0.15452085101626292,0.44815278226078786,0.4559103832578887,-8.820145185761836,-9.334413231517532,-15.44418935226965,-15.714131177875705,4.863339392825353,4.622001545378103,0.009024533187523609,0.009024533187523609,-1.6019734968906214,0.8420984192239245,0.004053260943560974,-0.017023073208881082,0.023123503900279688,-0.039982413635557434,66.97778928955469,25.7256214049878,575.8425571755516,3.3303618584254915,172.42395531584594,DESCENDING,15,20,False,p01827,80.60075656958942,22.22048544735895,-0.02879474390183112,0.007569918013632493,0.004482707257510765,0.007757600997100822,-0.5142680457556956,-0.26994182560605573,-41.252167884566894
0.6303012578055137,0.6344288014664561,0.29247448609271814,0.3031002157914744,0.07892166981965762,0.0933459813597826,0.3416664230770422,0.3728592335249306,-8.578476626605674,-9.159231671444234,-15.54492424210594,-16.010006579108637,5.258594603434165,5.130146628484793,0.011582668297055565,0.011582668297055565,-1.4455139620352726,0.7979325079546834,0.0024416005899663027,-0.017280317664869472,0.01889181857979756,-0.03973587713621115,64.83828690924932,23.415775155977688,615.2319809683013,4.658313508647846,179.0062126277887,DESCENDING,15,20,False,p04934,80.64424901355704,22.398710384477177,0.004127543660942368,0.010625729698756248,0.014424311540124982,0.03119281044788841,-0.5807550448385594,-0.46508233700269663,-41.422511753271635
0.7108771721934728,0.714538895559526,0.33488379329258994,0.3287947034362357,0.1961455655619243,0.19198793531531808,0.48944792613874466,0.4957486240555214,-8.442962691724542,-8.988970085787912,-15.501959394656929,-16.10672818544509,5.348467938947373,5.450148207465017,0.01052101057900745,0.01052101057900745,-1.4473412448353604,0.8908877993452133,-0.00013198588733044655,-0.019230700582356066,0.02072371188198723,-0.04525896976052566,63.005141193908024,23.255846340871443,661.3680265313453,4.371934310944176,180.39463779118557,DESCENDING,15,20,False,p04774,80.8927772648006,22.38721200143729,0.0036617233660531934,-0.006089089856354257,-0.004157630246606231,0.006300697916776732,-0.5460073940633698,-0.6047687907881603,-39.74929485303658
0.7184755750973101,0.7159183604503817,0.3393556752511778,0.3417513228267814,0.17871360839846354,0.18341562387044016,0.4666099138911753,0.4819154164814495,-8.567261997288982,-9.224275935994827,-15.66027707792814,-16.237536379255005,5.506830467065571,5.3695545626994265,0.010507632171154913,0.010507632171154913,-1.452010930221452,0.9034203587842607,-0.00011555590926032613,-0.019385904803639553,0.021124721331953242,-0.045529808119096855,63.8885554936982,23.284963227665852,682.8126843304163,4.871861887063902,162.06980777684538,DESCENDING,15,20,False,p04574,80.8927772648006,22.375713618397405,-0.002557214646928374,0.0023956475756035656,0.004702015471976628,0.01530550259027419,-0.6570139387058447,-0.5772593013268654,-40.60359226603235
0.6203774836834985,0.5860344931991152,0.27601270107181086,0.25871023457747855,0.05034697970458694,0.011203107793511023,0.32204089423165394,0.2806014534918239,-8.430756697755434,-9.048080009778834,-15.449957024368947,-16.426628092807892,5.213824674968883,5.672059746792034,0.01347979790139564,0.01347979790139564,-1.6070556310268251,0.7444053811152485,0.004344358963793818,-0.016336668084694375,0.022038455505229464,-0.03881316799388532,62.003418317676456,22.941095627572412,493.8800135114487,2.592750464456043,177.95583043132092,DESCENDING,15,20,False,p03411,80.501345269092,22.312472511678035,-0.034342990484383384,-0.017302466494332314,-0.03914387191107591,-0.041439440739830025,-0.6173233120233999,-0.9766710684389448,-39.06232269010404
0.6333285903863958,0.6049144911196818,0.28842254732222067,0.2790951441192883,0.05663443843979827,0.03262806189879836,0.3184031409679138,0.29189360907020145,-9.165891031582262,-9.716772128275046,-15.495712894814714,-16.12931116466483,4.597310978905354,4.746759041763134,0.010752732207346183,0.010752732207346183,-1.5299156201357125,1.0350444522209983,0.0006563828017863523,-0.021673991978216216,0.03983246359839518,-0.051441438459560354,61.54611114258092,22.714774668706614,791.1408087850513,7.331170347231726,149.99962161161244,DESCENDING,15,20,False,p00492,81.0046149778602,22.13999676607975,-0.02841409926671401,-0.00932740320293235,-0.024006376540999907,-0.026509531897712324,-0.550881096692784,-0.6335982698501166,-38.8313364738743
0.7147235296095061,0.6589262733005172,0.3599109080225977,0.3351198428074578,0.14905901036287744,0.10613628321041155,0.4410880606755972,0.3978834415930805,-9.606911629559391,-10.263389657481495,-16.439244535974407,-16.850558737704535,5.1697955818035775,4.881150187922543,0.013129769890561804,0.013129769890561804,-1.557144294392117,0.9646305002130504,0.0007687624183852818,-0.020411022650501928,0.028755196705155302,-0.04843477046596994,71.63086794066604,26.012900999645247,709.920214806291,7.548595128500193,201.78629650939783,DESCENDING,15,20,False,p04891,80.99840177157911,22.392961192957234,-0.05579725630898891,-0.02479106521513985,-0.042922727152465895,-0.043204619082516715,-0.6564780279221036,-0.41131420173012856,-45.61796694102079
0.7443768662574405,0.702096228928487,0.35952807724649427,0.34682820279999443,0.15186318553444852,0.13798899743373197,0.4623592139099879,0.45086620229852353,-9.443921998777467,-9.93199167769973,-16.080264810377297,-16.387119111202455,4.870476283801596,4.683722383488576,0.013470443886997918,0.013470443886997918,-1.5145839371922687,0.8476929054745607,0.0021471097580062007,-0.018122987481665374,0.020767143623866065,-0.041247117898788314,88.0553351500519,31.214106773395596,688.8977345449887,8.705522846537816,217.2382887495199,DESCENDING,15,20,False,p02442,80.69395466380575,22.254980596478607,-0.042280637328953485,-0.012699874446499837,-0.013874188100716556,-0.011493011611464377,-0.48806967892226183,-0.3068543008251581,-56.841228376656304
0.7545722548182265,0.7124180951104592,0.39939229031486245,0.3850733624519782,0.2076060651672018,0.18936678308087143,0.5034668581686552,0.49397554812219446,-8.67364908768176,-8.808431518453324,-15.070907694304656,-14.996953935795764,4.618067968359318,4.3756331067214385,0.010850416223846526,0.010850416223846526,-1.5356111562528385,0.9357945216089704,0.0008600026227290738,-0.018973788530971442,0.021334146236845077,-0.043528617712762376,82.45477321920873,28.33916600109779,780.6065197208356,10.578090984761177,169.53844122166728,DESCENDING,15,20,False,p01252,80.75608672661664,22.185990298239293,-0.04215415970776737,-0.014318927862884245,-0.018239282086330355,-0.009491310046460755,-0.1347824307715637,0.07395375850889252,-54.11560721811094
0.5396644980449262,0.5242584432201469,0.26750669507469255,0.25790663459488516,-0.013921721058802919,-0.03172257702679771,0.21985960408324717,0.2065944930257803,-9.615410993820209,-10.209533314719959,-16.54740063055191,-17.477892395526617,5.121579328558124,5.57495364368378,0.01349824255708476,0.01349824255708476,-1.477061337000088,0.7127778925068741,0.0024825252553888474,-0.016631954709194118,0.019048653606125208,-0.03992505690104407,64.43958240769126,22.74363296335394,491.8957764252965,4.911039759748242,232.26923691314823,DESCENDING,15,20,False,p05718,80.54483771305962,22.44470391663672,-0.015406054824779303,-0.009600060479807382,-0.017800855967994793,-0.01326511105746686,-0.5941223208997499,-0.9304917649747075,-41.69594944433732
0.6872113279944607,0.6852317760382716,0.32847302703118614,0.3405123627363672,0.13770950879251917,0.14901691863587363,0.4254863890147877,0.44631494053914,-8.538385687190294,-8.79057341531878,-15.4319420887201,-15.683021603886473,5.058981853953951,5.062241735274295,0.011968911344405031,0.011968911344405031,-1.572084180836917,0.7514429134830459,0.003998154259700911,-0.016576645101690792,0.021470285285011027,-0.03909682759251194,68.94490223731438,24.911935373161832,612.87274369674,4.297879994244325,131.44631237309545,DESCENDING,15,20,False,p03916,80.53241130049744,22.34121846927775,-0.0019795519561891517,0.012039335705181065,0.01130740984335446,0.020828551524352312,-0.25218772812848655,-0.2510795151663725,-44.03296686415255
0.6598008189185997,0.7030360200264734,0.3058725540572022,0.33723350564655313,0.11468283358486851,0.1879808777890892,0.39356017859533826,0.4889941686580284,-8.133606754023203,-8.037640953186749,-14.805274466301073,-15.236323678182647,4.808523791954988,5.429069866755124,0.008856436480957797,0.008856436480957797,-1.518872651035586,0.7139242996370819,0.003217231590492063,-0.016570859179460617,0.02006729329759512,-0.03918510955112814,68.36236073413905,24.0340866742343,512.5953162827491,3.7971987184096796,135.36583650934435,DESCENDING,15,20,False,p05015,80.52619809421635,22.40445957599712,0.04323520110787371,0.03136095158935093,0.07329804420422069,0.09543399006269015,0.09596580083645456,-0.4310492118815734,-44.32827405990474
0.7176272648400334,0.6747410745771387,0.31857590407224573,0.332222531966841,0.1551317118618954,0.18146230448948444,0.43674945705250473,0.4734732575738001,-9.686864510723867,-9.80285512195843,-16.414157292326692,-16.633289495314898,5.066963884862414,5.13038117047294,0.012257641026235389,0.012257641026235389,-1.5384642257044998,1.009650319115989,0.0010396680949045715,-0.021830124282686766,0.04115358673844656,-0.05129533665525501,66.39762061126052,24.483172310335764,859.6273354573261,10.558788684138905,216.79449576535765,DESCENDING,15,20,False,p00695,81.02325459670347,22.151495149119636,-0.04288619026289464,0.013646627894595253,0.02633059262758905,0.03672380052129537,-0.11599061123456345,-0.2191322029882059,-41.91444830092476
0.736733719854565,0.7020003581030543,0.36076845640687216,0.35395726861870774,0.18103478883984028,0.16207319702261394,0.47328479838607407,0.4603087824296073,-8.579573039434338,-8.909276247940864,-15.303648312146356,-15.402310309373274,5.058552555583092,4.748012558772041,0.00901059318416142,0.00901059318416142,-1.5452768968889363,1.025406412706341,0.0015473120421661691,-0.02178776851819288,0.036125489654484706,-0.04966974519427139,75.07911912658314,25.584035586177542,852.6640455010888,10.969369960322538,160.6569899526431,DESCENDING,15,20,False,p02393,81.01082818414129,22.249231404958664,-0.03473336175151076,-0.006811187788164419,-0.018961591817226342,-0.012976015956466747,-0.3297032085065261,-0.09866199722691782,-49.495083540405595
0.49252791134472934,0.4845734359170198,0.23601307490181603,0.24288984806646816,0.021222284803635805,0.03950957089886803,0.227398155727795,0.2544032565313563,-10.341188525286599,-10.996937120845907,-17.5510685400799,-18.682315427410753,5.756992116786197,6.527445905611321,0.013703254838924539,0.013703254838924539,-1.4887999303173338,0.9288310002246605,0.00020555897034671913,-0.01935974700493675,0.023245007212140397,-0.046025961808427766,60.86636733465446,23.244911671336826,629.1262286435784,5.011667119500067,198.6784030430405,DESCENDING,15,20,False,p05384,80.95490932761149,22.421707150556948,-0.00795447542770955,0.006876773164652128,0.018287286095232225,0.027005100803561305,-0.6557485955593076,-1.1312468873308532,-37.62145566331763
0.7502959467329071,0.7269412144410257,0.35400683433306523,0.3671771927488514,0.20542524398604975,0.20432053870642694,0.5125588183517445,0.5129007573406815,-8.9865793743471,-9.159706674728517,-15.692678431342134,-15.592507134408507,5.005899825295537,4.679183453745163,0.016750126373013208,0.016750126373013208,-1.521086752512892,1.0538977620327066,4.835255888167436e-05,-0.02121540525082987,0.035766264760110626,-0.050643223053228055,63.05702386439995,22.444950588245554,798.2445940019561,8.140129689847301,174.6915777663681,DESCENDING,15,20,False,p00085,80.96112253389258,22.11699999999998,-0.023354732291881453,0.013170358415786176,-0.0011047052796228085,0.00034193898893697394,-0.17312730038141666,0.10017129693362747,-40.6120732761544
0.6140958518588099,0.6170374954076641,0.2951845489107832,0.30387556205889965,0.04704682232011946,0.06380123083658913,0.3091239125518389,0.3392989739896556,-8.540396721808536,-8.769549575482515,-15.63645308554719,-16.064038064603633,5.318741749041972,5.600243582626823,0.011198950700988197,0.011198950700988197,-1.5484074488758486,0.7226359600868245,0.0035758860066643604,-0.01562831249639613,0.022245352277527858,-0.03783379648943761,55.06944645160072,22.622229393315994,545.0318192428742,3.7512657667447447,139.8514323891398,DESCENDING,15,20,False,p01001,80.43921320628111,22.174491915199408,0.002941643548854178,0.008691013148116433,0.01675440851646967,0.030175061437816675,-0.22915285367397864,-0.42758497905644255,-32.44721705828472
0.6289469924029022,0.590436033259259,0.2939880531221706,0.29187013974380416,0.09087564631696238,0.0805088693065791,0.33409964018254834,0.32700793428102953,-9.452457629923082,-10.220019907542179,-16.541924223570415,-17.154293826259103,5.43374878812417,5.260713531737186,0.013712117549450453,0.013712117549450453,-1.412360691148163,0.8810312367847218,-6.389122110494464e-05,-0.018583715705525916,0.018867539288699057,-0.0433507339340929,61.8656434521636,23.71355362034105,659.4211968461165,4.75700397031451,217.09944958818983,DESCENDING,15,20,False,p05472,80.88035085223842,22.42745634207689,-0.03851095914364322,-0.0021179133783664206,-0.010366777010383271,-0.007091705901518808,-0.7675622776190973,-0.6123696026886876,-38.15208983182255
0.7296457247554986,0.7045252230637356,0.33328265651494665,0.3377891690750337,0.15583769005043954,0.15379598740269151,0.45227249072533593,0.45464104393022586,-9.810488454949912,-10.231765816373848,-16.70225240416205,-16.819885013759166,5.2408200854236044,4.91436349607276,0.012676140966561222,0.012676140966561222,-1.5048295611088136,1.0799554571172285,-8.198969281643793e-05,-0.020968112663981152,0.02979519927491397,-0.048836143148162245,68.3117841737144,24.205078283219276,766.8462474580068,8.075331059550681,245.87830459079908,DESCENDING,15,20,False,p00579,80.92384329620604,22.145745957599694,-0.025120501691763053,0.00450651256008705,-0.0020417026477480282,0.002368553204889934,-0.421277361423936,-0.1176326095971163,-44.10670589049512
0.6985082191760443,0.6715740671707342,0.31657940216707114,0.3225736803735068,0.1372700703283197,0.18718374047063085,0.4365505339899721,0.4955423825906731,-9.003843995215213,-9.33238618275351,-15.743002809715408,-16.201337481905316,4.971454968015058,5.116675198073405,0.009172443519811946,0.009172443519811946,-1.5835362837272373,0.8614319915881388,0.002473217104322922,-0.017761675645575015,0.022346806065864127,-0.041163937502644396,62.03071280240578,23.99182088261767,567.7280434100038,4.03445749571294,196.47395963320471,DESCENDING,15,20,False,p00738,80.6691018386814,22.15724434063958,-0.02693415200531013,0.005994278206435666,0.049913670142311156,0.058991848600701,-0.32854218753829656,-0.458334672189908,-38.038891919788114
0.6765349024920149,0.6729219975911419,0.305387553094722,0.331635122072331,0.1180975989862139,0.17272299730392768,0.412826272605819,0.4755665006795667,-8.750606098870248,-9.238610776412926,-15.53737175481504,-15.931343695957144,5.015292936546351,4.957126047153053,0.011794059072953389,0.011794059072953389,-1.6147849491068396,0.8425438791275985,0.00415269234466791,-0.016835897655267138,0.02347147177323427,-0.03979012196935227,61.71102750321878,24.15211215363928,559.7203089359318,4.371723558365677,138.76810596662523,DESCENDING,15,20,False,p01525,80.58833015702724,22.20323787279912,-0.0036129049008729597,0.026247568977608993,0.05462539831771378,0.06274022807374768,-0.48800467754267807,-0.3939719411421052,-37.5589153495795
0.6999841392388226,0.6822799853295045,0.3631415227035027,0.37284721169894514,0.16135312551122213,0.16998970189219037,0.43833673166876447,0.46155207700280887,-9.554081736222006,-9.536931004035749,-15.910622867032803,-15.969497471093486,4.503477552876997,4.526120892811753,0.011671338347930216,0.011671338347930216,-1.606063568590954,0.8165133356490143,0.0042674411844424364,-0.016717686608887283,0.02312747554486283,-0.03944024410181061,62.08703290958509,23.97903250078833,640.8471293502313,10.538515389257697,231.37483806075235,DESCENDING,15,20,False,p01922,80.56969053818398,22.226234638878893,-0.01770415390931812,0.00970568899544244,0.008636576380968236,0.0232153453340444,0.0171507321862574,-0.058874604060683566,-38.10800040879676
0.748336651786391,0.7242444236016893,0.32517074807230373,0.32783824636231024,0.17204065955307396,0.19497003858859172,0.4858347511085471,0.5203047750732083,-8.777069016371424,-9.08031729677012,-15.692129346393834,-16.310055898121195,5.261767343942277,5.637955077087702,0.010426316636151234,0.010426316636151234,-1.5015534578859808,1.0869448863319833,7.489271790788693e-05,-0.021074237247995672,0.029524094942897303,-0.048747819584244484,68.39619876565455,24.891925441184547,707.5836888230822,7.832974508783856,202.32815238705032,DESCENDING,15,20,False,p01180,80.93005650248713,22.18024110671935,-0.02409222818470169,0.002667498290006509,0.022929379035517755,0.034470023964661145,-0.3032482803986962,-0.6179265517273613,-43.50427332447
0.6995818665353594,0.6733084316234182,0.32724249812561,0.3416392101377818,0.14614332397107507,0.1564606746713134,0.43755439796694634,0.4586229754311206,-8.681440163772464,-8.976388409404708,-15.691009369738138,-15.89116024900969,5.218741183008166,5.109835468720069,0.011842554455661958,0.011842554455661958,-1.6074173643801593,0.7798637197414633,0.004435688041567139,-0.016458787363547504,0.022779510710623913,-0.0388981529586434,59.260122710335864,22.637517022390437,549.8832394726742,4.642190899782409,168.43420421093057,DESCENDING,15,20,False,p02316,80.53241130049744,22.249231404958664,-0.026273434911941118,0.014396712012171797,0.010317350700238315,0.021068577464174287,-0.2949482456322432,-0.20015087927155228,-36.62260568794542
0.7245500498861206,0.6988551774299127,0.33572163798069066,0.32274697162168414,0.16835318450472342,0.1454657416933085,0.4653376834212767,0.4441582824401012,-8.875756101284932,-9.454959928523866,-15.526189290148194,-16.12062270284281,4.8613926220201815,4.900990833707779,0.0134705401322599,0.0134705401322599,-1.5269378192209269,0.8299576959085897,0.0029820332582757864,-0.017704222803491147,0.02130497445123289,-0.040571610328199136,82.44519019365963,29.551387289815743,622.4064935378284,4.774961999050983,156.56640313980333,DESCENDING,15,20,False,p02836,80.65667542611922,22.277977362558378,-0.02569487245620794,-0.012974666359006515,-0.022887442811414915,-0.02117940098117549,-0.5792038272389348,-0.5944334126946149,-52.893802903843884
0.7297482199641239,0.6669953545133734,0.38255831468905377,0.3587359684183224,0.22412152042068875,0.19221302458963116,0.5066251315523489,0.48217514147187324,-10.089092722512845,-10.310914351167213,-16.799262001512208,-16.743128640636517,5.022228034783039,4.744622050311393,0.010843264026739075,0.010843264026739075,-1.525192650384463,0.9532609567265963,0.0004991612998260044,-0.020161255962514356,0.026516242422798916,-0.04763324126338068,67.84850905801608,24.554586633917403,777.1274738348254,17.68827671580842,237.2687255831898,DESCENDING,15,20,False,p04686,80.96733574017367,22.38146280991735,-0.06275286545075043,-0.023822346270731376,-0.03190849583105759,-0.02444999008047566,-0.22182162865436794,0.056133360875691096,-43.293922424098675
0.7146944137084867,0.6803554922325278,0.3257188570699969,0.3147285877809792,0.1744227234032173,0.16060619754409808,0.4786497747829475,0.47600557809441435,-8.8202945111849,-9.038715925924155,-15.693477595449444,-16.047012275750916,5.0865247201016315,5.293497759001111,0.0131857527006487,0.0131857527006487,-1.6098853743109545,0.8595312107088919,0.003795188789929838,-0.01716159247271419,0.02323597013583012,-0.04029923260957545,66.19590288716653,25.817623202500002,553.52042955684,3.181537378166862,180.27816366051573,DESCENDING,15,20,False,p01429,80.6131829821516,22.19748868127918,-0.03433892147595896,-0.010990269289017751,-0.013816525859119216,-0.0026441966885331625,-0.21842141473925558,-0.35353468030147184,-40.37827968466652
0.5141765790241726,0.5074368600960734,0.2705446084573307,0.26082386937712104,-0.055131084671754885,-0.06796852902555388,0.1597817190334901,0.15607942105624026,-9.195822248724358,-9.906130711050606,-15.805247408487853,-16.713626517873482,4.774170019471627,4.983567378800029,0.011693497687163434,0.011693497687163434,-1.5864006164406337,0.7610384346572339,0.003971738012834773,-0.01616241292589114,0.023704128721220703,-0.03884834150163973,51.48167184371181,22.34262692274516,548.0069494483681,2.605418648220203,110.46404381034729,DESCENDING,15,20,False,p00316,80.53241130049744,22.134247574559808,-0.006739718928099214,-0.00972073908020965,-0.012837444353798994,-0.00370229797724983,-0.7103084623262479,-0.9083791093856295,-29.139044920966647
0.7309620535347066,0.6842075427806117,0.3320971688046225,0.3095799589098343,0.21122995614338155,0.16321574858930288,0.5187950713930487,0.4767569388698283,-8.611288713681875,-9.233666577360701,-15.848920286336657,-16.171609826332613,5.643010133812878,5.338861417147337,0.012630095087918125,0.012630095087918125,-1.544846767119095,0.9499970121063464,0.0005260534802214541,-0.020109871758970475,0.027042533805277998,-0.047996418610365396,67.17103023794448,24.83521998472458,664.4877473892781,5.102311496760067,182.7197839513572,DESCENDING,15,20,False,p05089,80.98597535901693,22.40445957599712,-0.04675451075409487,-0.02251720989478817,-0.048014207554078675,-0.04203813252322042,-0.6223778636788264,-0.32268953999595595,-42.3358102532199
0.7015948718114051,0.6724157928639309,0.31731683928609206,0.32051819560967526,0.14333983492549274,0.16980870745080465,0.43904865797683923,0.4749918469758012,-9.072940782235342,-9.458585458663629,-15.805480406369638,-16.316159615462407,5.025317678379074,5.132703150893869,0.012032366942931083,0.012032366942931083,-1.5840725325731682,0.8617024819044145,0.0026452001275909832,-0.017710607032364947,0.022352106440676655,-0.04108123880329417,70.06247273536577,26.725420289714588,568.9407334485853,4.293195351517475,191.66634652324234,DESCENDING,15,20,False,p01137,80.66288863240031,22.18024110671935,-0.02917907894747418,0.0032013563235832043,0.02646887252531191,0.035943188998961983,-0.3856446764282868,-0.5106792090927694,-43.33705244565118
0.6465415973402672,0.6479106077418348,0.2924199503524144,0.31662042942248136,0.10680171160498725,0.14828838922582974,0.3659819766206457,0.41789868168855776,-8.734701147506168,-9.571772449120111,-16.089408427841914,-16.923689373890888,5.789135160065858,5.736099521951201,0.012887234371336542,0.012887234371336542,-1.4272313843986393,0.8795471046017468,-0.00010999894464176718,-0.018829841154107536,0.019577822576547867,-0.04417056082373042,62.05324975794805,23.663595201110493,653.6894612077629,4.041062316686088,182.50690666559535,DESCENDING,15,20,False,p05273,80.88656405851951,22.415957959037005,0.0013690104015676718,0.02420047907006695,0.04148667762084249,0.05191670506791207,-0.8370713016139426,-0.834280946048974,-38.389654556837556
0.5435661131541143,0.49888676312367447,0.2670468349898741,0.25488373170652556,0.008588838847102284,0.002146813930835371,0.209927300107025,0.2157858740760798,-9.898656799680392,-11.003442440773505,-17.105091205618805,-18.12772225384995,5.681068217814447,5.6136402923709685,0.01037280680962116,0.01037280680962116,-1.4775116293057795,0.9519893387376454,2.510906153548138e-05,-0.020027692957893514,0.023413104119897915,-0.04681783584634191,67.39861866356354,23.730354213888468,697.039658177051,5.820095288343163,176.4412202024078,DESCENDING,15,20,False,p03976,80.90520367736278,22.34121846927775,-0.044679350030439824,-0.01216310328334852,-0.006442024916266912,0.005858573969054787,-1.1047856410931125,-1.022631048231144,-43.66826444967507
0.7207689970268935,0.7396062887081467,0.3303657973791628,0.3624388056063696,0.11456128870144908,0.18260368558106013,0.4132066596308093,0.49588086823197225,-7.9556614014473075,-8.355894736758398,-14.425988670970026,-14.715381402046669,4.654091208176797,4.585507739913498,0.012873616863415482,0.012873616863415482,-1.5507943435322513,0.9458429841565654,0.0007062417930519142,-0.01899769877300784,0.021888587006072397,-0.04347674750754143,76.95239844461426,27.593266442309336,764.4394798292944,5.699025686448189,107.34903776471548,DESCENDING,15,20,False,p00453,80.76229993289773,22.13999676607975,0.018837291681253254,0.03207300822720682,0.06804239687961106,0.08267420860116292,-0.40023333531109007,-0.2893927310766422,-49.359132002304925
0.6984141268647253,0.7118712512140386,0.335472054596786,0.34768462729630445,0.1635658444798905,0.17651283155420522,0.4460711974431865,0.47433413597698554,-8.68871822399052,-9.256157933454311,-15.58427646536123,-16.17193238370109,5.161723248954221,5.222202724657122,0.012874938246670187,0.012874938246670187,-1.4453212583118173,0.8998310565274936,-0.0001045640081451956,-0.019266378994800926,0.020761127914424356,-0.04519496775831319,63.161847829818726,23.171378423352564,678.7758396167268,7.229264802816678,160.7014758605168,DESCENDING,15,20,False,p04673,80.88656405851951,22.38146280991735,0.013457124349313343,0.012212572699518476,0.012946987074314714,0.02826293853379902,-0.5674397094637911,-0.5876559183398609,-39.99046940646616
0.7369309759704685,0.7320669768183117,0.38713018936330656,0.39647128130772585,0.18505252967365773,0.2069256110257331,0.4892181264870184,0.5250330021586327,-9.172787758107825,-9.135283501299002,-15.400693335624934,-15.488777287551335,4.461707174854222,4.545786414621302,0.010773552271796771,0.010773552271796771,-1.5577981639041776,0.940337967822533,0.000793130838959747,-0.018902432474975556,0.022039421793150295,-0.04325609297450126,74.37110217426856,26.862991123164566,661.6520123938166,9.931826006196912,214.25762804140905,DESCENDING,15,20,False,p00252,80.75608672661664,22.128498383039865,-0.00486399915215685,0.009341091944419289,0.021873081352075358,0.03581487567161429,0.0375042568088233,-0.08808395192640006,-47.508111051103995
0.6272808706973841,0.6106321557340052,0.3041501771310392,0.30073808234315513,0.10176356882789814,0.10327828866743512,0.34734542643255306,0.35452158801967765,-8.849020365190547,-9.23079455975108,-15.831142914191071,-16.423677076268206,5.331767622802824,5.791614762155651,0.008892874441855048,0.008892874441855048,-1.4898394201120104,0.8584350514316375,0.0016913820722721815,-0.01840066924973128,0.020455213866726864,-0.04184268590756887,84.67161904261796,29.836621304098824,742.3561456447394,7.727298330315829,94.60835244417622,DESCENDING,15,20,False,p02545,80.71259428264902,22.26072978799855,-0.01664871496337894,-0.003412094787884068,0.0015147198395369793,0.007176161587124585,-0.3817741945605331,-0.5925341620771345,-54.834997738519135
0.7457705365187431,0.722478601413643,0.31658030888755617,0.32270490161423443,0.16255966454773876,0.179939021320163,0.4752447488683466,0.5028430766040676,-8.099691854502538,-8.425239435372605,-15.167081488352713,-15.644205624437888,5.432771052611585,5.597421146435597,0.009439851541603983,0.009439851541603983,-1.5033179598713264,1.0848285096838997,0.00014252722890149936,-0.021132745952057806,0.03018545859063249,-0.04891713073372324,67.61714772619683,24.553604558969138,719.571788555051,9.393496602582681,140.27156796444783,DESCENDING,15,20,False,p01081,80.93626970876822,22.174491915199408,-0.023291935105100192,0.006124592726678257,0.017379356772424248,0.027598327735720962,-0.32554758087006697,-0.477124136085175,-43.06354316722769
0.6511430011889263,0.6204462804167029,0.28841451879387175,0.29192705107045713,0.11408778303452129,0.10183546878440942,0.36850557775446413,0.3837916219348899,-9.388023988661034,-9.715039318945761,-16.101158320742325,-16.266667260334486,4.998667384802906,4.850596688034343,0.010427419326343723,0.010427419326343723,-1.4795841828780139,0.9780126131565122,-3.0464824470214565e-06,-0.020297128515483653,0.02349889942572661,-0.04708812573206815,70.76466650336327,24.426099718487173,773.043060469605,8.57657606947572,192.82497587648777,DESCENDING,15,20,False,p03174,80.8927772648006,22.295224937118206,-0.030696720772223407,0.0035125322765853784,-0.012252314250111862,0.015286044180425784,-0.32701533028472696,-0.1655089395921614,-46.3385667848761
0.718516458645011,0.6804203723229237,0.34032893480023185,0.331831994139604,0.1697238649552452,0.1700692746620094,0.46673864821368716,0.46475398166381476,-9.033900644677432,-9.694924014992706,-15.750752655439625,-16.47170385122422,5.0130254240848995,5.060232127600518,0.01286747167590796,0.01286747167590796,-1.4692482973071987,0.9537837613768655,6.730378485982136e-05,-0.019797100020187936,0.021767320171838772,-0.04565003199498222,63.99267894421182,22.868655491919412,665.8135494244405,4.673015542880912,182.0915214104584,DESCENDING,15,20,False,p02765,80.8368584082708,22.272228171038435,-0.038096086322087275,-0.008496940660627839,0.00034540970676422145,-0.0019846665498723937,-0.6610233703152737,-0.7209511957845951,-41.124023452292406
0.7212309046182824,0.6905015420655012,0.34286916295994024,0.3442402180952441,0.14952905808935854,0.16467928643222213,0.43972722095687,0.46365073494756287,-8.501723894591686,-9.224305848174678,-15.686149972848236,-16.229354748987124,5.6316303158720835,5.393993940095963,0.013622615991038423,0.013622615991038423,-1.5204445756337022,0.9869883953920235,0.0006966938924302344,-0.020733146273603925,0.027856672659561703,-0.047936923496160494,70.16659528337618,24.045516873449227,694.0783905291181,5.336306388180699,170.81584217341305,DESCENDING,15,20,False,p03784,80.95490932761149,22.329720086237863,-0.030729362552781248,0.0013710551353038336,0.015150228342863586,0.02392351399069287,-0.722581953582992,-0.5432047761388876,-46.12107840992695
0.7752839268264505,0.7433101899691026,0.40093711341890104,0.39897751714756763,0.22583885968193398,0.2297018513818143,0.536773154784778,0.546101948887423,-8.227829061538534,-8.141540936530928,-14.53427425050699,-14.324120658321746,4.521826256840828,4.391543291036442,0.0094832992698074,0.0094832992698074,-1.5452009437012622,0.9246401880601037,0.0010561188405388072,-0.018800805582718842,0.02149877322001514,-0.043124396478219,82.04151501372525,28.56694856582711,854.7537196961816,8.34524543191695,131.08006851124114,DESCENDING,15,20,False,p01150,80.74366031405447,22.18024110671935,-0.031973736857347945,-0.001959596271333408,0.0038629916998803027,0.009328794102644977,0.08628812500760574,0.2101535921852431,-53.474566447898134
0.7701493175894921,0.7206931793975762,0.35344331846478083,0.3347199516111404,0.2136944161142179,0.17221515672026486,0.5316693071171744,0.49432150676906644,-8.46758510681436,-9.155104586847546,-15.728657473280865,-16.210972470683625,5.658750661974451,5.409604721404048,0.013670583301703787,0.013670583301703787,-1.5512320649672198,0.9627630316860495,0.0006794907976201509,-0.020337057248152334,0.028052883701213806,-0.04824182531369424,70.714671598311,25.722552080423917,688.9115289642558,4.510344662250173,195.83876071825287,DESCENDING,15,20,False,p04890,80.99218856529802,22.392961192957234,-0.049456138191915966,-0.018723366853640455,-0.041479259393953055,-0.03734780034810797,-0.6875194800331865,-0.48231499740276007,-44.99211951788708
0.5365535331009319,0.5167540674400258,0.2539746046618809,0.25354290545615965,-0.032171523311715265,-0.038234413891715974,0.2013581962715287,0.19883762565775262,-9.211532442981463,-9.958464815471904,-16.24323718917001,-17.256525617995944,5.216597552467264,5.599187535642405,0.009024040106396458,0.009024040106396458,-1.6113595959497604,0.7417811963009796,0.00438688865033078,-0.016197155303011204,0.02225160844504683,-0.03871672516023349,58.84209722367517,22.16545439092782,491.83551947532567,3.2010397504598878,165.55979364952415,DESCENDING,15,20,False,p03009,80.48891885652982,22.289475745598264,-0.019799465660906068,-0.00043169920572122544,-0.0060628905800007085,-0.0025205706137760853,-0.7469323724904413,-1.013288428825934,-36.67664283274735
0.7126696250003431,0.6971240481991217,0.30538731511473016,0.304356312094258,0.14366949934767356,0.17327342037670404,0.4495795679968877,0.4825686522775578,-8.601204629271402,-8.908305930798292,-15.423419558011089,-16.136521293212024,5.13561890557342,5.628571048026934,0.010244569017292537,0.010244569017292537,-1.4891618299344545,1.0608927277705482,-3.469449560906749e-05,-0.02072728416890515,0.0254297898568073,-0.04770176990628598,72.12956028524107,25.654074495726256,671.5984190229301,5.481493927319859,175.81409917910796,DESCENDING,15,20,False,p02176,80.90520367736278,22.23773302191878,-0.015545576801221483,-0.0010310030204721543,0.029603921029030478,0.0329890842806701,-0.30710130152688997,-0.7131017352009348,-46.47548578951481
0.5818124995476247,0.61491917975312,0.2833320270835266,0.30620192097751414,0.028936252086102895,0.08546340650647266,0.2833989223104997,0.36402573297759383,-8.7275028018989,-9.225257587408267,-15.666976709137456,-16.160694855259422,5.194581303380219,5.273193438864046,0.01272210012899766,0.01272210012899766,-1.352836509663662,0.8774128072701882,0.00023108111319113862,-0.01772556869356124,0.016527652775615093,-0.04011225585892739,56.819201004744016,21.7444100012979,610.3603879244922,3.4971041468616897,166.1988272793358,DESCENDING,15,20,False,p05761,80.81200558314644,22.44470391663672,0.03310668020549534,0.022869893893987525,0.05652715442036976,0.08062681066709415,-0.49775478550936647,-0.4937181461219655,-35.074791003446116
0.750691452057213,0.7043471055357056,0.35947890599493415,0.34209235196191734,0.22766204366726808,0.18069647754133686,0.5316512703506456,0.48776199084513644,-8.386842887074504,-8.953282151638138,-15.138056523485027,-15.684395712126301,4.947077352750022,5.004453106421731,0.01161396621878441,0.01161396621878441,-1.5605606841669755,0.8123281828317264,0.004080716941406874,-0.017188363464860728,0.022163364346527565,-0.03987920251412608,70.31077594314117,25.33541266774871,617.2433407169888,4.201293872100185,149.2537124853061,DESCENDING,15,20,False,p03228,80.60696977587051,22.30097412863815,-0.04634434652150743,-0.01738655403301681,-0.046965566125931224,-0.04388927950550919,-0.566439264563634,-0.5463391886412747,-44.97536327539245
0.5008816270691175,0.48655350914053785,0.24275447769819922,0.2432025609030408,0.00525943114316876,-0.006802337182725314,0.22432036357629956,0.21145464440247086,-9.781112801909217,-9.98479927390184,-17.305799133375235,-17.74488094086527,6.082649162560456,6.4276651921801795,0.013319443087055016,0.013319443087055016,-1.604166680798062,0.7590219450341987,0.004491109255744955,-0.016074585592986544,0.02306247383552504,-0.03823754542691309,52.559157752382745,20.854883155970413,520.182224178639,4.173716435231505,168.3674176637722,DESCENDING,15,20,False,p01411,80.501345269092,22.19748868127918,-0.014328117928579687,0.00044808320484157615,-0.012061768325894074,-0.012865719173828699,-0.2036864719926239,-0.4390818074900338,-31.704274596412333
0.6421870473322098,0.6249034761812163,0.3153321322159451,0.31369582561938286,0.08724365316417867,0.0727147891769196,0.36133232005688204,0.3488124221999796,-9.614380317830648,-10.167045664550022,-15.951166984126065,-16.705359497625746,4.540379651669992,4.802273082075896,0.009687430155148946,0.009687430155148946,-1.544568780950181,0.9725657797097688,0.00030691444633059416,-0.019307570046022265,0.02197874764106632,-0.04406353248343184,75.46973991961704,27.144752052022415,806.3607931349161,4.559581178655473,192.6587710731496,DESCENDING,15,20,False,p00257,80.78715275802209,22.128498383039865,-0.017283571150993438,-0.0016363065965622203,-0.01452886398725907,-0.01251989785690244,-0.5526653467193743,-0.7541925134996816,-48.32498786759463
0.7253347002084978,0.7319783865764915,0.3445391351801873,0.3628806762755532,0.19992923499815726,0.21178464010002046,0.49671671338732326,0.5201685976130253,-8.431832159495153,-8.461222250707637,-15.252757999756923,-15.482325401246518,4.948016221989768,5.204649280078122,0.013464807253702693,0.013464807253702693,-1.5218336147860452,0.734340900823587,0.003353947396230823,-0.01666455123268268,0.020254173859052135,-0.03929066143193132,68.35706123107119,24.337858964402386,542.3427747327371,6.156298438773389,166.85268220968683,DESCENDING,15,20,False,p04818,80.54483771305962,22.392961192957234,0.006643686367993729,0.0183415410953659,0.011855405101863198,0.02345188422570199,-0.029390091212484037,-0.22956740148959476,-44.0192022666688
0.7783162800829267,0.7452169498025549,0.34317873884432093,0.34411895130466136,0.20476725598495576,0.19249243126948837,0.5181328412595226,0.5077577919410788,-7.38615525509127,-7.804665602092614,-14.200453162890884,-14.314879906864995,5.0958709343374125,4.7111963219930795,0.01258509969796362,0.01258509969796362,-1.4987363165391427,1.0889842175821913,-0.0001622286509580239,-0.02087663058543641,0.02792176011318784,-0.048325784230934435,70.2427762710885,25.122575078598445,758.594258227686,8.659927647586112,111.99266071199901,DESCENDING,15,20,False,p00877,80.91141688364387,22.162993532159522,-0.03309933028037182,0.0009402124603404283,-0.012274824715467397,-0.010375049318443796,-0.4185103470013436,-0.11442674397411068,-45.12020119249006
0.6318660338176426,0.6141134843725251,0.31184769592674977,0.306375227753989,0.07545025794941004,0.06437020705089994,0.3404140181143505,0.34305296434582205,-8.885983340505293,-9.30978471917778,-15.736925583863963,-16.0002357290213,5.011655700242118,4.851093065940056,0.008087749270260458,0.008087749270260458,-1.5009371755940497,0.6450993242573911,0.0025734982129323796,-0.016314194898590643,0.020101253351167383,-0.03879151880002821,65.48037052458814,22.520988100316163,516.7093585430366,3.6731901835588157,175.90838840630653,DESCENDING,15,20,False,p04802,80.4454264125622,22.392961192957234,-0.017752549445117505,-0.005472468172760758,-0.011080050898510108,0.0026389462314715395,-0.42380137867248635,-0.26331014515733564,-42.95938242427198
0.7269264357060663,0.7246010033767468,0.36145100518924633,0.36046433907893766,0.15667137445865092,0.15535808911218937,0.45747071473821194,0.46175481323031853,-9.665636032463782,-9.870819840845286,-15.976511484795155,-16.254731086780193,4.5240692505767175,4.647875622495284,0.011233846594171926,0.011233846594171926,-1.4367871979513105,0.8395141301099709,0.0015242789153745275,-0.01828096760156868,0.019453414317637863,-0.04134696980559469,77.86509297581487,27.708443827655195,801.36784118075,10.686359166246914,213.763018397256,DESCENDING,15,20,False,p03646,80.71880748893011,22.32397089471792,-0.0023254323293194767,-0.000986666110308676,-0.0013132853464615513,0.004284098492106592,-0.20518380838150385,-0.2782196019850378,-50.15664914815968
0.6728460376285748,0.6404986660684568,0.3317314410459173,0.3295024697635242,0.14071298553610725,0.1303920112945525,0.41998926482994714,0.4174943724390817,-9.168142317651947,-9.427421509148097,-16.064234562019884,-16.378205140927527,5.098967474546962,5.150837635639288,0.008804458700365836,0.008804458700365836,-1.6088687171939007,0.7768523537734467,0.00445397363331228,-0.016380652281546084,0.02287640855102336,-0.03877127560775393,58.00592189766195,22.26174101668553,557.6026581708181,4.001810195018344,216.966378644526,DESCENDING,15,20,False,p02215,80.52619809421635,22.24348221343872,-0.03234737156011791,-0.0022289712823930774,-0.010320974241554759,-0.002494892390865422,-0.25927919149614986,-0.313970578907643,-35.744180880976415
0.6893171246944549,0.6871256730896022,0.31667808337080383,0.3231906611521747,0.15271976809104137,0.1664816259814284,0.44124766788352787,0.4575071337556227,-9.66940882070713,-10.439288861382197,-16.763740696763577,-17.404353054922677,5.488242613314799,5.413634477052483,0.013542093571277447,0.013542093571277447,-1.536716682586273,1.0388382183939164,0.001230285528850789,-0.0215624184826007,0.033163548334742776,-0.04917043473532774,75.13748852332144,25.474037776898296,749.0667210544833,7.721014492753618,227.12162875515878,DESCENDING,15,20,False,p02690,80.99218856529802,22.266478979518492,-0.00219145160485279,0.006512577781370876,0.01376185789038703,0.016259465872094814,-0.7698800406750674,-0.6406123581590997,-49.66345074642314
0.6737153741129813,0.6901453587938514,0.31642075640338513,0.3366795736095377,0.14993367884852948,0.19193659803902208,0.4244485369172242,0.4771526016307432,-8.568513089071663,-9.357287655123562,-15.904141903836626,-16.656730577795024,5.7377264348897565,5.722843088203652,0.013675958784944542,0.013675958784944542,-1.4384445191266941,0.8877494688616894,-9.697233259632387e-05,-0.01913004757641897,0.02037492817613069,-0.04485190732156578,62.445106498081316,23.046264432642577,661.1398249890111,4.958253086666398,170.91309385863275,DESCENDING,15,20,False,p04772,80.88035085223842,22.38721200143729,0.01642998468087009,0.02025881720615258,0.042002919190492594,0.05270406471351902,-0.7887745660518988,-0.7525886739583978,-39.39884206543874
0.6852006998070888,0.6460124805675677,0.3234195468090553,0.312934701478476,0.12753673625090461,0.11708151467292975,0.41151571274851617,0.40165594295558055,-8.77678298237513,-9.509980969827737,-15.43469998631311,-16.440555297533276,4.879087484759051,5.2072665879140825,0.013311099544857763,0.013311099544857763,-1.5611341162799055,0.8190863210538332,0.003934115794868258,-0.017243100491524443,0.02217746669525359,-0.03999598937782131,72.51344706981668,26.28246724147902,616.5648838474337,6.521406629975678,149.21109848969664,DESCENDING,15,20,False,p03029,80.6131829821516,22.289475745598264,-0.039188219239521094,-0.010484845330579307,-0.010455221577974863,-0.009859769792935624,-0.7331979874526073,-1.0058553112201665,-46.23097982833766
0.6719948559884901,0.6702185530531852,0.3279915299444554,0.3261429718192693,0.11937950631407598,0.12718482068191467,0.3949588623435468,0.4145735936695074,-7.827888824786153,-8.124733719530704,-14.439052824825605,-14.858463233391836,4.743665670134602,4.856412467033125,0.011962900689869715,0.011962900689869715,-1.5497011196238861,0.7382956054185402,0.0036829229760979507,-0.01658723766162531,0.020893672468321942,-0.03914924708483565,69.47645927215144,24.90534513623175,571.1847383101697,4.959181048688534,117.09872752264818,DESCENDING,15,20,False,p04316,80.53241130049744,22.36421523535752,-0.001776302935304841,-0.0018485581251860839,0.007805314367838684,0.019614731325960588,-0.29684489474455145,-0.4194104085662307,-44.57111413591969
0.5427801382167065,0.5324696385093218,0.2751298496972033,0.28094453966278143,-0.01554426552759165,0.006949934527262719,0.20942620570534315,0.2566823861042323,-9.594146778065658,-10.07844748317298,-16.425031728909545,-16.907575537284927,4.9782350037377014,5.055696961533739,0.008411361726226474,0.008411361726226474,-1.5385437031926144,0.7197496230888198,0.0034711016668869388,-0.01652264043715238,0.020569580346069233,-0.03910140341193118,69.3392830983689,24.56407998751288,616.8280154954033,3.8108483893782563,120.31701279495924,DESCENDING,15,20,False,p04614,80.51998488793527,22.38146280991735,-0.010310499707384624,0.005814689965578157,0.02249420005485437,0.047256180398889125,-0.48430070510732115,-0.48254380837538235,-44.77520311085601
0.70456829872692,0.7041122504690267,0.31117499923960185,0.3153183227688678,0.14707517056883476,0.18362839260710428,0.45623357358214756,0.49771575770371157,-8.739016288600256,-9.00343147359172,-15.501805633002473,-16.09944307393825,5.01000668533946,5.481324965368676,0.013506424641065995,0.013506424641065995,-1.494755016109338,1.0613662066635223,0.00011707824890189553,-0.020866684836330952,0.026671413837070498,-0.04800748038462597,71.95142968902869,25.657913957946583,689.1337728421919,6.49603161903542,179.88778122699782,DESCENDING,15,20,False,p02078,80.91763008992496,22.231983830398836,-0.000456048257893249,0.004143323529265941,0.03655322203826952,0.041482184121564014,-0.26441518499146355,-0.5976374409357774,-46.2935157310821
0.6794560121641526,0.6495548657400392,0.3488680638179904,0.33942380829043445,0.12482077230994842,0.12376812147915325,0.3966928869464497,0.39336353110811845,-9.448523966174387,-9.9335322802588,-15.857007687878971,-16.25644650518597,4.624003878189817,4.5545959365220705,0.008652507649309582,0.008652507649309582,-1.4547249456930549,0.8365293219474459,0.001730369367759202,-0.018372464227448093,0.019965649196560787,-0.04154814731956493,84.10128257871763,29.64909629804343,879.4968287864617,5.026681383017005,182.38152938071363,DESCENDING,15,20,False,p03245,80.71259428264902,22.30097412863815,-0.029901146424113456,-0.009444255527555956,-0.001052650830795171,-0.0033293558383312716,-0.48500831408441414,-0.39943881730699893,-54.4521862806742
0.5587845573103458,0.5408436370402697,0.27051694394844156,0.27803991778488085,0.01818487314059852,0.03860775844707946,0.25236606993770033,0.2844151608045753,-9.470096538122366,-10.202964896728545,-16.672716170721444,-17.70285247655506,5.5721075590509965,6.04344624246355,0.011271776556695645,0.011271776556695645,-1.5957112352446174,0.8429556901924118,0.002826243369362068,-0.017405277675842296,0.023064376562381195,-0.04077651837657387,52.3440517373281,21.453205004565792,550.802883802562,4.008694882095788,127.064994243666,DESCENDING,15,20,False,p00434,80.64424901355704,22.13999676607975,-0.0179409202700761,0.007522973836439295,0.020422885306480943,0.03204909086687496,-0.7328683586061793,-1.030136305833615,-30.89084673276231
0.6840255879367051,0.6445846758444614,0.32984808319766834,0.3124563311296213,0.13864888615431747,0.11625922719439484,0.4045473060580964,0.39338872245493994,-7.784245770110418,-8.242372688323098,-14.31054165418193,-15.1876795540923,4.740017178849489,5.328170285386613,0.008242166706334486,0.008242166706334486,-1.4428929180871286,0.8163451841688454,0.0021893353240528077,-0.017650158563109832,0.019174976728864094,-0.040048240545951484,72.6651100094301,25.968187946472717,774.1393776677414,13.215477118719008,138.88226168179233,DESCENDING,15,20,False,p04339,80.67531504496249,22.36421523535752,-0.03944091209224365,-0.01739175206804705,-0.022389658959922634,-0.011158583603156469,-0.45812691821267926,-0.8771378999103696,-46.69692206295738
0.553336542225976,0.5278413029379215,0.25887698977080115,0.2631246113864031,0.031380773776252764,0.039889632331218026,0.25022851940041063,0.27194839099733875,-10.122166616190412,-10.758812640260098,-16.833755266470764,-17.77558815191937,5.052430602305273,5.561836748035991,0.01359788956231367,0.01359788956231367,-1.4749945451381654,0.9677526580583456,2.0050588351302983e-05,-0.0201714565756195,0.023073172444114443,-0.046764991993670034,68.4948106165124,23.75911239732118,698.3090659011118,5.884215240182002,225.5094721353688,DESCENDING,15,20,False,p03272,80.88035085223842,22.30097412863815,-0.025495239288054417,0.0042476216156019375,0.008508858554965262,0.02171987159692812,-0.6366460240696856,-0.9418328854486049,-44.73569821919122
0.6339600319586921,0.7093545756870907,0.2877468116904808,0.33383568366849736,0.07262311445693363,0.1869749183401422,0.3427213877349621,0.4863155067201318,-8.156132057711753,-8.125163307834747,-14.834118725285663,-15.38503461031493,4.83736853905711,5.506992968524341,0.013514649163798631,0.013514649163798631,-1.5049446628825234,0.7193292558881825,0.003026041173541187,-0.01663047096987887,0.019764994775262543,-0.039415689417358096,67.28996771356483,23.790972301559723,498.1911503859115,5.0208935905016,177.49470269579228,DESCENDING,15,20,False,p05117,80.53862450677853,22.410208767517062,0.0753945437283986,0.04608887197801659,0.11435180388320858,0.14359411898516972,0.030968749877006374,-0.5509158850292675,-43.498995412005115
0.7706892267741757,0.7477665093236248,0.37345203032331664,0.38460753634939193,0.20076586464913138,0.20553534191545064,0.5059281214158203,0.5169533526621303,-9.373058446995982,-9.553294944572569,-16.105110369483757,-16.03869752399173,5.01340140709786,4.802378757394794,0.009945549161107348,0.009945549161107348,-1.512113139353808,1.0690197352883406,3.13747382735325e-05,-0.021109489017796867,0.03244520897645702,-0.049601179569114286,65.23868264097182,23.228717410368287,807.3297366937753,12.639262420484734,205.5168210000803,DESCENDING,15,20,False,p00482,80.94248291504931,22.13999676607975,-0.022922717450550967,0.01115550602607529,0.004769477266319266,0.011025231246309941,-0.18023649757658688,0.06641284549202808,-42.00996523060353
0.6894357918725446,0.6716348869527055,0.3598246292581539,0.3632345935959959,0.15062337514434804,0.15641459516771708,0.4288848333277694,0.44747991373829094,-9.870503728056853,-10.000501146002941,-16.595810348112945,-16.757174635388655,4.8733636560808655,4.906916591873464,0.008635632271959182,0.008635632271959182,-1.580953236466588,0.7788245857766719,0.004243256135961317,-0.01674429872920462,0.022023544319801934,-0.03928440899042463,67.42078556121756,24.5289727940407,583.0495634514526,13.913034092362794,235.67174907253425,DESCENDING,15,20,False,p03520,80.5572641256218,22.318221703197977,-0.0178009049198391,0.0034099643378420197,0.0057912200233690425,0.018595080410521547,-0.12999741794608788,-0.16136428727570973,-42.89181276717686
0.7621826677978398,0.7384645427014789,0.41563432706501185,0.3858165079231599,0.21965574173169783,0.18566619018915728,0.5225648050367616,0.48803571157778686,-7.229069064644225,-7.51425636871177,-13.568124596169925,-13.73923517903205,4.51810667401796,4.408700617556558,0.011378261109567744,0.011378261109567744,-1.4544602103254758,0.8193004214580085,0.002233644440578545,-0.017811658103393094,0.019585332123515212,-0.040323429596029255,76.99730937485282,27.36841685723996,818.1231314051839,13.36300701872193,78.7599245367484,DESCENDING,15,20,False,p03940,80.68152825124358,22.34121846927775,-0.023718125096360954,-0.029817819141851942,-0.03398955154254055,-0.03452909345897476,-0.285187304067545,-0.17111058286212533,-49.628892517612854
0.6028767754044543,0.5855244444726067,0.2850376144478489,0.2829660113447199,0.038536109327195756,0.03241026287170928,0.3008485361572373,0.29605398059115845,-8.855448958856975,-9.319924880627031,-16.01421599508244,-16.578809248558375,5.409080048193379,5.512332045569333,0.008921591364882797,0.008921591364882797,-1.5990568659675817,0.7481694788372938,0.004397868103897893,-0.015996687703041034,0.022816911188685892,-0.038196524255314064,53.70250375135728,21.166246646936898,520.4316078355625,2.804698440291661,154.21171149419732,DESCENDING,15,20,False,p01609,80.48891885652982,22.208987064319064,-0.017352330931847626,-0.0020716031031290383,-0.006125846455486472,-0.004794555566078829,-0.46447592177005603,-0.5645932534759339,-32.53625710442038
0.664974720186406,0.6295679062889068,0.3096642317212439,0.2974659331474633,0.0800592188020581,0.0717890753206669,0.3419366811682435,0.3374053868734706,-8.812321847536065,-9.358626911432646,-15.214417560722984,-15.74075028672451,4.620806535782153,4.6291306321526084,0.009569601678882655,0.009569601678882655,-1.5209084284780314,1.0089236295747155,-2.9096971592318783e-05,-0.019841093365990638,0.022958906033347395,-0.04538203138684389,79.24068862777304,28.00870047583222,817.2856559640735,2.9411877716673454,119.18278459531071,DESCENDING,15,20,False,p00663,80.82443199570862,22.151495149119636,-0.03540681389749922,-0.01219829857378063,-0.008270143481391198,-0.004531294294772892,-0.5463050638965807,-0.5263327260015256,-51.23198815194082
0.6791474357261887,0.6649495754869978,0.32100587886343857,0.34078335595384107,0.1170502783349425,0.131132457029775,0.39600526215234044,0.420143332158696,-9.329071837699399,-9.612836171555148,-16.00359608029913,-16.273560452855463,4.80931632868248,4.815539789791848,0.011768203212005224,0.011768203212005224,-1.5743348173860505,0.78593432908523,0.004209565125210784,-0.016832171341771212,0.0220131969087432,-0.039402907787298595,66.83206294792413,24.345148422204673,596.2816290953292,7.751061566880713,237.3095217151403,DESCENDING,15,20,False,p03322,80.56969053818398,22.306723320158092,-0.014197860239190896,0.019777477090402507,0.014082178694832498,0.02413807000635554,-0.28376433385574984,-0.2699643725563341,-42.486914525719456
0.5731639047262852,0.5631333350326495,0.24776167544622735,0.24425403785334118,0.011813621944876887,0.018836099030898414,0.25928636586983234,0.2629941678396231,-8.753746716877998,-9.452713971659021,-15.504571271884759,-16.394248313359384,5.042848418731348,5.34624930920612,0.012635675303020344,0.012635675303020344,-1.5053448153322073,1.0591935114829194,-0.00020906177863022008,-0.020385052477593035,0.025225218097946214,-0.0469148772297679,74.66713046286617,26.088478665029328,777.2933030210852,7.850682826083471,126.57577528377712,DESCENDING,15,20,False,p00571,80.87413764595733,22.145745957599694,-0.010030569693635694,-0.0035076375928861647,0.007022477086021528,0.0037078019697907583,-0.6989672547810226,-0.8896770414746253,-48.57865179783684
0.6952247474764508,0.6793106978339342,0.31174349874117563,0.3258379414840203,0.1226967306761278,0.1335402626090367,0.4077182780924278,0.4252257542065891,-8.393314235109257,-8.762596823133016,-15.234875017206807,-15.654999548836573,5.011020808805116,5.053769325987043,0.01180506663226466,0.01180506663226466,-1.5843484861082882,0.7752403474129819,0.004261072541668226,-0.01669960975991786,0.02202971112412123,-0.03922457662942601,67.22534076198117,24.504737312977127,538.7268271621716,7.5240063643850155,192.61410718711753,DESCENDING,15,20,False,p03519,80.55105091934071,22.318221703197977,-0.015914049642516637,0.01409444274284466,0.010843531932908906,0.017507476114161313,-0.3692825880237596,-0.4201245316297655,-42.720603449004045
0.777297063032173,0.7462810104531178,0.36226941675016344,0.36184370451993053,0.24227656359865932,0.24170084880340165,0.5518824300155171,0.5530853957058024,-7.309069199789513,-7.594254633233661,-14.186147864322843,-14.285964278968944,5.091446170983414,4.880576576180162,0.013441748031728484,0.013441748031728484,-1.5300853103906682,0.9043324690977372,0.0013164275886579785,-0.018664285203223028,0.021084536717189697,-0.04278250073317789,83.64148154789517,29.05321015624235,741.0944201171995,8.664587223903661,121.6092150170648,DESCENDING,15,20,False,p01648,80.73123390149229,22.208987064319064,-0.031016052579055264,-0.0004257122302329108,-0.0005757147952576702,0.0012029656902853292,-0.2851854334441484,-0.09981641464610114,-54.58827139165282
0.7399593336015297,0.7318802130442449,0.34364665067072436,0.36822860133874397,0.17507585823540697,0.23034910473969203,0.47205421612132736,0.537444084918673,-8.224406130020604,-8.439614736216688,-15.191437965796492,-15.548157402325817,5.256428584720454,5.4411041817762005,0.010499164570797026,0.010499164570797026,-1.5110659461915656,1.0147626278554505,-3.602285257717395e-05,-0.01993483702790377,0.022738939869194657,-0.04560484430073513,74.79562312783717,26.60841648959678,768.2483289706455,6.445770594686321,133.83926098476655,DESCENDING,15,20,False,p01164,80.83064520198971,22.18024110671935,-0.008079120557284769,0.024581950668019603,0.055273246504285056,0.06538986879734565,-0.21520860619608406,-0.3567194365293247,-48.1872066382404
0.6949522213843184,0.7103139858776291,0.34341585208965575,0.3514731878334974,0.1793153389941837,0.2011447511159535,0.4726137353434233,0.5079237404516566,-8.248015649713208,-8.45205647490776,-15.102421890293723,-15.468326179840611,5.012635516969257,5.227244723134921,0.01190055565022663,0.01190055565022663,-1.4847351047596133,0.7410815756693575,0.002828781568528953,-0.01674629933439473,0.01938730051705949,-0.039832386862455514,65.14024108114366,23.26450817000931,499.44341303253753,5.567107901485077,189.27572516156874,DESCENDING,15,20,False,p05422,80.56969053818398,22.42745634207689,0.015361764493310615,0.008057335743841654,0.02182941212176981,0.03531000510823323,-0.2040408251945518,-0.36590428954688825,-41.87573291113435
0.7947790095021345,0.771785855057326,0.3739877557067751,0.3754987505129855,0.2597638330801593,0.26018552626082986,0.5689297977787104,0.5716204800401318,-9.021984984966682,-9.395824930673802,-15.868673396164711,-16.122793625784126,5.142020643212727,5.001610519773751,0.012980914415887113,0.012980914415887113,-1.5369051582990663,1.0394250765520339,0.001300235921615804,-0.021666836084167248,0.03441936002761167,-0.049449640358439274,74.99418142568457,25.60033428342674,799.4497436184593,11.047420585717827,168.69596589045597,DESCENDING,15,20,False,p02491,80.99840177157911,22.254980596478607,-0.02299315444480854,0.001510994806210364,0.00042169318067053485,0.002690682261421329,-0.37383994570712,-0.2541202296194154,-49.39384714225783
0.6958748770418441,0.7219780113186316,0.30356413439822094,0.3261515073713285,0.14126840511040004,0.18103006440122804,0.44101937580812095,0.49215096007770603,-8.647990798305601,-9.087967476540847,-15.574821982002534,-16.28626690250669,5.128173015129158,5.49582735623387,0.01167717473245089,0.01167717473245089,-1.5102894006921972,0.7911597838949644,0.003423163063773517,-0.017088327084684253,0.02050639182943431,-0.03981191210707276,68.44895451266656,24.490722351108992,567.4717644032089,5.48932321396986,189.29421459696724,DESCENDING,15,20,False,p04328,80.60696977587051,22.36421523535752,0.026103134276787454,0.022587372973107533,0.039761659290828005,0.051131584269585084,-0.43997667823524544,-0.7114449205041549,-43.95823216155757
0.7097314005221818,0.7102248679288832,0.34418948936472404,0.3438505361181481,0.1936546422568472,0.19197917161813324,0.4832010525218366,0.4923281486632933,-8.862014516473469,-9.203514272392296,-15.168401579856269,-15.368324828056979,4.5019454669921215,4.398911862647395,0.009333981414729409,0.009333981414729409,-1.4370804131378356,0.8127765417244025,0.002172862798576283,-0.017526749233785156,0.018933040920880762,-0.03992108024690177,68.41102298449165,24.62109796467437,680.1608451745644,5.271241882594999,182.1432601427378,DESCENDING,15,20,False,p04638,80.6691018386814,22.38146280991735,0.00049346740670142,-0.00033895324657595705,-0.001675470638713955,0.009127096141456681,-0.34149975591882686,-0.19992324820070984,-43.78992501981728
0.7910216029404585,0.7668994755256857,0.3933927019438102,0.4093951186119451,0.24426145855406592,0.2616889339533862,0.5551461379570541,0.5786765399096009,-9.819905256516547,-9.73517972431686,-16.319339546379627,-16.140938205391237,4.7274708321153565,4.611732201782805,0.011248144538087312,0.011248144538087312,-1.535774233801058,0.851420833607584,0.002401117813488979,-0.01797950756350498,0.021202577921192244,-0.04114254602448828,85.25000719225744,30.719063925285027,791.9679404093256,12.026754996559612,220.3769542188726,DESCENDING,15,20,False,p02040,80.68152825124358,22.231983830398836,-0.02412212741477282,0.0160024166681349,0.017427475399320297,0.023530401952546742,0.08472553219968759,0.17840134098839044,-54.530943266972415
0.6419068102818941,0.6135373123447606,0.29321454057787416,0.28138111669007776,0.13588093190696734,0.11165173426946234,0.41603964568136553,0.39943498560298124,-9.089775422781157,-9.297008193407239,-15.830478025527166,-16.24800834191722,4.9906754809228495,5.246247276419927,0.013135941199841294,0.013135941199841294,-1.6058347422535688,0.8384963320932067,0.003597084217020985,-0.017085598155348478,0.023493654229891744,-0.04034132550200824,56.892596396057456,22.792224298883404,541.3359429408513,5.510170264883166,158.21174643580443,DESCENDING,15,20,False,p00929,80.6131829821516,22.168742723679465,-0.028369497937133503,-0.011833423887796402,-0.024229197637505,-0.016604660078384292,-0.20723277062608148,-0.4175303163900548,-34.10037209717405
0.7123957752789838,0.6688948335988886,0.3371284310313773,0.33220116580655357,0.18900296226932645,0.15631218244619755,0.4843633507808926,0.4623926909290188,-8.729369106663007,-9.238624261375028,-15.756291462402206,-15.923426464385368,5.321066501225812,4.916488348528823,0.013055853738503154,0.013055853738503154,-1.6037329855724622,0.8186561745604554,0.0033145785065060445,-0.016987418830294265,0.023736303282015835,-0.040326213422214784,50.5077330784741,20.969351360804424,590.8196007054897,2.7598837068833597,177.10808655944717,DESCENDING,15,20,False,p00129,80.6131829821516,22.122749191519922,-0.04350094168009522,-0.004927265224823729,-0.0326907798231289,-0.021970659851873797,-0.5092551547120205,-0.1671350019831621,-29.538381717669672
0.7268057523738335,0.7042618788357196,0.32398146158232893,0.3237591477280524,0.1711628877257023,0.1819968022431181,0.47342043054684735,0.48732264993013313,-8.585466223202932,-9.404137268399285,-15.844289435188973,-16.426495360040672,5.673781690681611,5.388320687060254,0.007908151947449316,0.007908151947449316,-1.5090574294821313,0.9421031116318427,0.0003156354456040434,-0.019556292792110137,0.024463220237207494,-0.04665685825345321,61.398749445430546,23.350455974530043,662.778719698301,4.268316847504746,172.83145304335306,DESCENDING,15,20,False,p05487,80.97354894645476,22.42745634207689,-0.022543873538113934,-0.0002223138542765124,0.010833914517415805,0.013902219383285785,-0.8186710451963535,-0.5822059248516993,-38.048293470900504
0.6473775815603263,0.6028202856105399,0.2918269064104505,0.2666869393031955,0.08794538268391461,0.059436323047599667,0.37422190508147146,0.32844499611227274,-9.701762926648195,-10.472801704957602,-16.32091431794561,-17.415283029727394,4.827801256397956,5.206019075845915,0.009077947269250264,0.009077947269250264,-1.5344533023209677,0.8152565692847141,0.0035548837622686623,-0.017448675224901625,0.021584635748761506,-0.0401528876437125,75.34096278065313,26.873636309682894,599.2502758896451,4.571131547381043,196.2748100759696,DESCENDING,15,20,False,p03232,80.63182260099487,22.30097412863815,-0.04455729594978641,-0.025139967107255023,-0.02850905963631494,-0.045776908969198726,-0.771038778309407,-1.094368711781783,-48.467326470970235
0.6779590595368001,0.6547302121609154,0.31074324743608167,0.3137371803238147,0.14361063788869072,0.15671850103582852,0.43465220865956133,0.455079297601865,-8.68163861658243,-8.882656128664518,-15.704072295318555,-16.06767056377002,5.33877967151903,5.569218620448033,0.013038603931791126,0.013038603931791126,-1.5926075785304736,0.8503614469104788,0.0027715037159429675,-0.017509373986846165,0.02283256251789796,-0.04087514289704859,53.83725747417054,21.819170695990053,549.7248202878602,4.643921807207695,161.32565120635275,DESCENDING,15,20,False,p00535,80.65046221983813,22.145745957599694,-0.02322884737588471,0.0029939328877330307,0.0131078631471378,0.02042708894230366,-0.20101751208208718,-0.36359826845146337,-32.01808677818049
0.6389915442165562,0.6378162012261382,0.33040238990437065,0.3192780270275089,0.15331692153317375,0.13787033360329995,0.42151397251984235,0.411986426793791,-8.712653647396808,-9.196050671380453,-15.566669967862758,-16.34688253203663,5.008194873180699,5.366953963209456,0.013476191336299737,0.013476191336299737,-1.490250068134638,0.7487614351241408,0.003001008294870633,-0.01679653334616387,0.019572569570635245,-0.03970420686091009,65.8250004492537,23.55351088451643,498.4968074989816,4.451736896361588,157.78380494977512,DESCENDING,15,20,False,p05123,80.57590374446507,22.410208767517062,-0.0011753429904179935,-0.011124362876861749,-0.0154465879298738,-0.009527545726051356,-0.48339702398364537,-0.7802125641738726,-42.271489564737266
0.7213497052770875,0.7205329584086678,0.33718218930445165,0.33902527127095416,0.16268193126836963,0.1654033551630985,0.4626324314892477,0.4754216216971332,-9.14444767604251,-9.746882683264472,-15.935320437207823,-16.391944425289488,5.046421789804176,4.898296717591011,0.009272479530952782,0.009272479530952782,-1.4855475784109964,0.8181223606876747,0.002656601132851188,-0.017794478660984037,0.020411839005852143,-0.04045730904900081,79.42953128596965,28.10686027252511,630.2392621849821,6.220856786490973,205.66256236407827,DESCENDING,15,20,False,p03538,80.6691018386814,22.318221703197977,-0.0008167468684197043,0.0018430819665025133,0.002721423894728875,0.012789190207885492,-0.6024350072219615,-0.45662398808166493,-51.322671013444534
0.6930481685033791,0.6726502977116463,0.31227451194422445,0.326486522519218,0.13915753225608607,0.19110541699145636,0.4443717246096816,0.49824956885403393,-8.82964364106789,-9.089733405954213,-15.529770500611358,-16.007173316520714,4.932582377507317,5.249992074758692,0.011154900680631075,0.011154900680631075,-1.5782911002600764,0.8664308518798218,0.002229951211178647,-0.017916292894785007,0.02209039307412498,-0.04135544768867122,67.89800701813205,25.559269586399076,575.5405264800752,4.844961302353865,163.2876031470349,DESCENDING,15,20,False,p00840,80.68152825124358,22.162993532159522,-0.02039787079173283,0.01421201057499355,0.05194788473537029,0.053877844244352324,-0.26008976488632385,-0.47740281590935574,-42.33873743173297
0.6598710071399845,0.6610141265432683,0.32581155378892523,0.33466171033227005,0.10845312189950788,0.12283821970068999,0.3899606859930624,0.41730255346127404,-8.713324882486182,-9.037288571972354,-15.685499844158967,-16.072858196085807,5.176500397671954,5.2414117648155045,0.013331450742345874,0.013331450742345874,-1.5413636691589547,0.6846367975823077,0.0032705675005898684,-0.016298077671928025,0.020724564024708084,-0.0388947330335633,65.40425576084724,23.532023647623344,508.58020368682804,4.397309223463955,204.90009912545773,DESCENDING,15,20,False,p04206,80.47027923768655,22.358466043837577,0.001143119403283821,0.008850156543344811,0.014385097801182106,0.027341867468211656,-0.32396368948617216,-0.3873583519268404,-41.87223211322389
0.7574221196958381,0.702664390456074,0.3597605682735305,0.34190088340728697,0.2287737508140793,0.19595600142871636,0.5354378044393718,0.5020208873720635,-8.619514542514516,-9.273807820580119,-15.517389239178506,-15.972383774771922,5.172694434589318,4.937549848708398,0.011634810756748104,0.011634810756748104,-1.5605606841669755,0.8123281828317264,0.004080716941406874,-0.017188363464860728,0.022163364346527565,-0.03987920251412608,70.76713530932541,25.609196683332502,627.8337878166302,4.250488670093391,153.93431308670574,DESCENDING,15,20,False,p03128,80.60696977587051,22.295224937118206,-0.054757729239764075,-0.017859684866243508,-0.03281774938536294,-0.033416917067308316,-0.6542932780656034,-0.45499453559341596,-45.15793862599291
0.5793418730329574,0.5668036275015421,0.2810463879839157,0.2882260022942788,0.008079700425765814,0.05444477390001511,0.24746933293826326,0.30281301252989723,-9.616457180795667,-10.243733630449908,-16.686530854842506,-17.4214011252403,5.282360207950752,5.435307846755846,0.009061770873296626,0.009061770873296626,-1.6119265684720794,0.8126604490329415,0.00429450546467421,-0.016568970886570795,0.023339966992696585,-0.03922677574553735,57.01316661916577,22.53833423274781,549.0234223708851,3.5084102875982226,196.83313061152626,DESCENDING,15,20,False,p01520,80.5572641256218,22.20323787279912,-0.012538245531415249,0.007179614310363125,0.0463650734742493,0.05534367959163397,-0.6272764496542411,-0.7348702703977956,-34.47483238641796
0.5388570522471218,0.5075442736663943,0.28137555370719736,0.2781428113345025,0.006145550517271912,0.024572377889172443,0.22173892749754487,0.2648445082473637,-9.859186604053424,-10.51789588691683,-17.284570745647812,-17.707403086170984,5.72968724995902,5.462215246305644,0.00929319169792786,0.00929319169792786,-1.598014465879035,0.7664780578978566,0.004288710297427388,-0.01616764030745283,0.023375457277254028,-0.038580205538648965,51.802943538114334,21.370340586363017,554.673685735674,5.504954400199621,210.10708104931857,DESCENDING,15,20,False,p01014,80.51998488793527,22.174491915199408,-0.03131277858072745,-0.00323274237269483,0.01842682737190053,0.04310558074981885,-0.6587092828634074,-0.422832340523172,-30.432602951751317
0.670771522372083,0.6631261114262912,0.31476469639847227,0.32407833013580667,0.10362229024223248,0.13621650077289343,0.376522681249728,0.4229198746404663,-8.877020003841162,-9.643475994452924,-16.234840928893135,-16.6604331453999,5.757064608750879,5.394334839648157,0.010782472248097141,0.010782472248097141,-1.5308545661231565,1.0015059911977746,0.000940787170327979,-0.021022862848590295,0.029363844443259336,-0.04824876028990703,72.93697603717786,24.663318468120004,695.5021187795818,5.074645004477411,167.7085358833311,DESCENDING,15,20,False,p03586,80.96733574017367,22.318221703197977,-0.007645410945791853,0.009313633737334404,0.03259421053066096,0.046397193390738334,-0.7664559906117621,-0.4255922165067645,-48.27365756905785
0.7536243130187921,0.7270784574211264,0.3886364438911825,0.38779535100527174,0.1823529984824586,0.17685415844685676,0.4819078975711852,0.4859464558156763,-9.369195962357452,-9.54192502250387,-15.628076310546652,-15.633506173629094,4.511974557272413,4.313568380095233,0.01227532684425181,0.01227532684425181,-1.4974615814154246,0.8473426164379567,0.001985124820664629,-0.018223265602727613,0.02053302253955482,-0.04139506177361852,87.46860897639024,30.886959271017272,883.9626909847221,5.355987520998313,190.17133829293653,DESCENDING,15,20,False,p02643,80.70016787008684,22.266478979518492,-0.026545855597665646,-0.0008410928859107769,-0.005498840035601832,0.0040385582444911194,-0.17272906014641798,-0.00542986308244231,-56.58164970537297
0.6384558694118779,0.6290397619513239,0.29220785745429345,0.3012735658790074,0.09850593282148896,0.10831608677692582,0.34810178460605506,0.37988680533224883,-9.692942220234256,-9.982715404993666,-16.609232508460273,-16.642602042060282,5.173115873309601,4.943035079570407,0.008073691098961389,0.008073691098961389,-1.4498411343000863,0.8833611409722483,-0.0001310998169603182,-0.019158595118113197,0.02077943387500687,-0.04527587875968297,62.526398504519996,23.555730516240555,705.3037920069031,9.206818581313218,229.00146215184014,DESCENDING,15,20,False,p05075,80.89899047108169,22.40445957599712,-0.00941610746055399,0.009065708424713936,0.009810153955436857,0.03178502072619377,-0.28977318475940983,-0.03336953360000905,-38.970667988279445
0.7055503268191944,0.6798029004137072,0.3390822507724327,0.33451015430737313,0.1746714529304208,0.15748696962124445,0.46883423891311227,0.46483142477391215,-8.563876521454887,-8.858208927711638,-15.604724956802853,-15.867690899141241,5.339780924879975,5.298209271421092,0.011540821133468215,0.011540821133468215,-1.5947895750607417,0.7830702267110813,0.0037192020759122834,-0.016470310449108103,0.023895329326470687,-0.03952466552464293,50.37393265373104,21.372685289863263,550.5140231063006,2.6202832643453604,194.71897743012468,DESCENDING,15,20,False,p00222,80.56969053818398,22.128498383039865,-0.025747426405487217,-0.004572096465059572,-0.01718448330917635,-0.004002814139200117,-0.2943324062567516,-0.2629659423383881,-29.001247363867776
0.5464600677744775,0.5321268156531027,0.2854971874904724,0.27878887273350117,-0.011481200001114982,-0.01758206666169767,0.2181586895081643,0.23111834563295888,-9.451573317580639,-10.023259585563675,-16.179622884312707,-16.776410232739657,4.8728244043885525,4.901662586337052,0.007986961873289289,0.007986961873289289,-1.4848182636558698,0.6319366805496418,0.0022767872094526798,-0.016401926269799964,0.019745703952481264,-0.03880478785109762,65.037616608897,22.016794899537985,491.99696383770834,3.3513079467552966,203.52997011777092,DESCENDING,15,20,False,p05102,80.4454264125622,22.410208767517062,-0.014333252121374818,-0.0067083147569712565,-0.0061008666605826874,0.012959656124794577,-0.5716862679830363,-0.5967873484269504,-43.02082170935901
0.7081828703929385,0.7446885693625745,0.3193901379652292,0.3712003285268613,0.1312513694262012,0.2536026106851572,0.4302542716182853,0.5660196723114745,-7.931774153114183,-8.276445578432725,-14.728187620219673,-15.115664941411392,5.035853210630445,5.118041423152139,0.013434925264711794,0.013434925264711794,-1.503629068780383,1.0296751025919726,-6.50662606543461e-05,-0.02008756396262984,0.022950678075788166,-0.045946475905474474,73.60462602298625,26.326322327565105,770.5806841464977,6.842201306185171,95.33682289665765,DESCENDING,15,20,False,p01266,80.84307161455189,22.185990298239293,0.03650569896963607,0.05181019056163211,0.12235124125895602,0.13576540069318926,-0.3446714253185412,-0.38747732119171907,-47.278303695421144
0.7302993450663465,0.7066236271019298,0.3376697953572755,0.3415985974976193,0.17609748864697175,0.18965456070806758,0.48215542558000096,0.50044941495459,-8.824598816777646,-9.280765180127979,-15.515554634405827,-15.912006170179502,4.92981650132347,4.82915527609002,0.013363095593360796,0.013363095593360796,-1.5835972808954775,0.866192942939175,0.002880916558245848,-0.01768335730977199,0.02225310452338811,-0.04100231951395989,75.86517432223272,28.78991901744021,588.4721764319906,3.8695325128434965,168.9315573836085,DESCENDING,15,20,False,p01436,80.65667542611922,22.19748868127918,-0.023675717964416698,0.003928802140343801,0.013557072061095826,0.018293989374589092,-0.45616636335033256,-0.3964515357736751,-47.075255304792506
0.6675732745611815,0.6296674559795331,0.30908959713125317,0.31489947571735594,0.10429662774484895,0.09146721197565821,0.3879656253668749,0.3798065460434304,-7.886905284200805,-8.157958685552963,-14.944072025846271,-15.2293106140641,5.247317013027991,5.304216396336871,0.008750686479610748,0.008750686479610748,-1.5974106083361572,0.7995375570899602,0.004335090324528936,-0.0167281858903154,0.022718876190630895,-0.0393349908324134,65.00831472110924,24.321743786661894,547.0367594718026,11.49352550208351,153.93142390965292,DESCENDING,15,20,False,p02621,80.56347733190289,22.266478979518492,-0.03790581858164843,0.005809878586102768,-0.012829415769190736,-0.008159079323444507,-0.27105340135215794,-0.28523858821782966,-40.686570934447346
0.718252500497523,0.6900489990542052,0.3221188550517658,0.3389404821893288,0.16474624334007204,0.1743548774694148,0.4392710243866041,0.46799532478956846,-10.210901035760727,-10.337589781887637,-16.86150273138057,-16.642589832827124,4.938024922714761,4.593543530139889,0.01253469187639511,0.01253469187639511,-1.536882644597042,1.031302914929888,0.0011937866694483146,-0.02145858850221515,0.032192002117234,-0.0489017928246049,75.03966031214001,25.351237574486674,776.4463669490095,11.300843810581014,252.86959949162227,DESCENDING,15,20,False,p02889,80.98597535901693,22.277977362558378,-0.028203501443317736,0.016821627137563022,0.009608634129342764,0.028724300402964364,-0.12668874612690928,0.21891289855344453,-49.68842273765334
0.7555448053175925,0.7328321188916751,0.3458636050392487,0.33592602133570665,0.18464317632695385,0.1827211662896808,0.4935423275907458,0.49706604140499583,-8.723384402024639,-9.056053043126774,-15.827004430169348,-15.933904789577701,5.403569859507802,5.156355356346318,0.010126607401741539,0.010126607401741539,-1.5038989287355,1.0431955043203531,-0.00011431869237792578,-0.020211148527937924,0.023736569238870926,-0.04629232179117904,73.68915437975832,26.347421709812792,728.7298763653818,10.072292241827698,182.18825271075895,DESCENDING,15,20,False,p01168,80.85549802711407,22.18024110671935,-0.022712686425917394,-0.00993758370354203,-0.0019220100372730475,0.00352371381425004,-0.3326686411021349,-0.1069003594083533,-47.34173266994553
0.6224513263422936,0.5963865332913898,0.32675374288931797,0.3048089765401318,0.06900040449993698,0.05436893263600923,0.3405539520042774,0.33571704073248615,-10.287643512257281,-10.718973151041636,-16.52332641660753,-17.025070955486555,4.528550694674787,4.589899428231247,0.008480706246235314,0.008480706246235314,-1.4699088457009177,0.8184616688935713,0.002441638119158414,-0.017804913390424462,0.01999375157213898,-0.04039744671182645,79.35038568812271,28.100023072424055,696.9337581553028,7.250599654598952,226.44627894332862,DESCENDING,15,20,False,p03639,80.67531504496249,22.32397089471792,-0.02606479305090381,-0.021944766349186184,-0.014631471863927749,-0.0048369112717912555,-0.43132963878435504,-0.5017445388790236,-51.25036261569866
0.6424210060808071,0.6409364445118728,0.3048071013824215,0.306059208802685,0.07573019860094846,0.09100371705745383,0.34574144722011735,0.3693965409007402,-8.807944651749434,-9.333865452695012,-15.305766647754131,-15.880702208666865,4.704032377984139,4.794983064125717,0.00965233830401091,0.00965233830401091,-1.5341811820462854,0.9621107586204611,0.0004205425357221724,-0.019264090594872947,0.02156930275912194,-0.04410561606115206,80.71834960236629,28.588309409849398,705.8699712585839,5.664337297018778,196.06017180442944,DESCENDING,15,20,False,p00756,80.780939551741,22.15724434063958,-0.001484561568934284,0.001252107420263493,0.015273518456505375,0.023655093680622852,-0.5259208009455776,-0.5749355609127331,-52.13004019251689
0.5191549923115358,0.4598981956405629,0.27111972231976633,0.23733887285848132,-0.004834954742471117,-0.04800676283693724,0.21540020845877636,0.16854807962113835,-9.425965206305039,-10.323176173677135,-16.242277971020354,-17.251833373172712,5.037296534660355,5.186490945086911,0.012286273804456571,0.012286273804456571,-1.4796186149525161,0.6340040629505508,0.0021495779591889004,-0.016502243203375126,0.019411020696361907,-0.03899375175095989,64.02060239882282,21.477554968083673,502.73986051973503,3.5804088545203268,216.83793607553963,DESCENDING,15,20,False,p05604,80.45785282512438,22.438954725116776,-0.059256796670972944,-0.03378084946128501,-0.04317180809446613,-0.04685212883763801,-0.8972109673720965,-1.0095554021523583,-42.54304743073914
0.6875894050391311,0.7056430277461662,0.31342458703152143,0.32018496725052903,0.14683870213060937,0.17142156214388327,0.43398339439438716,0.4664064002705261,-8.805147578285165,-9.078741583864224,-15.639508377439542,-16.14564368548435,5.101356064777642,5.43613452299994,0.011662495141108176,0.011662495141108176,-1.5205124535738894,0.7952999482471886,0.0035579987131111493,-0.017106541867540934,0.020842000269551724,-0.039822156447870544,69.46414119547062,24.845125738588855,562.1560354392109,4.8737759482883325,175.87859979739815,DESCENDING,15,20,False,p04028,80.60696977587051,22.34696766079769,0.018053622707035033,0.0067603802190076,0.024582860013273894,0.032423005876138944,-0.2735940055790582,-0.5061353080448097,-44.61901545688176
0.7565514366816563,0.7336582202297652,0.38310482473189594,0.374786824074304,0.22744709661071283,0.22327559680171255,0.5359145969285546,0.5388519804861811,-8.277997596756707,-8.439758286103004,-15.169675469984828,-15.01632393153351,5.115066131149423,4.881388854378543,0.01977283186989076,0.01977283186989076,-1.5514836431516872,0.9676880022239241,0.00039387058141215024,-0.019217369288328873,0.02212964933825453,-0.0438394338287572,71.28778403495258,25.91632805377136,652.8863595945223,10.12816950329975,170.13897799481018,DESCENDING,15,20,False,p00056,80.780939551741,22.11699999999998,-0.02289321645189102,-0.008318000657591917,-0.004171499809000279,0.002937383557626516,-0.16176068934629662,0.153351538451318,-45.37145598118122
0.7079700414741531,0.6846905982391608,0.3477299283979992,0.3399440213497397,0.14512290727623794,0.13760932709258195,0.43508804477440294,0.4317884295243763,-9.196332565875538,-9.507750083921845,-15.613419923615888,-15.795340926735363,4.61958078755549,4.500359456985092,0.012285372545966067,0.012285372545966067,-1.545518044559589,0.9585639852892788,0.0005073816033602487,-0.019159155704455182,0.02186237135443909,-0.043806076058455164,75.00837163933896,27.02471978121249,810.7178988326845,4.620862756401015,174.6742165858032,DESCENDING,15,20,False,p00355,80.77472634545991,22.134247574559808,-0.023279443234992314,-0.007785907048259488,-0.007513580183655999,-0.003299615250026644,-0.3114175180463068,-0.18192100311947534,-47.98365185812647
0.6725532979131474,0.6391675258127969,0.3044099230542533,0.3148947642989608,0.11847460677761604,0.13374647872078352,0.382428795894506,0.42311071014420437,-9.02435501414865,-9.007050011340615,-15.71291602110032,-15.583735378261107,4.935687872084636,4.860963636823611,0.010537708249435895,0.010537708249435895,-1.5028690672518183,1.0355700313539635,0.0003553995011311705,-0.020907690890957432,0.027450902235613105,-0.04812472398851359,73.66951653818145,25.46085640440022,800.4106135586402,11.055739287869642,220.9401971434319,DESCENDING,15,20,False,p02580,80.93005650248713,22.26072978799855,-0.03338577210035054,0.010484841244707499,0.015271871943167481,0.04068191424969836,0.01730500280803504,0.12918064283921282,-48.20866013378124
0.7262224648027774,0.7018337253737666,0.35947203594094457,0.36938183154133175,0.18586948496118866,0.19753024175108067,0.4742382833236261,0.5050390096323909,-9.615172294911849,-9.567091591189422,-16.114628025004492,-16.058912736270067,4.723860861207015,4.70002388251202,0.008976874703229387,0.008976874703229387,-1.5825057537251146,0.8505924538485633,0.0034422075933149654,-0.017400381004148542,0.022507629348716293,-0.04048729440799084,73.53452021461082,27.936007083878874,671.939017657836,13.400169617640229,216.8103002712282,DESCENDING,15,20,False,p01832,80.63182260099487,22.22048544735895,-0.024388739429010764,0.009909795600387183,0.011660756789892007,0.030800726308764792,0.048080703722426676,0.05571528873442588,-45.598513130731945
0.7064576509861856,0.6560705531498547,0.37039797483672177,0.37276736462660276,0.18984956508093737,0.1761305995975637,0.4669400427197084,0.4706555300571194,-5.915180409553123,-6.155656469740023,-12.936805698543962,-13.106918803529554,5.190779425133907,5.141845865304038,0.015385679732405677,0.015385679732405677,-1.5284468616003897,0.7225085747037816,0.003286823354859876,-0.015404689061332619,0.022634927634732148,-0.03741726939729308,55.130596733267765,24.18656226373657,676.1403023480221,17.54250298221048,57.874660719533956,DESCENDING,15,20,False,p00100,80.43300000000002,22.122749191519922,-0.050387097836330885,0.0023693897898809935,-0.013718965483373674,0.0037154873374110053,-0.24047606018690004,-0.1701131049855924,-30.944034469531196
0.7836513786757828,0.7667092719903775,0.39301661241749625,0.40623010138663607,0.24133143266501877,0.25683728507755665,0.5471884505352059,0.5722162458170144,-7.896078101909005,-7.861027792867795,-14.383932029449603,-14.281388834506183,4.662360139279252,4.64262248473921,0.013429991451287204,0.013429991451287204,-1.5552847801577627,0.8480502838585692,0.002931628786764113,-0.017693933067671867,0.021779938681337516,-0.04078795055093423,83.84720109002417,30.585205411737135,767.8909538520949,14.269011070348203,149.19327251078073,DESCENDING,15,20,False,p02236,80.65667542611922,22.24348221343872,-0.0169421066854053,0.01321348896913982,0.01550585241253788,0.02502779528180843,0.03505030904120954,0.10254319494342035,-53.261995678287036
0.6930454817672637,0.6561481127868058,0.3307678633638836,0.3332695878191309,0.15255225413863766,0.1380257784778618,0.43275576097196905,0.4250862095400807,-8.560390097879264,-8.951365391013102,-15.36601745339273,-15.617563140231542,4.944295910164663,4.845485158112244,0.013355046809792603,0.013355046809792603,-1.5854248175470573,0.7992325436048424,0.004320403044444709,-0.016863646033835274,0.02246014823902021,-0.03946644810373328,66.740401271921,24.53432288461358,557.0125729824833,6.838030872590578,135.24572502599378,DESCENDING,15,20,False,p03023,80.57590374446507,22.289475745598264,-0.03689736898045781,0.002501724455247323,-0.014526475660775862,-0.007669551431888355,-0.39097529313383816,-0.25154568683881173,-42.20607838730742
0.702599492201093,0.7168167736939417,0.32196883750766586,0.33899780702927473,0.14106286459997355,0.20587061712404905,0.43769331963446645,0.5119318728127835,-8.659608298287385,-8.935573547419109,-15.764919302902767,-16.32195612759884,5.442141152221605,5.812245206130779,0.013525929020476335,0.013525929020476335,-1.480379357360161,0.9832488588319767,1.8607051953489406e-05,-0.01994255577376713,0.022212471355186753,-0.04585496888851684,66.4771461095253,23.831388709753963,670.4996959708119,4.089864627004192,179.7125244023426,DESCENDING,15,20,False,p02366,80.84307161455189,22.249231404958664,0.014217281492848732,0.017028969521608872,0.0648077525240755,0.07423855317831707,-0.2759652491317244,-0.5570368246960715,-42.64575739977133
0.6586121821286233,0.6680116674909378,0.30692987151459145,0.33188331556503003,0.1354724023324774,0.16901181404527876,0.3999535757774404,0.45529228782358583,-9.190343619112824,-9.286016147681966,-15.899146752171447,-16.062801973566295,4.873330902810296,4.953974446085538,0.01339595731703025,0.01339595731703025,-1.5613743794298525,0.7213865726329403,0.0037248014134335346,-0.016439104259487154,0.02098358509752826,-0.0389541393517121,69.26970395763679,24.727603430517608,640.8502528074083,3.991406959639238,213.47776982870195,DESCENDING,15,20,False,p04312,80.50755847537309,22.36421523535752,0.009399485362314497,0.02495344405043859,0.033539411712801365,0.05533871204614543,-0.09567252856914266,-0.16365522139484767,-44.54210052711919
0.5593213789463136,0.5726373025016133,0.27007589338142757,0.27529119748831604,0.01574118932880003,0.01766524072747495,0.2647558809368771,0.27019009323125126,-10.143760985803517,-11.293687667645258,-16.78099100240252,-18.118930121846574,4.879894725241054,5.1464619290590345,0.013243985544139414,0.013243985544139414,-1.5236695318874038,0.8231831257695333,0.0031341030096743486,-0.01764029037166241,0.021294760478315078,-0.04042574141612183,80.21159691440462,28.633676132872765,609.618315727183,4.3347114377334,179.20416470080187,DESCENDING,15,20,False,p03035,80.65046221983813,22.289475745598264,0.013315923555299647,0.005215304106888474,0.001924051398674919,0.0054342122943741855,-1.149926681841741,-1.337939119444055,-51.57792078153186
0.7789853070029541,0.7411123960102423,0.3546650638113686,0.3570381357303406,0.196943508437887,0.18956144219456164,0.5129550750733001,0.5099735656513439,-8.97629046140827,-9.3253996683455,-15.797756308189543,-16.071392902360028,5.135956289589322,5.070621378326538,0.012473320395058551,0.012473320395058551,-1.5092755807475595,1.075802141258465,0.00021505449769803912,-0.021223451875508576,0.03210330301649554,-0.04945476443290964,65.3829305267857,23.704900877785203,754.2618012695822,9.746123612145075,179.35922928523965,DESCENDING,15,20,False,p00883,80.9486961213304,22.162993532159522,-0.03787291099271184,0.002373071918972014,-0.0073820662433253526,-0.0029815094219561855,-0.34910920693723035,-0.273636594170485,-41.67802964900049
0.6831923501795335,0.6602569634098475,0.32502681365370173,0.32205746478967534,0.12560026745476863,0.11379587933666001,0.41335385207768804,0.4024715856403896,-9.69921642851576,-10.155887054737585,-16.353918983175642,-16.88713424983754,4.97432284495012,5.026212198562315,0.010781945653737912,0.010781945653737912,-1.5262044100667516,1.0471701758625425,0.0009786199229929258,-0.02179395425785016,0.038120488374739706,-0.050729321865320295,66.57928161193556,24.272796890000528,774.517824990998,7.166966750690186,228.07871804105147,DESCENDING,15,20,False,p01192,81.0046149778602,22.18024110671935,-0.022935386769685984,-0.0029693488640263888,-0.011804388118108619,-0.010882266437298449,-0.4566706262218254,-0.5332152666618981,-42.30648472193503
0.6528536926238511,0.6529162840786955,0.3069365747432433,0.31414812661805197,0.09392471508960488,0.09875440124648183,0.36569307285231323,0.3860123161531787,-9.1923965068272,-9.506906403461869,-16.143214893101224,-16.468503185208252,5.154109211518049,5.196835495518515,0.01185090947991918,0.01185090947991918,-1.5407865234220874,0.7510202181497515,0.003650578538939213,-0.0166993729996154,0.020824302736286077,-0.03929904930094284,69.78999988802579,25.105587077705376,588.4303241018256,4.59734644127402,214.7029452903328,DESCENDING,15,20,False,p04219,80.55105091934071,22.358466043837577,6.259145484444062e-05,0.007211551874808653,0.004829686156876942,0.020319243300865486,-0.31450989663466977,-0.3252882921070288,-44.68441281032041
0.5420855873083829,0.5089214072948424,0.27813644558688194,0.2748625571685986,0.01950870185284734,0.025212105924051795,0.24638294461834695,0.2641391078742725,-10.243576269359648,-10.63668926933231,-17.047219274205712,-17.3972717078227,5.119374284201416,5.083529237161501,0.013083964933475523,0.013083964933475523,-1.6049147133067456,0.8255356648565716,0.0033964103120811876,-0.017015120874183266,0.0236537100842832,-0.040319043889974225,50.716954141037995,20.974239850392948,584.3552450352337,6.177210121716844,174.6312219730942,DESCENDING,15,20,False,p00329,80.6131829821516,22.134247574559808,-0.03316418001354049,-0.003273888418283355,0.005703404071204454,0.017756163255925578,-0.39311299997266147,-0.35005243361698746,-29.742714290645047
0.6852236616700346,0.7041561539264594,0.32666473270614665,0.3318673909766848,0.15976871955293148,0.1866079513361708,0.44833596669778036,0.49051062410144164,-8.108912643313742,-8.322067213779778,-15.136306052926471,-15.51339605934627,5.21569361215343,5.445744743035353,0.013476191336299959,0.013476191336299959,-1.5024597398027273,0.7242914321745919,0.0030217956050820117,-0.01665860368435764,0.0197324764001216,-0.039464024997427107,67.05870236846242,23.788457370608533,509.0703271065371,4.25782610779974,176.55997219514524,DESCENDING,15,20,False,p05118,80.54483771305962,22.410208767517062,0.018932492256424793,0.005202658270538119,0.026839231783239326,0.042174657403661275,-0.21315457046603647,-0.37709000641979884,-43.27024499785389
0.6606692263296781,0.6426331275278206,0.333259581302282,0.3297690912094278,0.1211826401349903,0.11840347164897151,0.3960820240104588,0.40993392691678404,-8.947467733337978,-9.201408591571559,-15.732927004575998,-15.828160433849098,4.931829528328041,4.768536242154919,0.01169935406077649,0.01169935406077649,-1.5699062707467917,0.7327801459120213,0.0038760848797926807,-0.016466228839814547,0.021235853208987222,-0.03896715104464857,69.2440220278545,24.919918699421153,556.9656095864682,12.943226239677678,200.85681852701586,DESCENDING,15,20,False,p04113,80.51377168165418,22.352716852317634,-0.018036098801857414,-0.0034904900928541815,-0.002779168486018793,0.013851902906325264,-0.25394085823358026,-0.09523342927309919,-44.324103328433345
0.5475697731123764,0.5055127303209794,0.25286532987830557,0.24470912967075853,0.03124992453352178,0.026443506581817704,0.2510098988178009,0.24484332533688558,-10.011313387622202,-10.93351596250061,-17.37160149325866,-18.681834464279294,5.807314885641212,6.4898904281398915,0.012036645579027727,0.012036645579027727,-1.560608271119898,0.9810549157989158,0.002042492330055809,-0.022068816787415204,0.041594441170134215,-0.05068613725742344,75.42788992948957,26.22913825217454,749.2644513982023,9.185322229174302,189.67402748710856,DESCENDING,15,20,False,p01899,81.04810742182782,22.22048544735895,-0.04205704279139699,-0.008156200207547037,-0.004806417951704077,-0.006166573480915316,-0.9222025748784084,-1.3102329710206355,-49.19875167731503
0.7181729662247887,0.7180497206442663,0.3275619849256938,0.32997301180560756,0.1585288162186885,0.20101351779287696,0.46202932873189007,0.5209454990379944,-8.819134767347515,-9.119389565621239,-15.728054425632209,-16.160348296086084,5.205626977191521,5.394355706283969,0.013546458644372539,0.013546458644372539,-1.475492516988892,0.9712037831910667,3.81035948539221e-05,-0.019900902131519987,0.02209414845914194,-0.045826927017687834,65.0289782781035,23.252060617812695,666.7556735915003,4.634546312665482,166.66440816261226,DESCENDING,15,20,False,p02666,80.84307161455189,22.266478979518492,-0.00012324558052234647,0.0024110268799137358,0.04248470157418846,0.0589161703061043,-0.30025479827372337,-0.4322938704538757,-41.7769176602908
0.7098482017918072,0.6701662966717818,0.3306674118689628,0.3315584862498198,0.16258168328968592,0.16906954304832356,0.43337409553071277,0.44372464381458904,-8.887610179717594,-9.774744383279767,-16.184231787549933,-16.806388824414704,5.711017493803114,5.434614315490699,0.012823596629408573,0.012823596629408573,-1.4671833041999867,0.9515052010795018,1.6820001260476107e-05,-0.0199604839154673,0.02247637520221303,-0.04632024637764366,67.11436157853066,23.451168084449147,687.7816794991727,4.426183109064305,206.16604702853536,DESCENDING,15,20,False,p03371,80.87413764595733,22.306723320158092,-0.03968190512002534,0.0008910743808570043,0.006487859758637637,0.01035054828387627,-0.887134203562173,-0.6221570368647704,-43.66319349408151
0.778161301604924,0.7471513660272439,0.3607272033455679,0.3689059318785083,0.2019011087205793,0.20095932570421354,0.5109294440190105,0.5114711807674553,-8.29579358049123,-8.61209403164011,-15.202529269030016,-15.163147404189768,5.234697012242262,4.833966876867325,0.0103991828398603,0.0103991828398603,-1.5088434155765378,1.073355206767973,-7.722307038287198e-05,-0.020997353976131575,0.030973057452171566,-0.04917314043072343,67.22829365664845,23.769271507681996,782.8731701425237,10.409131169981476,147.96173604960134,DESCENDING,15,20,False,p00480,80.93005650248713,22.13999676607975,-0.03100993557768017,0.008178728532940382,-0.0009417830163657437,0.000541736748444821,-0.31630045114888006,0.03938186484024797,-43.459022148966454
0.6339982785108546,0.6250104427970294,0.2852996938166627,0.2922555405962257,0.07597979817515964,0.09230927480419075,0.34862900308767436,0.3687824469255891,-9.395615731324025,-9.983134922415816,-16.62091916073149,-17.326075059926982,5.638117301539933,5.852486604334417,0.012329219004163727,0.012329219004163727,-1.5251846742105728,1.049804322883109,0.0003170413087704339,-0.021463426524062707,0.03817895291591536,-0.051335501702347665,61.13031454208456,22.293855641374645,735.4743196611711,9.577897694974416,172.267523878912,DESCENDING,15,20,False,p00289,80.98597535901693,22.128498383039865,-0.00898783571382511,0.006955846779563013,0.016329476629031114,0.02015344383791473,-0.5875191910917916,-0.7051558991954927,-38.836458900709914
0.6772175143393966,0.6592242908617436,0.31690210898825066,0.3252991007746998,0.12365292259271053,0.13286361178094594,0.4201967642138321,0.43379326076878927,-8.91726899722107,-9.289850449530748,-15.698804765117725,-16.235311158706455,4.923284082199473,5.135907512994446,0.013372881724821428,0.013372881724821428,-1.605067505595491,0.782034192045317,0.004422616441823811,-0.016533045900104563,0.0226788627884212,-0.039010550794838485,60.97118155495093,23.08467724201453,530.8630528161651,5.440676330056789,203.6075950385302,DESCENDING,15,20,False,p02517,80.53862450677853,22.26072978799855,-0.017993223477652975,0.008396991786449148,0.009210689188235407,0.01359649655495715,-0.372581452309678,-0.5365063935887306,-37.8865043129364
0.6251613868968686,0.6261032579307926,0.2810574173892673,0.29002252921184285,0.06388150713376727,0.08981654918727895,0.31677920233447093,0.3619161680540315,-8.97777786509485,-9.491894688051179,-15.472996389882107,-15.984620481991387,4.793877816898685,4.800310940142547,0.012831924652074611,0.012831924652074611,-1.4994495213582428,1.0352450426611937,0.00026698292026289353,-0.02084149360110622,0.026872890405529124,-0.048018828608461066,73.25568740139269,25.272869230949716,742.9953443352077,6.18647457383068,165.24384644305619,DESCENDING,15,20,False,p02679,80.92384329620604,22.266478979518492,0.0009418710339239578,0.008965111822575533,0.025935042053511687,0.04513696571956055,-0.5141168229563284,-0.5116240921092796,-47.982818170442975
0.5412937196543164,0.5202116307254272,0.2912098308778238,0.2722009590261317,0.017452999746132365,-0.0018128273705863781,0.2456188730150378,0.22890019616781251,-9.545939980421336,-10.2225924836282,-16.43644094382041,-17.502680378576034,5.086193447853457,5.611265029386179,0.013540234431201448,0.013540234431201448,-1.487644858478285,0.7112518728118022,0.002663738284260406,-0.016620025855947615,0.019302248620023194,-0.03971193816392093,65.05419275012329,22.904697583974713,490.0728120831635,5.350250401361024,134.43589006301966,DESCENDING,15,20,False,p05617,80.53862450677853,22.438954725116776,-0.021082088928889187,-0.019008871851692144,-0.01926582711671874,-0.016718676847225278,-0.6766525032068635,-1.066239434755623,-42.14949516614858
0.7411281134899653,0.7091947074103134,0.3441174130123994,0.34418589114085607,0.20119474200936216,0.19981197901646622,0.508276649718289,0.5131625242892359,-8.530461678665628,-8.888042502795267,-15.333769582922685,-15.817941970122686,5.114099333662762,5.188608462800597,0.009011954061314609,0.009011954061314609,-1.5986447458750326,0.8624245768043101,0.003404650123768809,-0.01738443082494577,0.022816514572527206,-0.04060022169315701,70.05089939418939,27.063794800710845,576.593553446537,3.6699982395211497,150.7830129795304,DESCENDING,15,20,False,p01532,80.63182260099487,22.20323787279912,-0.031933406079651894,6.847812845667267e-05,-0.0013827629928959417,0.004885874570946913,-0.35758082412963965,-0.484172387200001,-42.98710459347854
0.7240203217545671,0.7286203315787805,0.32881760350198463,0.35233864218966565,0.17455012659941407,0.20849983659013366,0.474411532766007,0.5163455859055751,-8.387538265536627,-8.67918858696399,-15.655637519049705,-16.058227079863634,5.512317930044596,5.691648087692179,0.013477939998768007,0.013477939998768007,-1.536445696020208,0.7771166929579095,0.003740276537226644,-0.01689245735429769,0.021031538482979166,-0.03953703769122599,69.00662022186154,24.738895709379502,573.7307274093745,4.89039288741065,154.47717351328018,DESCENDING,15,20,False,p04124,80.58211695074615,22.352716852317634,0.00460000982421338,0.023521038687681017,0.033949709990719584,0.041934053139568106,-0.2916503214273636,-0.4025895608139294,-44.26772451248203
0.6352746479115079,0.6360408309535504,0.30977992296527856,0.3217255315810925,0.07671903035054475,0.10557090992554113,0.3421518039381414,0.3883295318197154,-8.737615870585081,-9.0219172286066,-15.622429321055195,-16.02750037691114,5.050049188370466,5.230624817253038,0.013555600800951417,0.013555600800951417,-1.5363294239625669,0.6790412895733425,0.003173810902477868,-0.01628478588457148,0.020650446158012974,-0.03888296532844662,65.10376966260645,23.285070538085737,498.47181264170064,3.539796755157497,194.08664436976423,DESCENDING,15,20,False,p04305,80.46406603140547,22.36421523535752,0.0007661830420424565,0.011945608615813952,0.02885187957499638,0.04617772788157404,-0.28430135802151923,-0.4050710558559434,-41.81869912452072
0.7508888882501998,0.7362430306661449,0.36210752765723897,0.3852654554050609,0.19617175521119254,0.2422140698758563,0.4976836671623017,0.5528959333942779,-7.792590432274564,-8.0603003360768,-14.565433662097375,-14.69160216502611,5.052868482963722,4.909562109199557,0.01259490133073915,0.01259490133073915,-1.4982399982754193,1.0383670026224492,-7.145050341526008e-05,-0.020171371996517723,0.02287870344383021,-0.046093727947344156,71.93863536667651,25.99609971829575,761.6059034447433,10.286744461518756,90.01583109232934,DESCENDING,15,20,False,p01467,80.84928482083298,22.19748868127918,-0.0146458575840549,0.023157927747821938,0.04604231466466377,0.05521226623197617,-0.2677099038022357,-0.12616850292873494,-45.942535648380755
0.6540620026687018,0.6300119039986832,0.31904384106511524,0.30796309055426074,0.12812680838410007,0.11381133474224224,0.38724127516915763,0.37768419640905276,-8.716143385046855,-9.45464545945716,-15.463252653520883,-16.28214784714913,4.999932358794612,5.120540255376235,0.011420251439269946,0.011420251439269946,-1.418888161390379,0.8178193170135423,0.0019171823808405823,-0.017592200608429375,0.0185188240166828,-0.03981967389997978,65.9010992870956,23.92101658172294,664.2169897249879,6.397561482286394,163.85468767477914,DESCENDING,15,20,False,p04840,80.68152825124358,22.392961192957234,-0.024050098670018616,-0.011080750510854498,-0.014315473641857826,-0.009557078760104865,-0.7385020744103041,-0.8188951936282471,-41.980082705372666
0.7188167884738456,0.7185784056498778,0.33101657792928996,0.33479858771615123,0.15521809549260113,0.15778196749480822,0.4516331182675001,0.46663558556955237,-9.136043463834223,-9.742540479534288,-16.046708760017633,-16.32769541429649,5.140846391437264,4.8200496475795696,0.009256154458207821,0.009256154458207821,-1.4945534995554546,0.8191355407337593,0.0027442081904628735,-0.017842923229473378,0.020687786350683662,-0.04056347553675341,82.1651042125521,29.014362999775116,644.8432639483091,5.350225108155865,224.025981399589,DESCENDING,15,20,False,p03238,80.6691018386814,22.30097412863815,-0.00023838282396770882,0.0037820097868612734,0.0025638720022070904,0.015002467302052291,-0.6064970157000644,-0.2809866542788555,-53.15074121277698
0.643540987281207,0.6311402140797577,0.30976076765665717,0.2974918459410492,0.07625033436845276,0.05041069127153668,0.35102787550921055,0.3340660741102232,-9.073743842387977,-9.559240560857775,-15.794643594503588,-16.196664460027353,4.930956574372776,4.885694326297702,0.012150202315329928,0.012150202315329928,-1.4725812772880955,0.791649940538064,0.0028557813418912084,-0.017182473949443708,0.01951923324425029,-0.039796486360789925,65.89252890679089,23.70826192559117,591.1840546697043,7.764840346880873,183.62231546976787,DESCENDING,15,20,False,p04831,80.62560939471378,22.392961192957234,-0.012400773201449278,-0.01226892171560795,-0.025839643096916075,-0.016961801398987342,-0.4854967184697987,-0.4020208655237649,-42.18426698119971
0.5754180602592078,0.5838674240143383,0.28348799485161147,0.2887150851964464,0.02840502409300227,0.04607887808183244,0.26153175383147415,0.29734539619226946,-9.109294409281308,-9.635768306343921,-15.780097171026789,-16.66155559586845,4.834146476806655,5.244752503988266,0.012001311040314433,0.012001311040314433,-1.5074295859623192,0.7143670796017731,0.0030302867420003627,-0.01660233825540011,0.01979751315040348,-0.03936735383728908,66.93026154612274,23.55781494416092,495.89564064446176,4.727494073687172,130.67669251476562,DESCENDING,15,20,False,p05216,80.53241130049744,22.415957959037005,0.008449363755130501,0.005227090344834928,0.01767385398883017,0.03581364236079532,-0.5264738970626137,-0.8814584248416608,-43.37244660196181
0.6571433268817377,0.643847194957291,0.29534246630923555,0.3110213174161021,0.062410821509241696,0.07535138444268863,0.3404035852200686,0.3608309719063881,-9.068159316690709,-9.460395781180146,-15.755561298244354,-16.184530392267433,4.827299840120352,4.89255078430722,0.008579929296484767,0.008579929296484767,-1.5776871190465676,0.782394256257653,0.004226655897276322,-0.0167882371868762,0.022020060129131637,-0.03934507286927648,66.62879152002398,24.31226607442664,542.7613933515124,6.083230042142804,233.8123245715747,DESCENDING,15,20,False,p03321,80.56347733190289,22.306723320158092,-0.013296131924446675,0.015678851106866565,0.012940562933446934,0.020427386686319493,-0.3922364644894376,-0.4289690940230795,-42.31652544559734
0.5643973512968461,0.5693832491027108,0.2676889681156694,0.2836609164432014,0.04873177882686356,0.08926857080198276,0.3022048152658937,0.3587172449770554,-9.748302230157226,-10.047369917584026,-16.681139776172035,-17.39493973397072,5.17181843377265,5.758166363502525,0.00957654746083092,0.00957654746083092,-1.5866733217739881,0.8603849660762035,0.00226145684574646,-0.01779359912712709,0.02247537846803613,-0.041229912334274976,57.67316873599277,22.609083192891628,553.7935885221096,4.2482686287539675,189.4540956437497,DESCENDING,15,20,False,p00339,80.67531504496249,22.134247574559808,0.00498589780586467,0.015971948327532015,0.0405367919751192,0.056512429711161716,-0.2990676874268008,-0.7137999577986847,-35.06408554310114
0.5833639334823791,0.5879788912277928,0.2731855718736373,0.2765370873457221,0.03978542380981517,0.044006941746200096,0.3024066434299967,0.3096398079215767,-9.738322594324053,-10.48935945494658,-16.33502891559917,-17.07064902412953,4.915860390787519,4.954103837086753,0.009881339032664305,0.009881339032664305,-1.519586025242055,1.0615979139747966,0.0008972935621733976,-0.02154349265107015,0.033093575038100086,-0.04940430394535519,71.78779408960091,25.422810017026467,770.016584188292,10.108589820961578,153.52540736270365,DESCENDING,15,20,False,p01988,80.97976215273584,22.226234638878893,0.00461495774541365,0.0033515154720847873,0.004221517936384929,0.007233164491580013,-0.7510368606225271,-0.7356201085303589,-46.364984072574444
0.7062292126744742,0.705326688996428,0.3373956334004816,0.35284633969149803,0.16586396739035217,0.17789819271227789,0.45344442214003533,0.4814172755881969,-8.870452726377897,-9.000493474286692,-15.611172556203647,-15.71283104104122,4.872571923266975,4.854163000236276,0.01185090947991918,0.01185090947991918,-1.532045174979081,0.7633809286897444,0.003618779893795062,-0.01680869849220999,0.020755334158718535,-0.03944418205298302,68.84821119012625,24.704360036084257,620.025473662211,5.317114539038451,173.42156539633294,DESCENDING,15,20,False,p04322,80.56969053818398,22.36421523535752,-0.0009025236780462187,0.015450706291016414,0.012034225321925718,0.027972853448161583,-0.1300407479087955,-0.10165848483757323,-44.143851154042
0.754098402795167,0.7198040992633383,0.3840558356055681,0.37306063985161236,0.21815388918813955,0.20206880882749226,0.5255213476030179,0.5188176964668583,-8.947939229610661,-9.066568454716371,-15.589873352640355,-15.491346037216045,4.83475883005638,4.70672482052985,0.022378285040691948,0.022378285040691948,-1.5541820827981259,0.9610690142732259,0.000490216980232041,-0.019135001956223925,0.02214264875555114,-0.043680006128435624,70.7973247608349,25.79408036517312,644.2293918918931,9.932096368800694,200.95539162596802,DESCENDING,15,20,False,p00055,80.77472634545991,22.11699999999998,-0.03429430353182872,-0.010995195753955744,-0.01608508036064729,-0.006703651136159672,-0.11862922510571039,0.09852731542430959,-45.00324439566178
0.48925828210185696,0.49206726584441846,0.24950376256765697,0.26001809410611776,0.02732010792903444,0.03264584814299953,0.23286962233632053,0.2405210111779816,-9.489720883769039,-9.722867561430569,-16.62463289281892,-17.14760487354072,5.429743010870296,5.761784569491484,0.009145826657537492,0.009145826657537492,-1.5918890902110487,0.7458628744575163,0.004309494130360933,-0.015933131348120806,0.02279592557311955,-0.03809727096567037,53.98499698852302,21.309929465467878,510.06684594698424,3.5889438468433816,179.9493132923549,DESCENDING,15,20,False,p01508,80.48270565024873,22.20323787279912,0.0028089837425614994,0.010514331538460792,0.005325740213965088,0.007651388841661083,-0.23314667766153008,-0.522971980721799,-32.67506752305515
0.744480175114689,0.6921338686193385,0.3511959949818079,0.3334836402605998,0.21787040565338936,0.17493526631032352,0.5301978053716994,0.4890786472908287,-8.579984878282612,-9.214960510730213,-15.955466075740723,-16.348554067451165,5.779409359769142,5.578597037824527,0.012645231789212286,0.012645231789212286,-1.5436832475312539,0.9653273424157292,0.0006731477153283783,-0.020359731321038303,0.027889364374518562,-0.048123493848130784,71.39743345948659,25.659454015400854,688.8047322060056,5.740460039863694,169.66679258020966,DESCENDING,15,20,False,p04689,80.98597535901693,22.38146280991735,-0.05234630649535055,-0.017712354721208134,-0.04293513934306584,-0.04111915808087063,-0.6349756324476008,-0.3930879917104413,-45.73797944408574
0.6320512512224731,0.6212445653796698,0.3023122532063496,0.29604753535117717,0.07153527579850978,0.06523282951886623,0.3391938912289196,0.3364237823665047,-8.842466451643578,-9.446273517666576,-15.704490505488238,-16.45970079202514,5.114620045634803,5.342420906353765,0.009130731786822,0.009130731786822,-1.4571678198351765,0.7915244823777775,0.0026394655692527354,-0.017195965494066677,0.019101755544327085,-0.03975027157717623,64.82965683893566,23.383992388083126,606.2300292430382,3.111467105578549,204.30121925885692,DESCENDING,15,20,False,p05032,80.63182260099487,22.40445957599712,-0.01080668584280331,-0.006264717855172408,-0.006302446279643548,-0.002770108862414855,-0.6038070660229984,-0.7552102865369008,-41.44566445085253
0.7682899448254166,0.7404559502539543,0.38675291731306133,0.38572926786475803,0.21079740648481898,0.2162577845006189,0.5215713931035904,0.5353249132969803,-9.329599008156366,-9.344328611409644,-15.639905051036695,-15.416597017257796,4.5460381822723805,4.318662742579472,0.009541031300714264,0.009541031300714264,-1.5516112884374729,0.9323410001563129,0.0009207013923731071,-0.018850359286954086,0.021767818519264483,-0.04319513626791971,81.0809754037509,28.82902907629083,794.9055330526254,12.496541842109481,192.2482268935817,DESCENDING,15,20,False,p00651,80.74987352033556,22.151495149119636,-0.027833994571462295,-0.0010236494483032987,0.005460378015799905,0.013753520193389934,-0.014729603253277546,0.22330803377889907,-52.25194632746007
0.71499145858497,0.7247422200459805,0.31843310052907275,0.3330793506722754,0.15078210713173712,0.17819898664610717,0.451564483500572,0.4872373048894776,-8.50470312175838,-8.715475358179384,-15.505153139754544,-15.972938314843315,5.192792137550975,5.532049533293345,0.011982912847511296,0.011982912847511296,-1.5334280427992666,0.7811087761292933,0.0037274413725257314,-0.016930952192266542,0.021012012957325146,-0.03958836905067155,68.77516808475022,24.63275785776821,571.332493823608,6.358326737185478,157.94520000319807,DESCENDING,15,20,False,p04125,80.58833015702724,22.352716852317634,0.009750761461010504,0.014646250143202644,0.02741687951437005,0.035672821388905596,-0.21077223642100407,-0.46778517508877115,-44.14241022698201
0.6258621242871911,0.6296505764351262,0.3009712216133149,0.31175835844376765,0.08227201566517622,0.09343975833475189,0.34963779753218793,0.3735228025599644,-8.361409348480953,-8.610355046736826,-15.213363285613948,-15.692025029002773,5.03268933482267,5.279494339871682,0.011173545488995074,0.011173545488995074,-1.5443430747774665,0.7228258393768474,0.003520022251079772,-0.01558084571409941,0.022366276627432017,-0.03774851354165014,54.64023322074027,22.98708339517688,557.9045824880044,4.62357099153061,167.6281679708884,DESCENDING,15,20,False,p00701,80.43921320628111,22.15724434063958,0.0037884521479351063,0.010787136830452737,0.011167742669575667,0.023885005027776463,-0.24894569825587354,-0.47866174338882495,-31.65314982556339
0.5006712371548508,0.4815201084178463,0.23941312286290095,0.2383494180095266,0.018294010942679895,0.026059621054934715,0.2320245411967872,0.2360980365132035,-9.837825703134854,-10.535338268298375,-16.802363398772687,-18.158026915247227,5.3656295863634345,6.401025574089784,0.012160554973852489,0.012160554973852489,-1.5532078074717859,0.9836789495474626,0.0019221717961418713,-0.02213527016927204,0.04261880115328703,-0.05105747543721829,74.79857688881185,26.57912338954689,772.4562264638383,9.646664796997015,155.84661517884106,DESCENDING,15,20,False,p01499,81.04810742182782,22.19748868127918,-0.01915112873700453,-0.001063704853374342,0.007765610112254819,0.004073495316416292,-0.697512565163521,-1.3556635164745394,-48.21945349926496
0.5608201979472434,0.5405992422321599,0.3060276524965167,0.29294706122198694,0.021887264147457904,0.017582849152696707,0.26230222146967946,0.2674140453870371,-9.159999380227255,-9.816960953345118,-16.08162113576287,-16.982605223624528,5.119010258338279,5.442061233638634,0.009320580627664832,0.009320580627664832,-1.4889747372096012,0.6378012306977232,0.0023653786963907988,-0.016405758752510463,0.019778678847128053,-0.03884765599105843,65.1131321828005,22.01982390142312,497.00229016834703,3.3168307284342475,185.0218409739241,DESCENDING,15,20,False,p05203,80.45163961884329,22.415957959037005,-0.020220955715083422,-0.013080591274529763,-0.0043044149947611965,0.00511182391735765,-0.6569615731178633,-0.9009840878616586,-43.093308281377375
0.7529742901699622,0.7213314923198147,0.3738471661884786,0.37928982300913316,0.19593841166930753,0.19914025562174575,0.4946098776778683,0.5052534029114653,-8.496335506805865,-8.601312710049244,-14.924098511310786,-14.952820143063033,4.635968606825168,4.546357194880655,0.011053285331384832,0.011053285331384832,-1.5345402569898605,0.8930891392609993,0.001531950858078748,-0.018513105656834897,0.021097968431503362,-0.04241336018880876,84.75922626158874,29.761112842089087,870.9006133685364,4.530483289329639,142.91083617747435,DESCENDING,15,20,False,p01646,80.71880748893011,22.208987064319064,-0.03164279785014745,0.00544265682065459,0.0032018439524382214,0.010643525233596962,-0.10497720324337934,-0.02872163175224607,-54.998113419499646
0.6867627747264943,0.6462384804254415,0.3318366322321812,0.3133678465973128,0.11037435524934093,0.07664963605156792,0.3964960698633697,0.36155673203417665,-9.774762131518118,-10.574386569443892,-16.521975029321194,-17.235653392530782,5.063299823462978,5.0013616369064335,0.013117054744641532,0.013117054744641532,-1.557144294392117,0.9646305002130504,0.0007687624183852818,-0.020411022650501928,0.028755196705155302,-0.04843477046596994,72.63427858870396,26.18899245571047,707.9533783513804,5.5657170256123365,232.96205697846335,DESCENDING,15,20,False,p04791,80.99840177157911,22.38721200143729,-0.040524294301052755,-0.018468785634868368,-0.033724719197773007,-0.03493933782919306,-0.7996244379257735,-0.7136783632095884,-46.445286132993495
0.7267630067421565,0.7238037262862856,0.3478464234010744,0.3385172699546241,0.21598663345543823,0.21914437943919493,0.515343296939905,0.5240071986501941,-8.521122225166621,-9.074545855466631,-15.56007098491081,-16.140046545821445,5.38232693358744,5.470469788113662,0.008173604172898696,0.008173604172898696,-1.4541994148161361,0.8959620380566792,-0.00010810185362720684,-0.019313753826435492,0.02119505164119382,-0.045532448718860696,63.41870686933941,23.399637350635807,674.1320392849431,4.3791844138823794,195.18319921366188,DESCENDING,15,20,False,p04775,80.89899047108169,22.38721200143729,-0.002959280455870905,-0.0093291534464503,0.0031577459837567046,0.00866390171028908,-0.55342363030001,-0.5799755609106345,-40.0190695187036
0.6359246877416269,0.6355115275179942,0.28657456889376753,0.31077584797852453,0.0880520929997737,0.11973971724072925,0.3397014411761774,0.39113409089989476,-9.260537435389923,-9.658365869632652,-16.46426695260277,-16.745743214847106,5.5839896634855615,5.396250039582262,0.012887234371336542,0.012887234371336542,-1.4164398745615787,0.8818946832882655,-8.549914632472831e-05,-0.01862816869200164,0.0190020927195435,-0.04354642620695953,62.05324975794805,23.663595201110493,675.68133624168,6.781602307501775,211.8381552769722,DESCENDING,15,20,False,p05373,80.88656405851951,22.421707150556948,-0.00041316022363269145,0.024201279084757,0.031687624240955545,0.05143264972371736,-0.3978284342427294,-0.2814762622443361,-38.389654556837556
0.6699905641070102,0.6339867454747027,0.303822732152712,0.30022741741219594,0.10276315535162664,0.08211911307732085,0.38995119438913617,0.37178808221396026,-8.837471847901448,-9.227647104137132,-15.605731379362625,-16.142907572461404,4.969520696335157,5.117390781150582,0.013315324705650333,0.013315324705650333,-1.5934821382511883,0.8084003713039961,0.004289338260425761,-0.01682721095661602,0.022737198443463877,-0.039499056863490416,66.81857549119911,24.993785653733244,544.1066558324012,4.887535499650031,174.42095143084703,DESCENDING,15,20,False,p02523,80.57590374446507,22.26072978799855,-0.036003818632307505,-0.0035953147405160535,-0.020644042274305788,-0.01816311217517591,-0.3901752562356844,-0.5371761930987784,-41.82478983746587
0.6092666077776565,0.5917816009507296,0.2944891019339077,0.29613648090730627,0.07093618874163599,0.0913284874167899,0.3183515833525254,0.3509568060338598,-8.850767011493836,-9.286577537556512,-16.28660918584761,-16.779769471723238,5.750007540745528,5.8414899796277595,0.00907698487226749,0.00907698487226749,-1.6088130818904531,0.7824146196213686,0.004433092869453983,-0.01630034909582321,0.023200933241950085,-0.03865955429524725,53.766686503586435,21.375334853228093,529.1525614967271,3.406054446809532,157.7355760766929,DESCENDING,15,20,False,p01415,80.52619809421635,22.19748868127918,-0.017485006826926885,0.001647378973398561,0.020392298675153908,0.03260522268133442,-0.4358105260626761,-0.49316028587562855,-32.391351650358345
0.6379187094500022,0.6380483657108454,0.3258515490232254,0.32776192005143917,0.0875233186352215,0.0956311319197446,0.3534314893852671,0.37724311524811177,-8.695101492762115,-9.079678310182425,-15.459778404383075,-15.708528642632112,4.929339144116609,4.748614938012753,0.008844392194800932,0.008844392194800932,-1.5301050807759742,0.7206428489087571,0.003375719560153841,-0.016563473987614052,0.020348891750269722,-0.03915582978319424,69.14309190181051,24.476131919309168,589.4355421301636,5.390207454289731,98.10553317990028,DESCENDING,15,20,False,p04715,80.52619809421635,22.38721200143729,0.00012965626084326942,0.0019103710282137865,0.008107813284523091,0.023811625862844688,-0.38457681742031014,-0.24875023824903764,-44.66695998250134
0.6912555995407047,0.7070497656695907,0.31294510740020903,0.3330549130081902,0.149491336466154,0.19185102734139017,0.43581433680482146,0.48310027233738684,-8.82548587712061,-9.387307948292365,-15.91542960814188,-16.52791471205477,5.426757251247984,5.55226204651716,0.010061567329381238,0.010061567329381238,-1.507922690984415,1.0473000152747671,0.00049208549532172,-0.02108220160708303,0.028862440393853925,-0.048424428917361956,74.72178273435928,25.936566638250422,756.1371091624795,7.778978781963064,151.6398854290011,DESCENDING,15,20,False,p02382,80.94248291504931,22.249231404958664,0.015794166128885956,0.020109805607981146,0.04235969087523617,0.04728593553256538,-0.5618220711717559,-0.6124851039128902,-48.785216096108854
0.6258799415988177,0.6423646760044388,0.30385967257913116,0.32146638192170807,0.040140377567677785,0.08256465237397488,0.30187362326669054,0.36752123531831227,-8.896080941889739,-9.177161905254174,-15.852081142158926,-16.233506974065673,5.1752214030088295,5.267100330685205,0.013555263758061264,0.013555263758061264,-1.5468889124810092,0.6871405816045445,0.0033296203391676472,-0.01625645514715193,0.02085088816419562,-0.03888384292372164,64.31881109336867,23.323358568396877,500.8164340416007,3.437295154044157,201.52410986937826,DESCENDING,15,20,False,p04105,80.46406603140547,22.352716852317634,0.01648473440562115,0.01760670934257691,0.042424274806297096,0.06564761205162173,-0.28108096336443467,-0.3814258319067463,-40.99545252497179
0.6923676560381007,0.6601437672309532,0.33855924499470397,0.33460560321640254,0.15528799201056692,0.147204381741026,0.4174999596474507,0.4263028333180591,-10.45429760432585,-11.23913548144531,-16.889965828843792,-17.894578531818684,4.710889516012275,4.974461254077609,0.013000766045698775,0.013000766045698775,-1.5410911869860362,1.033253812333962,0.0013576778436407754,-0.021630861758162603,0.03400503495729959,-0.04927682453041804,75.25846568590974,25.48614045408763,824.5194346007092,10.333072018814645,243.51567487140917,DESCENDING,15,20,False,p02691,80.99840177157911,22.266478979518492,-0.03222388880714744,-0.003953641778301431,-0.008083610269540908,0.008802873670608446,-0.7848378771194593,-1.0046127029748924,-49.77232523182211
0.577684266856091,0.5328035145494808,0.28097776113865003,0.27113655011697163,0.05537476103534348,0.06683535052372143,0.28374777169975524,0.2990318956805211,-9.318094418685025,-9.757880847655592,-15.974358953271116,-16.78614663278283,5.008445584969616,5.512683205559159,0.012757196533904502,0.012757196533904502,-1.493547573859182,1.0074049460097516,0.00015196712829341458,-0.02062098881942235,0.025407331945926398,-0.04773810915361042,72.46829047573212,24.834265524720493,734.1338264694118,8.759224310275885,126.9444702119152,DESCENDING,15,20,False,p03077,80.91141688364387,22.289475745598264,-0.04488075230661015,-0.009841211021678398,0.01146058948837795,0.01528412398076584,-0.4397864289705673,-0.8117876795117152,-47.634024951011625
0.6797076255009025,0.6347092113613917,0.347668866592144,0.3304533956086199,0.14700069012102843,0.11814537229671528,0.4342811208661195,0.4024077899266824,-9.089582318467299,-9.752800868982632,-15.407369106126708,-16.266902320056673,4.535833262895571,4.824696253414115,0.013462383450263404,0.013462383450263404,-1.4901199814440054,1.078054775164997,-0.00015649149991194794,-0.020519986383733858,0.023943726611295735,-0.04685196889992753,70.56211137728017,25.814732978723164,821.9549237392579,6.229102315829904,172.8090280556311,DESCENDING,15,20,False,p01472,80.88035085223842,22.19748868127918,-0.04499841413951078,-0.017215470983524106,-0.02885531782431315,-0.03187333093943706,-0.6632185505153334,-0.8595332139299643,-44.74737839855701
0.650995367968178,0.6020879003109019,0.30885393825384355,0.29515073840700917,0.10229645187632727,0.09274525091690015,0.37453059251464776,0.37150426592565217,-8.921442253657956,-9.635962057977233,-16.031201254512535,-16.71346754142635,5.478967388877695,5.516192360065537,0.009635019670848788,0.009635019670848788,-1.5980070007408131,0.834588550191285,0.002875248811526892,-0.01730059670624248,0.023283550493380566,-0.04068240702758194,51.41245287095094,21.222555094646516,562.0539093324745,3.4770512923745853,144.9861744101779,DESCENDING,15,20,False,p00133,80.63803580727595,22.122749191519922,-0.04890746765727616,-0.01370319984683438,-0.009551200959427117,-0.003026326588995598,-0.7145198043192771,-0.6822662869138156,-30.189897776304427
0.7075429567246245,0.6595304734100277,0.32558174146504354,0.312804826962154,0.15846122007330854,0.12779048418920003,0.4523136735614077,0.43827005355271775,-8.862248004955108,-9.149280114590967,-15.918517137566063,-16.182549451037655,5.332587008494655,5.314035073189909,0.01186658484943326,0.01186658484943326,-1.601413637390851,0.838373006737566,0.0032405144323243923,-0.017200099945334214,0.023323513880367075,-0.040502516044191,52.01359802408236,21.236894501192698,561.6616635847677,3.0145129399710187,152.39626810115027,DESCENDING,15,20,False,p00631,80.62560939471378,22.151495149119636,-0.04801248331459684,-0.012776914502889536,-0.030670735884108513,-0.014043620008689972,-0.28703210963585946,-0.26403231347159206,-30.776703522889665
0.657043178148382,0.6347728296024903,0.2848492436772038,0.2842259856848687,0.05755576660302066,0.06308988222214826,0.3400979341603527,0.3560109492785123,-9.21433339266733,-9.757737142143313,-16.023838732146107,-16.711946052950076,5.113778269910915,5.29963436141577,0.010542853034272714,0.010542853034272714,-1.518652586908348,1.0603487923290762,0.0002485703555863415,-0.021333759101127447,0.035389512025027936,-0.05045725784589598,62.65517697648113,22.639227285899455,736.6540140107904,8.179104597793708,164.7693373057413,DESCENDING,15,20,False,p00486,80.96733574017367,22.13999676607975,-0.022270348545891716,-0.0006232579923351467,0.005534115619127596,0.015913015118159568,-0.5434037494759831,-0.6881073208039687,-40.01594969058168
0.734455844116309,0.6974541613868329,0.3402332991067264,0.3274112241978019,0.18550553229845593,0.181420726223793,0.496253837050631,0.49970442425902034,-8.784118594687126,-9.062480377352333,-15.696767691788535,-16.00023226584455,5.158116273889604,5.2217244179888445,0.0131857527006487,0.0131857527006487,-1.6089595339846665,0.8526928212852197,0.0037178674991825266,-0.0171309949170386,0.02332159930701222,-0.040301823255559185,64.35227892211412,25.21824376543871,558.7243641867466,4.01511138304981,174.8738759047105,DESCENDING,15,20,False,p01329,80.6131829821516,22.191739489759236,-0.037001682729476126,-0.012822074908924508,-0.004084806074662939,0.0034505872083893663,-0.2783617826652076,-0.30346457405601335,-39.13403515667541
0.7302910454900586,0.7188229452395711,0.33709685962524133,0.34017879298110515,0.15764745786616627,0.19342418045804863,0.456447596861115,0.5010323463059702,-8.555441525266884,-8.871786096401793,-15.591989160922957,-16.0299015169505,5.3726493201615915,5.564444440673717,0.012699994616212185,0.012699994616212185,-1.4719100748427014,0.9655081623570112,4.223548501387025e-05,-0.019927742651740958,0.022199081579472743,-0.04596982612721266,65.2602720404456,23.280679015834338,664.2026974057867,4.237182922829551,159.96203473349908,DESCENDING,15,20,False,p02767,80.84928482083298,22.272228171038435,-0.0114681002504875,0.0030819333558638196,0.03577672259188236,0.04458474944485513,-0.3163445711349091,-0.4379123560275424,-41.97959302461126
0.5536835246713877,0.5334850613736198,0.2633099381721325,0.26062352449118936,0.07738771438133947,0.06182601894713179,0.3099370841770762,0.3000782431420679,-9.626213216633731,-10.454967156790918,-16.881724135268325,-17.948107223346337,5.723690704376629,6.297010592054447,0.008505721293078805,0.008505721293078805,-1.534791873686327,0.9946888821474237,0.0009434564806602415,-0.020931580290195765,0.02934142047332132,-0.048233611708206406,73.39142712218576,25.093938002738778,668.5334512705051,5.164120295915084,194.20188967513664,DESCENDING,15,20,False,p03787,80.97354894645476,22.329720086237863,-0.020198463297767866,-0.002686413680943134,-0.015561695434207677,-0.009858841035008337,-0.8287539401571866,-1.0663830880780125,-48.29748911944698
0.5700390705764806,0.5468182697462047,0.2652139098974328,0.26445943310475106,-0.0071521767478273405,-0.019457191255769123,0.23876114667618825,0.23175290636692933,-8.803707705494597,-9.307678521061078,-15.856342177506328,-16.612311212443007,5.276375882457998,5.611395212292405,0.013246207173072566,0.013246207173072566,-1.5937654841558968,0.7269289074325711,0.00407612271507958,-0.01612838270732791,0.021876145112294458,-0.038769671918901544,59.22531160837554,22.394711643293963,502.603337386407,2.8405702035069758,183.67001311916053,DESCENDING,15,20,False,p02906,80.47027923768655,22.28372655407832,-0.02322080083027589,-0.0007544767926817575,-0.012305014507941782,-0.007008240309258923,-0.5039708155664808,-0.7559690349366797,-36.830599965081575
0.7687548263772044,0.728406694139696,0.35799795804273393,0.35918055571618795,0.22274034050044256,0.2368681082098527,0.5311543276614008,0.5511896268634625,-8.458783466984604,-8.885824134226638,-15.248978287437392,-15.605992547455989,5.021073762330741,4.955337417279115,0.009107839815772345,0.009107839815772345,-1.5784993764208806,0.8658342885680935,0.002568906615406605,-0.017810516322205,0.022093187644128973,-0.04119211281791999,76.52782880737836,28.613966157401567,588.0993368422746,3.770912807635971,178.97568689941576,DESCENDING,15,20,False,p01338,80.6691018386814,22.191739489759236,-0.04034813223750833,0.0011825976734540222,0.014127767709410155,0.020035299202061707,-0.42704066724203393,-0.3570142600185964,-47.91386264997679
0.6106776904432056,0.5808328869365019,0.2702044920915744,0.26215841201249435,0.01031387914453874,-0.013519719210564118,0.2588716037894233,0.24394789938905306,-9.428352264534519,-10.176060354455089,-16.134019304294828,-16.842138817499176,5.030398074859253,5.119160796343536,0.012914761219494308,0.012914761219494308,-1.5245233088180719,1.0575805003191108,0.0011306634562552745,-0.021773734750948702,0.03566500484021988,-0.04996544318250052,69.36065209433983,25.03259989945558,835.5829993400612,6.1607352680798995,205.82428734688617,DESCENDING,15,20,False,p01691,80.99840177157911,22.208987064319064,-0.02984480350670371,-0.008046080079080031,-0.023833598355102858,-0.014923704400370247,-0.7477080899205699,-0.7081195132043483,-44.32805219488425
0.6493684465926463,0.6116103592937945,0.3535425811805132,0.3183310273052925,0.09031815472622166,0.062403350797395604,0.36493425721804973,0.34988780503185724,-10.154148320855365,-10.315191343426596,-16.411453093184065,-16.594959991941817,4.492654413039417,4.5471896218950745,0.008534501596467292,0.008534501596467292,-1.4789556006218234,0.8190984310432615,0.002525267228562766,-0.017857591521178,0.020267094311888806,-0.04051649346043157,80.34123702767778,28.423783074339774,690.7957656389915,8.207864270180375,243.7532541256238,DESCENDING,15,20,False,p03539,80.67531504496249,22.318221703197977,-0.03775808729885177,-0.03521155387522068,-0.02791480392882606,-0.015046452186192494,-0.16104302257123138,-0.18350689875775217,-51.917453953338004
0.6591008129914933,0.648826389661076,0.3203588368639576,0.3274473231078852,0.10627771388841847,0.11641098768598965,0.3802293349098009,0.4051110887145516,-8.783395261453228,-8.961999920463615,-15.712444638638376,-15.911972691823184,5.114860106657157,5.124452398368553,0.012141266928624828,0.012141266928624828,-1.5160176999856223,0.6792000576516021,0.002957479680293968,-0.01644135174338427,0.01998044262945411,-0.03913779132681242,67.53753590018209,23.303890344000212,541.7515672217573,4.804306243168519,172.08737864077668,DESCENDING,15,20,False,p05210,80.49513206281091,22.415957959037005,-0.010274423330417282,0.007088486243927605,0.010133273797571174,0.024881753804750717,-0.17860465901038758,-0.19952805318480848,-44.233645556181884
0.7449553246005742,0.7105393891395013,0.3781586148149236,0.3880900752290568,0.18271119154150736,0.20022150850576614,0.4741057271278182,0.4992270562465129,-9.864950894138861,-10.040903814410324,-16.492865929369522,-16.54189035114343,4.877869226757304,4.793218495748114,0.013086953824686054,0.013086953824686054,-1.553585186358203,0.864741560970046,0.0022422332176498883,-0.018054113744355157,0.02138858298001282,-0.041413091779199836,84.58761789595873,30.51281538253952,823.4176434349174,6.313992655236141,247.46734460383882,DESCENDING,15,20,False,p01741,80.68774145752467,22.214736255839007,-0.03441593546107291,0.00993146041413323,0.017510316964258782,0.025121329118694746,-0.17595292027146314,-0.049024421773907534,-54.07480251341921
0.7736949682384351,0.7317030433606234,0.4182921912588982,0.40064170108643404,0.2039382642676043,0.16870228344855157,0.5043066021626952,0.47987863998204006,-7.19878901545563,-7.288489304889786,-13.515430271249421,-13.48577035757287,4.507542719828656,4.451843803784046,0.008145916411765097,0.008145916411765097,-1.566991291223386,0.967802622380669,0.000947396504943637,-0.020544242036623046,0.03012545407270711,-0.04877397995652285,72.3163474321148,26.316084338408118,856.7799771450482,16.675771354595348,125.71060517672615,DESCENDING,15,20,False,p04893,81.01082818414129,22.392961192957234,-0.04199192487781167,-0.017650490172464173,-0.03523598081905274,-0.024427962180655127,-0.08970028943415542,0.029659913676551852,-46.00026309370668
0.7341124566202218,0.6896783569215527,0.3385936166389474,0.33038404714562947,0.16615245382705363,0.13259591224132836,0.4650459208754495,0.4347061825448004,-8.624218601687833,-9.075293636088679,-15.294922510581081,-15.542123182519227,4.909093512083256,4.681114898230234,0.011536137229159471,0.011536137229159471,-1.5934616941557846,0.8410745904116018,0.00397871843312126,-0.017126545487655666,0.022915699890895206,-0.04008092850244281,71.79734179353059,27.024155123157584,595.8640350175251,3.7966806971496223,136.06352927996406,DESCENDING,15,20,False,p02128,80.60696977587051,22.23773302191878,-0.04443409969866918,-0.008209569493317914,-0.03355654158572527,-0.03033973833064907,-0.45107503440084606,-0.24720067193814543,-44.77318667037301
0.7613892080327621,0.7220322013234852,0.3646399445169506,0.34458466043282915,0.2074456999162615,0.14919154465199042,0.5223192828950394,0.4667446548844738,-8.579831008302037,-9.399499335831512,-15.831229532253868,-16.406452535127872,5.664772207585561,5.3550570537037645,0.011199131617227964,0.011199131617227964,-1.5773146856792406,0.973670638030809,0.0013518956425192347,-0.020753753455653456,0.03299041183278906,-0.049242612119196914,73.3910594379891,26.88032979104556,694.956207996037,4.415320808393999,197.24140741747053,DESCENDING,15,20,False,p04898,81.04189421554673,22.392961192957234,-0.03935700670927689,-0.02005528408412144,-0.05825415526427108,-0.05557462801056556,-0.8196683275294756,-0.5752230028740044,-46.51072964694354
0.6039758671992261,0.5755720717120366,0.2759829164289202,0.27551874164705253,0.041939167539399545,0.026338303546928947,0.3023843282516178,0.27866808883358635,-8.340813084262622,-9.047832153693303,-15.362257769646746,-16.434099440527856,5.253134825922419,5.6739069784971985,0.01329281507168445,0.01329281507168445,-1.6163358006012785,0.759276135196485,0.0045411390721612115,-0.016317543563104192,0.022538953431864007,-0.03866118733637035,58.55700353944683,22.0945062591605,495.0414260203672,3.0911452886951216,131.45912096397953,DESCENDING,15,20,False,p02812,80.50755847537309,22.277977362558378,-0.02840379548718952,-0.0004641747818676656,-0.015600863992470598,-0.02371623941803147,-0.7070190694306806,-1.0718416708811098,-36.46249728028633
0.6931955394574354,0.6783128743426085,0.3187174136784713,0.33973039027344826,0.12680337850252502,0.14446744837882136,0.41056785042862376,0.4412477819677029,-8.985786316171358,-9.193226614003196,-15.676170075887509,-15.748505455058082,4.881619637972074,4.738084754052088,0.00886008995093246,0.00886008995093246,-1.5604173716859355,0.800127463208409,0.004118136676481843,-0.017017706918494756,0.02196850742135211,-0.039653678006626836,67.64408298870075,24.477448724264658,652.1299389848945,4.377382028132522,185.71289313959903,DESCENDING,15,20,False,p03326,80.59454336330833,22.306723320158092,-0.014882665114826943,0.021012976594976973,0.017664069876296346,0.030679931539079164,-0.20744029783183748,-0.07233537917057298,-43.166634264436084
0.5350263608734731,0.5360660426544422,0.2657389568218094,0.2725378237756874,0.03307154944621958,0.04134318347863236,0.24957698485735746,0.26760622230929154,-9.329463619212474,-10.472447307716902,-16.517206540421235,-17.807247334163165,5.645520489886834,5.880448180179574,0.0129726966853132,0.0129726966853132,-1.4807994581884685,0.914721696323426,7.048709607533423e-05,-0.0196067864028849,0.02305934595436192,-0.04637138144504798,63.81243230282824,23.505353822760338,647.7501039035767,6.861752293871284,149.02072476741589,DESCENDING,15,20,False,p04779,80.92384329620604,22.38721200143729,0.0010396817809691372,0.006798866953877991,0.00827163403241278,0.018029237451934077,-1.1429836885044278,-1.2900407937419303,-40.3070784800679
0.6138433354697609,0.5758228255536606,0.2990374335195868,0.28910230747422716,0.05495939772438794,0.03577089394420601,0.30221412323249885,0.28480680113117673,-8.81350997262042,-9.43246287297929,-15.72090040692049,-16.340854449048678,5.063598289247057,5.094773774958086,0.013589237637674945,0.013589237637674945,-1.44927719739154,0.7821778448136588,0.002396416210510883,-0.0169341741415263,0.018686624274894023,-0.040195198468000834,63.821693665578486,22.992245166813404,557.1230423078471,3.8859576519747705,203.7791072361285,DESCENDING,15,20,False,p05530,80.61939618843269,22.433205533596833,-0.03802050991610029,-0.009935126045359621,-0.01918850378018193,-0.01740732210132212,-0.6189529003588703,-0.619954042128187,-40.82944849876508
0.6207735465834296,0.6456608980090497,0.2908477498165669,0.3174770519392616,0.06751207682229199,0.12999289590249588,0.3447581860975707,0.42128124939940687,-8.56766855569345,-8.966166689533242,-15.317173559780466,-15.878956814256835,5.04137533621066,5.2655620927008675,0.010959289146922235,0.010959289146922235,-1.3468074375506842,0.8713559236787084,0.0003831224853403823,-0.017575508286834924,0.016328605012507217,-0.039675775277637104,55.53891196276972,21.12613048080103,591.1089799407257,6.752035085757198,155.51485472802943,DESCENDING,15,20,False,p05758,80.79336596430318,22.44470391663672,0.02488735142562004,0.02662930212269471,0.06248081908020389,0.07652306330183617,-0.3984981338397926,-0.561783254476369,-34.412781481968686
0.6311797395828561,0.613301744670371,0.30430184828918283,0.30289104863756494,0.06500986124683512,0.049338149624602576,0.3281030986764626,0.3220644956042697,-9.494093203878128,-9.699316994203183,-16.202887350320513,-16.411455736729376,4.860931215563739,4.8689007323781315,0.011785059054647662,0.011785059054647662,-1.5636683402892926,0.7803756520324947,0.004060883183211111,-0.016827024047461378,0.021697646136716518,-0.0394157098626169,67.96484280547888,24.60497782195508,616.4529110341904,5.758099973619624,218.09237926982323,DESCENDING,15,20,False,p03622,80.56969053818398,22.32397089471792,-0.017877994912485096,-0.001410799651617889,-0.015671711622232548,-0.006038603072192894,-0.20522379032505533,-0.20856838640886366,-43.3598649835238
0.6468280561604657,0.6541067226630487,0.30564484619486315,0.29894924512746357,0.0682169565142215,0.05422648123318929,0.3452582082703756,0.34063784757743554,-8.803288147993678,-8.994649149708277,-15.55382137191103,-15.867048659769772,4.888868462725439,5.034347500482665,0.008896101111148691,0.008896101111148691,-1.4893233795049632,0.7659017956018181,0.0031403653080891735,-0.016924216259918343,0.01966394954442088,-0.03965165537911974,65.97935328196958,23.679423541319174,550.513170904238,7.1252140221698745,210.92536353624897,DESCENDING,15,20,False,p04926,80.59454336330833,22.398710384477177,0.00727866650258302,-0.006695601067399581,-0.013990475281032207,-0.004620360692940084,-0.1913610017145988,-0.31322728785874254,-42.299929740650406
0.7458902484797035,0.7377356623383773,0.3494481007545268,0.36460263496597184,0.18020743090885377,0.20955006324172604,0.4828134039675875,0.5247198487912007,-8.718396509526992,-9.053607184688348,-15.464869027062353,-15.59378959109496,4.971439928849167,4.785744218394703,0.012079107963077318,0.012079107963077318,-1.5700313410631805,0.8610793046655629,0.002765357405437657,-0.017760907536402203,0.021952870440756094,-0.041027291771046734,78.39396421491665,29.310601457627154,615.6711413717062,6.275709433901521,174.6767588970979,DESCENDING,15,20,False,p01637,80.66288863240031,22.208987064319064,-0.008154586141326248,0.015154534211445025,0.029342632332872265,0.04190644482361322,-0.33521067516135616,-0.1289205640326081,-49.08336275728949
0.5817513305120537,0.5600966391674768,0.26147370897165945,0.27117720045973914,0.07811150983664517,0.09792382963720916,0.3084202475576359,0.3368837131762758,-9.906315724902369,-10.61893535979378,-17.42853851200199,-18.14249289819895,6.028712055453599,6.229153342241768,0.01353934575136062,0.01353934575136062,-1.5689279520652766,0.9923757596637478,0.002036405323726401,-0.021794854674139216,0.03696041310764089,-0.04946332444841731,77.93293971928287,26.144024012839964,715.4575750545956,5.684526714076582,224.79735059075742,DESCENDING,15,20,False,p02996,81.02946780298456,22.28372655407832,-0.021654691344576982,0.009703491488079696,0.019812319800564,0.028463465618639883,-0.7126196348914107,-0.71395438619696,-51.78891570644291
0.5394188018505717,0.5059307517715408,0.27570476977525527,0.26957350915805345,0.042290897712948604,0.05213016706913255,0.2671119024151216,0.286496161861723,-10.128532723963541,-10.73306744489866,-17.031003833372225,-18.169141439733565,5.207660012716993,5.993043643994471,0.013305793862372184,0.013305793862372184,-1.5810026435445368,0.871716455563731,0.0019151562548292522,-0.01803237220008099,0.022136330565799483,-0.04152630376347644,63.098378949017146,23.906101233998427,554.7604313475985,4.97087034606061,191.15544137425604,DESCENDING,15,20,False,p00442,80.69395466380575,22.13999676607975,-0.033488050079030884,-0.006131260617201817,0.009839269356183948,0.019384259446601382,-0.6045347209351188,-1.1381376063613402,-39.19227771501872
0.6835879656462273,0.6554844783175051,0.35186237640890156,0.3407802638235664,0.11298431034683203,0.10661017077088292,0.3921044713026222,0.38089781088567165,-9.708430824194702,-10.117710783287869,-16.069508986214064,-16.38685772707233,4.5812436324943535,4.508705755746858,0.008609895719626559,0.008609895719626559,-1.4461410062011477,0.836033197253701,0.001676846179972247,-0.018298718189337548,0.01970362270205113,-0.041351477413997806,82.94938884966989,29.29785607371079,875.9863472766534,5.051083739902421,210.35041190114364,DESCENDING,15,20,False,p03345,80.71259428264902,22.306723320158092,-0.028103487328722143,-0.011082112585335147,-0.006374139575949109,-0.011206660416950565,-0.4092799590931673,-0.3173487408582645,-53.6515327759591
0.7310301185596435,0.7125169776137439,0.3318494625595877,0.3508682361163429,0.151321861640459,0.17128060387920294,0.4448899208482118,0.4792907320177445,-9.292506906639568,-9.42879854962104,-15.923527710738442,-16.143464651861475,4.911028296621971,4.901592643925837,0.013401632634877148,0.013401632634877148,-1.5843835471942127,0.8430692197794978,0.0037277703870938605,-0.01726536666242412,0.02264657525758273,-0.0402564814235107,75.75915350033553,28.19401079819451,622.0309072621202,7.3604023335345,221.27630657815325,DESCENDING,15,20,False,p02230,80.61939618843269,22.24348221343872,-0.01851314094589962,0.019018773556755186,0.019958742238743943,0.03440081116953275,-0.13629164298147245,-0.21993694112303253,-47.56514270214102
0.7483263126468117,0.7154695772797683,0.3360469000732583,0.33302166449350235,0.1651177558777807,0.15360746736062783,0.46656993570517485,0.45693075945724376,-8.994018224419968,-9.463764404785508,-15.687590565772355,-15.96224659740052,4.998692515818173,4.798808675475474,0.009372711441624881,0.009372711441624881,-1.5297073559124479,1.0375315744924263,0.0010851341502821242,-0.02184349501994896,0.03891027878835511,-0.050811591636683855,66.77001638709133,24.358766910905477,791.3894134408732,7.204019865897145,201.829682934486,DESCENDING,15,20,False,p01093,81.01082818414129,22.174491915199408,-0.032856735367043366,-0.0030252355797559805,-0.011510288517152856,-0.009639176247931092,-0.46974618036554006,-0.2746560316281652,-42.41124947618586
0.7677599865708732,0.737327813871721,0.3731645309146798,0.36694659399949786,0.21050377149578786,0.19900039956685986,0.5188930830554992,0.5135059322359882,-9.902561786451285,-10.11546126451178,-16.680728791321695,-16.561530369368395,5.053865470346102,4.680417690499093,0.01320675489987122,0.01320675489987122,-1.5601655367266187,0.8472057790173576,0.00306500497185562,-0.0176221131099835,0.021924935036155543,-0.040698786499049684,82.77424050641456,30.35790223199228,709.3818465598249,13.05600341121194,216.5663818626504,DESCENDING,15,20,False,p02235,80.65046221983813,22.24348221343872,-0.030432172699152216,-0.006217936915181965,-0.011503371928928002,-0.005387150819511022,-0.21289947806049447,0.11919842195329977,-52.41633827442227
0.7619586926045372,0.7323462337020654,0.34073034798858487,0.3274989753295186,0.22365124788212262,0.2009891813381478,0.5436989886145638,0.5292241993725911,-8.16941545304076,-8.58352493803636,-15.413380657139095,-15.674178936016329,5.588864187079773,5.474231157037375,0.012513639999342296,0.012513639999342296,-1.5026318828747358,1.0890761796401869,0.00040632204122708655,-0.021309127128637726,0.030504056549464094,-0.04891960810313283,68.79161339998245,25.252238854874662,728.5813998159185,5.632766417223575,145.9537796630518,DESCENDING,15,20,False,p01483,80.9486961213304,22.19748868127918,-0.029612458902471772,-0.013231372659066265,-0.022662066543974818,-0.014474789241972652,-0.41410948499560085,-0.2607982788772336,-43.53937454510779
0.6952388641306539,0.7006019857916214,0.32996869396196593,0.34674983409695814,0.17137487447939156,0.18740093616875547,0.45089639291464845,0.47835694307759885,-8.673359058448503,-9.35063395175437,-15.832840996140188,-16.50084405898835,5.560912401645507,5.520293314224936,0.012911756780587091,0.012911756780587091,-1.4369935655047081,0.8959375024392859,-6.58945026667213e-05,-0.019163046963252203,0.020416934921192096,-0.04478715408341092,62.5929326370971,22.973065629723955,669.1076569444557,4.360857719231975,187.1673484805864,DESCENDING,15,20,False,p04671,80.87413764595733,22.38146280991735,0.005363121660967418,0.016781140134992212,0.016026061689363907,0.027460550162950403,-0.6772748933058672,-0.668003062848161,-39.619867007373145
0.5761423066351437,0.5684737304626896,0.2902484083960678,0.3033773428147179,0.04295506921768924,0.09807768221247669,0.2851445242500846,0.35702133590035573,-9.438044930098586,-9.854081611851795,-16.551518897202858,-17.349572016711086,5.344873196406403,5.804297228585956,0.013285305307704665,0.013285305307704665,-1.6056501406403376,0.7888940779301257,0.004290530854745741,-0.016370976550231228,0.023348812798518935,-0.038902609713172547,53.903830800426604,21.61844721624296,532.0864028591668,4.223404597849186,181.57022345289468,DESCENDING,15,20,False,p01317,80.53862450677853,22.191739489759236,-0.007668576172454089,0.013128934418650096,0.05512261299478745,0.07187681165027116,-0.4160366817532086,-0.7980531195082285,-32.28538358418365
0.6672516601568831,0.621282254384424,0.29574275101048964,0.2967066011877945,0.1463624752670014,0.1511293918432482,0.4023689721542681,0.41447907352736474,-8.279184263661424,-8.948407509201568,-15.829396210685559,-16.22543591120845,6.036456949186222,5.794207851265773,0.011167323242475269,0.011167323242475269,-1.5791089166470555,0.976641053854297,0.0020339674800371682,-0.021526904591803536,0.036500582900943365,-0.04942058746607308,82.63245859682233,28.34613735409934,762.6523898249512,9.656404187091667,156.8982815011476,DESCENDING,15,20,False,p03698,81.04189421554673,22.32397089471792,-0.045969405772459115,0.0009638501773048813,0.0047669165762467824,0.012110101373096649,-0.6692232455401435,-0.3960397005228913,-54.28632124272299
0.5897966114720353,0.5831956096919702,0.3054438483037078,0.29888494587290565,0.02795303399834836,0.02121355916172579,0.26768181567831095,0.27152179663880194,-8.587332037924229,-9.088810792780706,-15.60196701464188,-16.126032257988722,5.182779850074849,5.244106451644716,0.009576547460830698,0.009576547460830698,-1.5403104451272724,0.7244527693166039,0.0034843371046981886,-0.015518513373886477,0.02272008114408436,-0.03763621589407572,55.49198393273527,23.873756155045367,567.7794800782546,2.7635797151621047,100.70350452053368,DESCENDING,15,20,False,p00402,80.4454264125622,22.13999676607975,-0.006601001780065174,-0.006558902430802149,-0.006739474836622572,0.003839980960490985,-0.5014787548564765,-0.5240652433468416,-31.618227777689906
0.7045697952665576,0.6822328115138255,0.34292796818550586,0.3432756088544713,0.17850656035732382,0.17747332518576014,0.4599783687695309,0.45821927773522403,-9.156485424658033,-9.881567704445663,-16.352668245727564,-16.99027824485985,5.6270835811605515,5.515444332689891,0.013042242047025532,0.013042242047025532,-1.5191519301368657,0.9493994842676337,0.0004443685477433501,-0.02009764214313692,0.02607886395313518,-0.04747383746435608,66.64792090398535,24.18135622233561,687.484073258188,6.16934122300654,226.03499702529282,DESCENDING,15,20,False,p04685,80.96112253389258,22.38146280991735,-0.022336983752732076,0.000347640668965421,-0.0010332351715636734,-0.001759091034306881,-0.72508227978763,-0.6376099991322874,-42.46656468164974
0.6133800616787219,0.6201899886893357,0.28424581663091925,0.2957835985764313,0.06768900937278131,0.09870251809808517,0.3076960560561834,0.3489430168240949,-9.228389519686102,-10.05834431807657,-16.479543375092103,-17.376613163856447,5.6607829657105215,5.855332063531628,0.013682772112950214,0.013682772112950214,-1.531823262959593,0.9781695401263081,0.000573098068193115,-0.019689484013647618,0.026902146700102086,-0.04748792784171378,58.38421365314157,22.537484497702035,639.9206176754881,5.73473985253117,165.90821144121608,DESCENDING,15,20,False,p05796,81.02946780298456,22.44470391663672,0.006809927010613781,0.011537781945512027,0.031013508725303854,0.04124696076791151,-0.8299547983904674,-0.8970697887643446,-35.84672915543953
0.6373152615015572,0.6184182110728936,0.28188375771023444,0.28091299911162054,0.12488047287903004,0.12935205309207326,0.41372339773282507,0.4260610326036332,-9.064724837667233,-9.189817042562476,-15.750357565289574,-16.23446972807105,4.9702378637690785,5.402667262416444,0.009376059071188991,0.009376059071188991,-1.596521896894067,0.849121601415998,0.0030749415425587847,-0.01738034380198309,0.022978235527741742,-0.04069106849467158,57.27428389336553,22.993598762988174,547.078937888746,4.96536210885279,178.06260756798295,DESCENDING,15,20,False,p00833,80.63803580727595,22.162993532159522,-0.01889705042866352,-0.0009707585986138967,0.004471580213043225,0.012337634870808134,-0.12509220489524253,-0.48411216278147684,-34.28068513037735
0.7691610671376817,0.7358711372163304,0.3977480268020363,0.391989771431165,0.23408410087573284,0.24466287596404615,0.53629013657392,0.5548599455316379,-9.994658647906551,-9.996205831370046,-16.567990098810416,-16.38077767810684,4.81930857262134,4.607966339155342,0.01105010229392378,0.01105010229392378,-1.555240066160802,0.901122947424001,0.0014683435476311887,-0.01848990244736039,0.021540478826813755,-0.0424369064615903,80.6665205514878,28.69528838743993,711.2161431029643,10.642810836768165,241.8959942374644,DESCENDING,15,20,False,p01146,80.71880748893011,22.18024110671935,-0.03328992992135138,-0.0057582553708713236,0.010578775088313314,0.01856980895771787,-0.0015471834634954718,0.18721242070357746,-51.971232164047876
0.6578278417118364,0.6450873824083926,0.30427593747600085,0.30756343437154116,0.11732374654860908,0.1194697179649875,0.3775585589179656,0.3980597843234104,-8.95276473304379,-9.180734384389694,-15.906800603868318,-16.038663720236798,5.106382575866563,5.020878573017751,0.008447702941355995,0.008447702941355995,-1.470742273689452,0.768771185121551,0.0027578731000867714,-0.016884923217847802,0.019180363154719902,-0.04008079453913736,64.48559437068334,23.16683518864773,578.7359933512874,6.0889904664487675,216.24802416551444,DESCENDING,15,20,False,p05327,80.60075656958942,22.421707150556948,-0.012740459303443807,0.0032874968955403094,0.0021459714163784144,0.0205012254054448,-0.22796965134590508,-0.13186311636848025,-41.31875918203561
0.6707149492759072,0.645210829549473,0.31974794664747463,0.3248318067228742,0.15678083954445976,0.17404876965165766,0.4250741834682356,0.447543315879163,-8.963443730607048,-9.791331560217044,-16.27530140775432,-16.893694098477194,5.671186113530362,5.459911931156646,0.01053819909625442,0.01053819909625442,-1.4412322335946097,0.9052690635657682,-2.685382502178353e-05,-0.019318587980573815,0.020780012027311417,-0.04500545169578616,63.56159391542422,22.98002938175724,669.058374798035,4.234351261625518,180.5383069540122,DESCENDING,15,20,False,p04370,80.86792443967624,22.36421523535752,-0.025504119726434293,0.005083860075399571,0.017267930107197904,0.022469132410927406,-0.8278878296099954,-0.6183926907228745,-40.58156453366698
0.5675828951454902,0.5604757694989198,0.30246028903988875,0.30131898721861017,0.015216601679498712,0.010150177972794171,0.2391811649722907,0.25432910163053146,-9.94751799571657,-11.082894293145326,-16.59948537154405,-17.503960877511453,4.891073633846402,4.722268738488811,0.012939267431113288,0.012939267431113288,-1.436517403123889,0.9076463783395958,7.943498696840942e-05,-0.01931405724897792,0.02053151171085374,-0.04465169323143401,62.16728624579025,22.396605705235107,674.5451013000295,6.255352831123971,206.42063898172293,DESCENDING,15,20,False,p03865,80.8368584082708,22.335469277757806,-0.007107125646570456,-0.0011413018212785841,-0.005066423706704541,0.015147936658240768,-1.1353762974287562,-0.9044755059674046,-39.77068054055515
0.5967469384845829,0.5971661650528074,0.2836623828063994,0.3042991827553698,0.07034349756919558,0.12356594989555325,0.3200175571225308,0.39004818302229216,-9.211035292554799,-9.46735084215049,-16.477903138530923,-16.871684682330507,5.500712393283871,5.715049613171905,0.011754938956087813,0.011754938956087813,-1.6047819981357663,0.7830609066281683,0.004318721869629219,-0.016316234677603236,0.023323284227173873,-0.03878900246122711,53.08771618961417,21.47124265732556,530.690741452171,3.667875208093223,194.9805592905622,DESCENDING,15,20,False,p01216,80.53241130049744,22.185990298239293,0.00041922656822446225,0.02063679994897044,0.05322245232635767,0.07003062589976133,-0.2563155495956906,-0.39378154379958374,-31.61647353228861
0.5026784047924895,0.46229061794371895,0.22665708500276383,0.2286211734503755,0.009208687928474488,0.035481648794681374,0.19780157955650624,0.22601305558605297,-10.893214292885677,-11.212106741221817,-18.016876030897333,-18.911136017285486,5.629224561539155,6.460759810859681,0.012905187707019095,0.012905187707019095,-1.5453365311775187,0.9828191180477378,0.0009640160761479917,-0.02181318175589373,0.0429889182771704,-0.051602292135444934,67.99584344105844,25.202610776537945,792.8265162313224,6.050583751060994,209.05246552745794,DESCENDING,15,20,False,p00297,81.03568100926564,22.128498383039865,-0.040387786848770535,0.0019640884476116727,0.026272960866206885,0.02821147602954674,-0.3188924483361397,-0.8942599863881533,-42.793232664520495
0.7047445486764572,0.6853369609422284,0.36212002452144304,0.3635304601864449,0.16521104230510927,0.16411381937005493,0.45119199896428036,0.45989047082894274,-9.575077147381693,-9.670491686453037,-16.269809151207326,-16.36525954593191,4.853921176588287,4.8383941841458515,0.011821589870590121,0.011821589870590121,-1.573374838598635,0.7692090465981927,0.004107343540319052,-0.016700070698657695,0.021727426833322898,-0.03924493499746147,68.37945961515544,24.802385079118366,603.43856545513,8.591934705693136,227.31275329687986,DESCENDING,15,20,False,p03719,80.55105091934071,22.329720086237863,-0.019407587734228793,0.0014104356650018746,-0.0010972229350543483,0.008698471864662383,-0.0954145390713439,-0.09545039472458328,-43.577074536037074
0.6683822738244508,0.6345050093281808,0.31229754085393663,0.3104796144850733,0.07916533052162598,0.07371445136947045,0.3539051317272897,0.3525958077238137,-8.623011649173899,-9.074908709833617,-15.081875182181728,-15.51586097514431,4.706476831774543,4.725331973967388,0.010048230447044726,0.010048230447044726,-1.5147654559485852,1.0393327509176449,-0.00015649736576452348,-0.0201707593614715,0.02472046175379235,-0.04637809926201326,74.53165427589244,25.887166556587818,845.9130577480355,3.8634668032852493,107.28823585917618,DESCENDING,15,20,False,p00368,80.85549802711407,22.134247574559808,-0.03387726449627004,-0.001817926368863354,-0.00545087915215553,-0.0013093240034759979,-0.4518970606597179,-0.43398579296258255,-48.64448771930462
0.7479526485360597,0.7274039252936937,0.3387040478256987,0.35437896794885193,0.13963483048381675,0.15183598353721434,0.4384933962930182,0.4589524079768012,-9.057887997664189,-9.256846998950595,-15.483381039564371,-15.471131327700512,4.684109944794437,4.420813460436988,0.012650147350188323,0.012650147350188323,-1.509899571298661,1.0707612310768966,-0.0001708553321898855,-0.02092303406113997,0.030779300921865604,-0.049110539329521155,68.06928261942745,23.857816699220848,818.6355009969495,5.873311392445602,206.6865495952146,DESCENDING,15,20,False,p00279,80.92384329620604,22.128498383039865,-0.020548723242366007,0.015674920123153246,0.012201153053397584,0.020459011683783,-0.19895900128640598,0.012249711863859147,-44.21146592020661
0.7752539270958123,0.7142681957895582,0.3739938711807793,0.33156453934636065,0.25251663622484477,0.19572292197151395,0.5642334320550282,0.5102942992509423,-8.631502180445912,-9.013599528442294,-15.39472651742915,-15.702229436092807,5.002934108782937,4.9470070247737095,0.013329349239787569,0.013329349239787569,-1.5443058093599353,0.8094095985132437,0.0038273484432151395,-0.017231795918374208,0.021701962839401803,-0.03992995115662152,71.33482683598452,25.61445619637178,602.9163061470917,4.25015393719362,125.22098183940949,DESCENDING,15,20,False,p03329,80.6131829821516,22.306723320158092,-0.060985731306254065,-0.04242933183441866,-0.056793714253330824,-0.05393913280408591,-0.38209734799638184,-0.30750291866365664,-45.72037063961274
0.7128801286034157,0.6994047231588341,0.3303996977514818,0.3408063678258411,0.16666603648322514,0.18104402254237242,0.4426133843838037,0.47148075206689144,-8.642921224626102,-9.177484137725514,-15.914029441328639,-16.340602988537896,5.654719880441065,5.518479852277348,0.010492913369891221,0.010492913369891221,-1.4564971736638244,0.9154880916778305,-9.88871277719085e-05,-0.019534994137325516,0.021505234499240283,-0.04578579908298241,65.23926635162674,23.33696483456306,693.9195220397238,5.1268992526875286,151.67056707828795,DESCENDING,15,20,False,p04274,80.8927772648006,22.358466043837577,-0.01347540544458159,0.010406670074359303,0.01437798605914728,0.02886736768308773,-0.5345629130994123,-0.4265735472092569,-41.90230151706368
0.7009339655177118,0.7066029735551799,0.2945710684383479,0.31399157001750144,0.09481323904096202,0.15848955802622547,0.38127694339634505,0.466700381860374,-8.436930085907692,-8.74917263636512,-15.11069482044615,-15.70666093932982,4.935952395526388,5.24270449617296,0.009176459756466304,0.009176459756466304,-1.4871065575950009,1.0697792246775597,-0.00010301609966922633,-0.020670467235791787,0.024861905507409483,-0.04743315168814906,70.75736787743763,25.627572861762893,693.5962140062566,6.249321929480661,153.7315560818324,DESCENDING,15,20,False,p01875,80.89899047108169,22.22048544735895,0.00566900803746806,0.019420501579153537,0.06367631898526345,0.08542343846402894,-0.31224255045742844,-0.5959661188836698,-45.12979501567474
0.7877721867088514,0.7452230770849814,0.44615745782528116,0.44036581891225435,0.2282460176849339,0.2268140115950982,0.5429326428784176,0.5444469195646516,-10.598799668365427,-10.363130570187232,-16.76156848397701,-16.457857963665973,4.359099058693625,4.313968738575967,0.013490813343797758,0.013490813343797758,-1.5030017377156166,0.841376725538145,0.0021612088741296467,-0.01811931096735195,0.02060412369729388,-0.04115341639571557,87.63962313859132,31.005997502673285,819.9456839107582,15.260653232967217,202.65204905246804,DESCENDING,15,20,False,p02642,80.69395466380575,22.266478979518492,-0.04254910962387004,-0.005791638913026809,-0.0014320060898357079,0.0015142766862340507,0.23566909817819415,0.30371052031103574,-56.63362563591804
0.6869620223396,0.6543883275703459,0.3144225889046641,0.3145174693785666,0.12892966481427276,0.12220654375056907,0.4365893708511031,0.4307779228067038,-8.473862682459584,-8.859632013872055,-15.609988865326185,-16.014671337748943,5.3281060974993455,5.367991600649876,0.008786304234593367,0.008786304234593367,-1.6089448801277566,0.7694484297275198,0.004482965712398591,-0.016487817968159846,0.022442877307001757,-0.03891944045053434,61.63695872352072,23.011407077094933,511.05219512195134,4.148972411035583,148.78914034386244,DESCENDING,15,20,False,p03015,80.52619809421635,22.289475745598264,-0.03257369476925409,9.488047390249221e-05,-0.006723121063703694,-0.005811448044399314,-0.3857693314124706,-0.404682472422758,-38.62555164642579
0.6433903991030507,0.6525546674116002,0.29105005730961847,0.3145208664830032,0.09682182128519712,0.147755346394963,0.3621132592361084,0.42248039059631753,-8.471080672869563,-9.322960389106099,-15.781477831267765,-16.587622251427455,5.750277267029629,5.623635062470391,0.010544597659572719,0.010544597659572719,-1.4316122773825597,0.8807021820856151,-0.00012689627090327267,-0.01887501482655209,0.019737028512886147,-0.04436667825942364,62.29912342263139,23.790027450099927,656.4385230423082,4.104552211820485,179.67261039013226,DESCENDING,15,20,False,p05274,80.8927772648006,22.415957959037005,0.00916426830854944,0.023470809173384732,0.05093352510976587,0.06036713136020916,-0.8518797162365352,-0.8061444201596899,-38.50909597253146
0.6041322491014219,0.5963298472338647,0.28189522712194337,0.28199336537066155,0.06181212305561558,0.0651440788654541,0.3321550468290423,0.33095955627870666,-9.628249167990914,-10.110695668090434,-16.522071930367527,-17.24542977117643,5.181104495991416,5.5664444902036605,0.00970074181786551,0.00970074181786551,-1.5128280563696916,1.0667332143160608,-7.690015622116387e-05,-0.021028366094212415,0.03222590105492042,-0.04954655519455175,66.12051848675938,23.21670958435219,768.4229477566861,6.196852676593997,135.39050809783436,DESCENDING,15,20,False,p00181,80.93626970876822,22.122749191519922,-0.007802401867557207,9.813824871818255e-05,0.003331955809838527,-0.0011954905503356317,-0.4824465000995204,-0.7233578408089016,-42.90380890240719
0.5615856361616314,0.5492566045066692,0.28223279972112936,0.28051312703265985,-0.006773965992640344,-0.004767762740490151,0.22515988551911253,0.242743725556561,-8.565369618000878,-9.024114825935488,-15.579364873129116,-16.24161183091947,5.164823108855041,5.448248718791754,0.012127692793878708,0.012127692793878708,-1.5789271037623114,0.7213048616557048,0.0038899135355660924,-0.01600505309148793,0.021826400006839154,-0.038589316651868405,59.82204363226346,22.670408300939762,512.5191515568389,3.9226659415015726,135.0401266906078,DESCENDING,15,20,False,p02604,80.45785282512438,22.266478979518492,-0.01232903165496213,-0.001719672688469509,0.002006203252150193,0.017583840037448478,-0.4587452079346104,-0.6622469577903551,-37.151635331323696
0.6938014775449752,0.6562637765051785,0.31439113930848017,0.31031491900090924,0.1311430566475101,0.11464421441315877,0.4255134351407971,0.41162331666923996,-8.702525620749434,-9.12469717930965,-15.67480371627428,-16.06397325211862,5.149112021712984,5.100545252620662,0.013372881724821428,0.013372881724821428,-1.591533276103083,0.8126274528723236,0.00426563920052332,-0.01687523879859781,0.022743151813859375,-0.03957803338276104,67.84791143720722,25.320631793909584,552.4028404747536,4.043283041641521,202.29489438744721,DESCENDING,15,20,False,p02524,80.58211695074615,22.26072978799855,-0.0375377010397967,-0.0040762203075709325,-0.016498842234351344,-0.013890118471557134,-0.4221715585602155,-0.38916953584433855,-42.52727964329763
0.8023706534817792,0.7797502382210347,0.41697863664695733,0.42562927774804665,0.26587988802813756,0.2790793129163437,0.571895556290859,0.590046860571469,-7.880624863822326,-7.905562787102467,-14.446356811552002,-14.380345850294688,4.799141916844269,4.703089895083449,0.013183977109107792,0.013183977109107792,-1.5601655367266187,0.8472057790173576,0.00306500497185562,-0.0176221131099835,0.021924935036155543,-0.040698786499049684,80.28626226636517,29.801484587210002,777.7264015103037,11.832442723665679,69.24082458722641,DESCENDING,15,20,False,p02035,80.65046221983813,22.231983830398836,-0.02262041526074443,0.008650641101089318,0.013199424888206135,0.01815130428061007,-0.02493792328014166,0.0660109612573141,-50.48477767915517
0.5374598721696697,0.5070598527729546,0.27399801826019166,0.2554332098288286,-0.03498932065472931,-0.04454453466991887,0.19158825142499444,0.18742877686433043,-9.250873395102508,-9.615583321305918,-15.789583684080466,-16.089746511064543,4.688547180530396,4.618514413499249,0.00946816083489499,0.00946816083489499,-1.5827023296114564,0.7514853778249524,0.004028899841260757,-0.01604905737405076,0.023672304509680085,-0.03862898658952554,51.485830523196256,22.352230144375206,561.4880485625264,3.481318079719186,187.96695139721916,DESCENDING,15,20,False,p00414,80.51998488793527,22.13999676607975,-0.030400019396715106,-0.018564808431363045,-0.009555214015189557,-0.0041594745606640116,-0.36470992620341036,-0.3001628269840779,-29.13360037882105
0.7524270213855353,0.7272611873130993,0.35108570675745276,0.3501341558880547,0.19436535199044758,0.18311813775643912,0.5057357310423358,0.4985613868785617,-9.452139607620797,-9.81377542557952,-16.359489548179273,-16.531185249896375,5.302152806511776,5.039402419421444,0.01270234327430897,0.01270234327430897,-1.502274476580431,1.0845864438064978,-3.675312611713469e-05,-0.020991544145621235,0.029308772455635748,-0.048700628255131696,68.50742275448998,24.50775377275303,756.7054352202271,8.88921813350511,241.5048635155809,DESCENDING,15,20,False,p00779,80.92384329620604,22.15724434063958,-0.025165834072436,-0.0009515508693980768,-0.011247214234008457,-0.0071743441637741046,-0.3616358179587227,-0.1716957017171019,-43.999668981736946
0.6717927692975677,0.6802624872602689,0.31277097324167547,0.32071206869025215,0.09545803563073364,0.10820905633295551,0.38183657315162467,0.4167546924735809,-9.229677839727172,-9.746840243361262,-16.034303637563195,-16.282770875003678,5.0320778360899645,4.778739519075192,0.009256154458207821,0.009256154458207821,-1.4855475784109964,0.8181223606876747,0.002656601132851188,-0.017794478660984037,0.020411839005852143,-0.04045730904900081,81.25514017491447,28.712562322399048,647.561280212356,4.485188649828499,211.79985288591465,DESCENDING,15,20,False,p03338,80.6691018386814,22.306723320158092,0.00846971796270124,0.007941095448576685,0.012751020702221866,0.03491811932195621,-0.5171624036340905,-0.24846723744048305,-52.54257785251542
0.6047207238795533,0.5811244979868095,0.30052672295880095,0.29615966572379004,0.051499830502723686,0.04912042448915528,0.30249481456850547,0.31567139350435997,-9.001460216721728,-9.288528048524173,-15.890896900281323,-16.19445517816679,5.066525349713567,5.088971242092172,0.008186644050343972,0.008186644050343972,-1.5108453594117872,0.6534470816301087,0.0027239498437990686,-0.01627995286923152,0.020262436779273817,-0.038817089091096386,64.15942107142376,22.59028053522762,515.8067797693727,5.864884087040597,160.68633577598936,DESCENDING,15,20,False,p04502,80.4454264125622,22.375713618397405,-0.023596225892743794,-0.004367057235010907,-0.002379406013568404,0.0131765789358545,-0.2870678318024442,-0.3035582778854682,-41.569140536196144
0.7035430668378972,0.71684719006135,0.3413091723236567,0.3441906327267112,0.13300538345440083,0.14344494652013523,0.42978675387716553,0.44325260386070525,-9.292203577643592,-9.554046149113969,-15.820611486585104,-15.896737527884133,4.741923691671482,4.585008248505001,0.01353957500248748,0.01353957500248748,-1.4708658720616279,0.811110044169858,0.0026296527786521533,-0.01753804269270174,0.019834707370099226,-0.04007261476207147,74.11318400098364,26.28857504033306,666.0062549746339,7.020284448589414,220.0077744993204,DESCENDING,15,20,False,p04036,80.65667542611922,22.34696766079769,0.013304123223452757,0.002881460403054481,0.010439563065734403,0.013465849983539724,-0.2618425714703765,-0.07612604129902856,-47.82460896065058
0.7157532347265959,0.686482982521265,0.33133209673516645,0.3485458133084025,0.16994592725297825,0.19678858687007045,0.44495635857667276,0.4891421906289626,-7.444788794476237,-7.56850178777331,-14.123238633740577,-14.123785721868376,4.930830508379154,4.790936100781532,0.012739098864969045,0.012739098864969045,-1.4931395542397952,1.0210745782779447,0.00012287215132770847,-0.02066689575564315,0.02557347102533508,-0.04777448797493431,72.76918072015566,25.1332173170786,796.8290352161395,12.326573786579576,76.27350021718496,DESCENDING,15,20,False,p02877,80.91141688364387,22.277977362558378,-0.02927025220533086,0.01721371657323606,0.0268426596170922,0.04418583205228982,-0.1237129932970733,-0.0005470881277993556,-47.63596340307706
0.6640765030914588,0.6349135273958152,0.2831473108116386,0.2792793762575472,0.10519016248043477,0.1092809176360917,0.3984633973018116,0.4073568237703624,-9.195371514469088,-9.552244703417003,-15.820573106096957,-16.376989358832112,4.910888250444585,5.103941388928516,0.010223473097172975,0.010223473097172975,-1.489109756416628,1.0888751029091919,-9.064463221000107e-05,-0.020817665523188932,0.02571560321961779,-0.047752470028139225,70.25040725765436,25.587755325936918,676.9035091930289,6.558062503000327,147.1986222456915,DESCENDING,15,20,False,p01776,80.90520367736278,22.214736255839007,-0.029162975695643634,-0.003867934554091401,0.004090755155656933,0.008893426468550847,-0.3568731889479153,-0.5564162527351559,-44.66265193171744
0.5075306010785214,0.46272779930512165,0.24448139393871918,0.23215305837920666,0.021084198000530047,0.006261677308521347,0.22805658019463537,0.21378645092155066,-9.815776720633858,-10.647223936137813,-16.874143107966713,-18.275793837338302,5.5381056022072785,6.5985687984166965,0.012570706621317096,0.012570706621317096,-1.5443907989677763,1.008321950521365,0.0012045303090211415,-0.02122467517743719,0.030886987482175304,-0.048512131404276244,75.27523752133344,25.27813463728793,678.7434142811195,5.925627211321974,156.90515439047937,DESCENDING,15,20,False,p03489,80.98597535901693,22.312472511678035,-0.04480280177339979,-0.012328335559512515,-0.014822520692008699,-0.014270129273084714,-0.831447215503955,-1.401650729371589,-49.9971028840455
0.7236520988616238,0.693185272877013,0.3453466114762055,0.3452723156559032,0.19516335273243732,0.19853438033754145,0.48057395271564646,0.4854682903593753,-9.07863293718181,-9.656410998191195,-16.341256832569552,-16.717230123107697,5.724107143950439,5.480112990188726,0.013028392541896028,0.013028392541896028,-1.5203313426495813,0.9505990392907139,0.0004758079422244217,-0.020162546623736212,0.026283850867858068,-0.04751790991439801,67.30110991851066,24.221100849904794,700.0991414456323,5.606304059347367,208.38731673781314,DESCENDING,15,20,False,p04585,80.96112253389258,22.375713618397405,-0.030466825984610812,-7.429582030227255e-05,0.003371027605104132,0.004894337643728819,-0.5777780610093846,-0.37597329053814477,-43.08000906860587
0.434182150684841,0.4263057548279801,0.19258179055150026,0.18550117791167003,-0.13083833797695346,-0.11868285166547271,0.06309240840910603,0.06570021887025311,-10.879775389042484,-11.788355020859845,-17.004833839962,-18.800767874270846,4.382310945368358,5.588500152640779,0.017803697201369317,0.017803697201369317,-1.5090043185028332,1.066557447174786,-0.00034261008100492307,-0.02054067670652327,0.027379007857880302,-0.0477564904193043,71.79288802055297,24.565205874403787,789.5794891345787,7.047852688781593,145.72377191782158,DESCENDING,15,20,False,p00074,80.8927772648006,22.11699999999998,-0.007876395856860896,-0.0070806126398302305,0.012155486311480751,0.002607810461147081,-0.9085796318173607,-1.7959340343088463,-47.22768214614918
0.7193519969584977,0.6882463600681256,0.3194600386166729,0.3325326595266401,0.1625903504492594,0.1749614791297327,0.45659207981387606,0.47932607016576506,-9.352817182961832,-9.515348176611536,-16.276666818462836,-16.24351225349037,5.270520228867571,4.952455345023749,0.02175880000814967,0.02175880000814967,-1.5123708437563914,1.0662525685446893,-0.00021636985214443022,-0.020899482291488355,0.031256758327357075,-0.04924387300364651,67.81933259222339,23.503898208553597,811.5194967476892,4.357655087326985,193.68635539962216,DESCENDING,15,20,False,p00079,80.92384329620604,22.11699999999998,-0.031105636890372157,0.013072620909967192,0.012371128680473298,0.022733990351889,-0.16253099364970325,0.033154564972466716,-44.315434383669796
0.7407335725376436,0.7533419389253508,0.35459925852738405,0.38289129529405624,0.23280167164984833,0.2544349945799315,0.5331383003024773,0.5650076222347755,-8.066801351461109,-8.069832066238368,-14.945371724835102,-15.08553627470229,5.01569349661423,5.207590502455113,0.01187717962486945,0.01187717962486945,-1.5110683884649572,0.7522578145989924,0.0033266786010423223,-0.01679703853440938,0.02013213483386851,-0.039467035854691905,67.30021810531616,24.092761832214624,574.7231274523118,4.351286989459549,138.9938307614854,DESCENDING,15,20,False,p04822,80.56969053818398,22.392961192957234,0.012608366387707237,0.02829203676667219,0.021633322930083188,0.03186932193229819,-0.0030307147772585807,-0.14016454986718863,-43.20745627310154
0.75969918717137,0.734168261504443,0.38002636400258366,0.37364174428640085,0.2101191020666854,0.20698506550552434,0.5230376773053939,0.5256769012702472,-8.91119369049304,-8.913146514314164,-15.425693368725577,-15.247713019027765,4.755589563732178,4.526724466544113,0.009460858445075826,0.009460858445075826,-1.5542310130689823,0.9260676772353016,0.0010225164161724724,-0.018769655916925844,0.02177977159493379,-0.04302594584241788,77.15542671647792,27.774300218826014,665.4572976953791,8.659350159698368,185.51165918205615,DESCENDING,15,20,False,p00550,80.74366031405447,22.145745957599694,-0.02553092566692694,-0.0063846197161828155,-0.0031340365611610688,0.0026392239648533877,-0.0019528238211243831,0.17798034969781185,-49.381126497651906
0.7783002337998062,0.7296685033162557,0.3478551797161924,0.34034491197450645,0.21056869064097178,0.20354697571127686,0.5203566216349177,0.5188616534555263,-8.28582400485466,-8.59756911071773,-15.294389505843986,-15.59976663037294,5.324697916098759,5.275233832906365,0.013426580849424496,0.013426580849424496,-1.4991297944276776,1.0682754671535124,-0.00019531142209499845,-0.02047697398595034,0.025053840808182008,-0.04705771594872122,73.14269047517043,26.06598869260851,780.9187722597943,6.25593661210933,147.59357317219568,DESCENDING,15,20,False,p00972,80.88035085223842,22.168742723679465,-0.04863173048355052,-0.00751026774168595,-0.007021714929694917,-0.0014949681793914316,-0.3117451058630696,-0.30537712452895427,-47.07670178256191
0.6900388188471233,0.6651361590312668,0.3195518640271467,0.3344654912970005,0.15431758736779227,0.1810061894245868,0.4289184129764017,0.4645917702374031,-8.514819739032673,-9.31570196007102,-15.973837579329428,-16.553658823365506,5.887390480836257,5.666219828948813,0.010536536121984463,0.010536536121984463,-1.464515384519617,0.946748074702681,2.9963739275517218e-05,-0.019897637782562608,0.022263830634240422,-0.046147398706531235,65.62923048359073,23.159254567263876,681.2782157477286,4.050674811308687,176.39119067417167,DESCENDING,15,20,False,p03570,80.86792443967624,22.318221703197977,-0.024902659815856487,0.01491362726985379,0.02668860205679452,0.035673357261001404,-0.8008822210383482,-0.5798212440360775,-42.46997591632686
0.5746884307037365,0.5547365640861434,0.283698991864584,0.2733930589228091,0.012661239065987246,-0.0022186021897976273,0.2734950405768197,0.24989643001728865,-10.05265223958086,-11.032267951362803,-16.03752267135387,-17.239442245726355,4.218219129179202,4.4935875740500135,0.009626194433517199,0.009626194433517199,-1.5428720335342054,0.9649527409155644,0.00040739279315293023,-0.019240414744358853,0.021850068859435152,-0.04397200628208055,77.20873532260356,27.665579784940753,806.0160050237093,4.5036268929482866,210.75702635032312,DESCENDING,15,20,False,p00456,80.780939551741,22.13999676607975,-0.019951866617593184,-0.010305932941774953,-0.014879841255784874,-0.02359861055953108,-0.9796157117819426,-1.2019195743724858,-49.543155537662805
0.7153264573813631,0.651633517871231,0.3115906918675041,0.2874473189614264,0.16643760384336972,0.1143253277032169,0.4734847910545582,0.4290266120972101,-8.604975353542915,-8.86304836058769,-15.755072476972138,-16.06657727710759,5.475415165413978,5.5484956424704786,0.00922084543459123,0.00922084543459123,-1.5991444886276478,0.8466221712701565,0.0031965744891309217,-0.017303035177378093,0.023106442023611312,-0.040595313401658166,54.51468631690438,22.0713400956053,555.7615267568892,2.7730072215826285,153.93065026446922,DESCENDING,15,20,False,p00732,80.63182260099487,22.15724434063958,-0.06369293951013211,-0.02414337290607771,-0.05211227614015282,-0.044458178957348105,-0.258073007044775,-0.31150480013545234,-32.44334622129908
0.6865821022840379,0.7070270278904769,0.3275221605246927,0.33535668839729443,0.15015371629149252,0.16089381320346605,0.43816006511726624,0.4655390617656885,-9.168163140035697,-9.355515377981282,-16.020515427257447,-15.953340994616564,5.070078350743321,4.812952730609845,0.011570150778011934,0.011570150778011934,-1.4644309968712161,0.8025212053311781,0.0026521345889311833,-0.017355490009373767,0.019490028993968938,-0.03987595322907494,68.90456501744286,24.64946831348492,658.9111533758992,4.752647098779732,215.96466272964807,DESCENDING,15,20,False,p04534,80.64424901355704,22.375713618397405,0.020444925606438957,0.007834527872601749,0.010740096911973529,0.02737899664842225,-0.18735223794558564,0.06717443264088274,-44.255096703957946
0.5396737162002322,0.5275029042052959,0.27833010589582313,0.2695742355289983,0.047070226108463516,0.025291179701570184,0.2755895179233037,0.2520907942455949,-9.100049683477224,-9.4624995452346,-15.90326066581378,-16.64226553858982,4.987342442799341,5.5064318376258,0.01137153440798433,0.01137153440798433,-1.5870676376975292,0.742661629439927,0.004224370237056222,-0.01590456155686846,0.022687784584194223,-0.038084983530619385,54.459405111979294,21.479453004986407,511.1371012915513,3.247883424291406,150.08120608805586,DESCENDING,15,20,False,p01507,80.47649244396764,22.20323787279912,-0.012170811994936304,-0.008755870366824847,-0.02177904640689333,-0.023498723677708833,-0.36244986175737637,-0.7390048727760412,-32.97995210699288
0.7524166376530134,0.7610105505743622,0.3584318874133504,0.37852158462991364,0.2309729027934394,0.2529751791268273,0.5354883470346669,0.5589656514976128,-8.302819631689834,-8.56929615566543,-15.325124007472425,-15.72975590889326,5.227408300079493,5.3762111921838125,0.013491350655197798,0.013491350655197798,-1.5158457702405153,0.7667089066122984,0.0034549026399844514,-0.01687429810917529,0.020391111020934855,-0.03955188456092414,67.7421353030661,24.28036837960333,572.1977380809653,4.9202333852855356,170.11645286336568,DESCENDING,15,20,False,p04524,80.58211695074615,22.375713618397405,0.008593912921348812,0.02008969721656323,0.022002276333387916,0.023477304462945936,-0.2664765239755962,-0.40463190142083505,-43.461766923462775
0.5854359719848297,0.5742371045658666,0.2744461895994224,0.2839577895645588,0.049895505222728835,0.060426950755062124,0.30963781353367265,0.3159552334385166,-8.811579186256205,-9.42779783387426,-15.962243547524036,-16.736232313981265,5.362855283529486,5.616200958229167,0.008987767114847611,0.008987767114847611,-1.613528850657954,0.7409041150042543,0.004387445986469705,-0.0162312477324501,0.022161413617515495,-0.03880444037559486,59.41154884943997,22.29480686892558,482.640662241062,3.1625769815244347,172.06244901223698,DESCENDING,15,20,False,p03209,80.48891885652982,22.30097412863815,-0.011198867418963032,0.009511599965136397,0.010531445532333289,0.006317419904843968,-0.6162186476180551,-0.7739887664572294,-37.11674198051439
0.6309254285082259,0.6176804492117975,0.29055763535529616,0.3014454726190205,0.07558233281594393,0.09359193461974745,0.3187920612301007,0.3546813120352517,-8.986013422097558,-9.833670239981327,-16.331147777922162,-17.065096205903448,5.722009555296587,5.6311278148146355,0.013614680264928958,0.013614680264928958,-1.469851223880356,0.9562623274563227,3.676263245434995e-06,-0.020023330048371993,0.022688919770185643,-0.04649309404875609,67.19809093754807,23.550268151821232,689.1619774051948,5.6333021515434964,192.25111734746918,DESCENDING,15,20,False,p03572,80.88035085223842,22.318221703197977,-0.013244979296428316,0.010887837263724331,0.018009601803803524,0.03588925080515104,-0.8476568178837685,-0.7339484279812858,-43.647822785726845
0.7051059509286023,0.6934177228666132,0.2956716257696188,0.3339164957693758,0.13802368043908342,0.19878414947723652,0.4201719778804704,0.4937003740698522,-8.866379714174027,-9.001235641922579,-15.7989275621301,-15.824997526259686,5.258663944169946,5.121076876909826,0.013045768657440115,0.013045768657440115,-1.5347777595852172,1.0177073259742626,0.0005262508461861869,-0.021640158865770795,0.041550681465910004,-0.05190908575823453,61.984858633834364,22.94988287172038,804.147253285446,10.233513290593486,208.11924043039778,DESCENDING,15,20,False,p00093,81.01082818414129,22.11699999999998,-0.011688228061989103,0.038244869999757014,0.0607604690381531,0.07352839618938178,-0.1348559277485517,-0.02606996412958651,-39.03497576211399
0.5894613270196191,0.6284791954066306,0.2664576033814052,0.3027468159303431,-0.011481444729621199,0.0730231375744532,0.2502818413980429,0.3573185949525731,-9.230954745370987,-9.75712266114051,-15.376481239175671,-16.268024425779714,4.388388763059132,4.774624849571353,0.013607156123266906,0.013607156123266906,-1.573047148736192,0.9788155488436286,0.0015767711647275851,-0.021136545342709367,0.03382848406400342,-0.049151097474948495,82.56232711662543,28.752738337541366,923.4030117140082,6.188919529510135,182.2888946060893,DESCENDING,15,20,False,p04096,81.02946780298456,22.34696766079769,0.03901786838701149,0.03628921254893791,0.0845045823040744,0.10703675355453024,-0.5261679157695234,-0.8915431866040429,-53.80958877908406
0.6138100890456146,0.6341058560460414,0.28482664372263394,0.2963144840343843,0.03991263489884685,0.061658838557024975,0.3087995374700935,0.3439494556275052,-8.632304137388873,-8.83122248676055,-15.582475645870476,-16.016111301772355,5.117380213560137,5.402990822769593,0.011910299382409728,0.011910299382409728,-1.4750719822332996,0.718446365049814,0.0024820428842919615,-0.016648917165255954,0.019025962315681134,-0.03999110504164506,64.32464030222461,22.804983848441736,505.9216134185295,4.316006389776353,198.27932108626175,DESCENDING,15,20,False,p05719,80.55105091934071,22.44470391663672,0.02029576700042679,0.011487840311750375,0.02174620365817813,0.0351499181574117,-0.1989183493716773,-0.43363565590187925,-41.51965645378287
0.8009167237762796,0.7795811852024929,0.42402935847592865,0.44013933324780535,0.2824548647038792,0.3019267646498815,0.5914601409469971,0.6132484073991055,-8.042055621346309,-8.05311860100638,-14.652555173361819,-14.591030327150177,4.879605591000052,4.722073177850931,0.013450157393421813,0.013450157393421813,-1.5262924265279505,0.8541923963645259,0.0021329692886451193,-0.0181266061569354,0.0209353547381044,-0.0413463086577444,87.43604538064712,31.12267093888824,782.8871373013458,11.470447961845613,118.54987756669814,DESCENDING,15,20,False,p02142,80.69395466380575,22.23773302191878,-0.021335538573786783,0.0161099747718767,0.01947189994600229,0.021788266452108407,-0.011062979660071193,0.06152484621164156,-56.313374441758874
0.7015692457447493,0.6974178019958011,0.32965306980815395,0.34475364353739407,0.11743257450664249,0.14945178429639486,0.4044380629854559,0.4557355177498808,-8.958776541196137,-9.287286294160713,-15.653074646042034,-15.826305280278213,4.922617518466625,4.765442527477454,0.013138642257644384,0.013138642257644384,-1.5781876117844675,0.8593034192916645,0.0030258040046514585,-0.017615123994512434,0.022233995344481266,-0.04083649226261351,75.20796311751582,28.658438649648293,604.7114941973705,5.174103046984404,209.8986752941557,DESCENDING,15,20,False,p01635,80.65046221983813,22.208987064319064,-0.004151443748948269,0.015100573729240119,0.03201920978975237,0.05129745476442488,-0.3285097529645764,-0.17323063423617846,-46.54952446786753
0.6023650912279972,0.5672263985964211,0.2952493626239967,0.2867860804252328,0.06470426861077534,0.04382525686606117,0.3308790018716041,0.31019880474309514,-9.663099775008169,-10.504978036335055,-16.666682428522286,-17.624000451119493,5.202016923803353,5.380273885109466,0.008766757199126007,0.008766757199126007,-1.6089852127487196,0.7731956595140592,0.004468243157806153,-0.01643429213535545,0.02266059073354118,-0.03884693425973701,60.12721426236575,22.700031936985173,513.8579358223757,4.585372876475664,203.0196755926672,DESCENDING,15,20,False,p02615,80.52619809421635,22.266478979518492,-0.035138692631576096,-0.00846328219876391,-0.020879011744714175,-0.020680197128508937,-0.8418782613268867,-0.9573180225972067,-37.42718232538057
0.6387864899114071,0.6089582714591275,0.29625455448522764,0.2961212315223539,0.09483090561666023,0.0878675193826286,0.3690344747057541,0.36348243781076445,-8.27989139162171,-8.85067376563581,-15.590297695953529,-16.37464070363248,5.576894240904008,5.826937702564426,0.013444698920206166,0.013444698920206166,-1.618486280526791,0.751954267700053,0.0045076675291985495,-0.016321910127267622,0.022299050914419062,-0.03878120044701432,59.35190975177039,22.24692226216918,486.7135571679084,3.551360221367783,155.88109525571522,DESCENDING,15,20,False,p03111,80.501345269092,22.295224937118206,-0.029828218452279565,-0.00013332296287371648,-0.006963386234031629,-0.005552036894989676,-0.5707823740140991,-0.7843430076789506,-37.104987489601214
0.6111591281455201,0.5849856751651614,0.28199788583947066,0.2784889501795373,0.06804505161754536,0.044591363923104296,0.33656417010323053,0.3126061218979997,-8.525467103991426,-9.150477803811137,-15.747344208524767,-16.495282348086135,5.472904996118426,5.6131232914868034,0.011634810756748104,0.011634810756748104,-1.6158427204835875,0.7609627988202096,0.0045265695990468514,-0.016423847704050667,0.022337903693480644,-0.0388360959061448,60.66451746459849,22.650996686991267,493.78330210151296,4.000160850577857,183.23181785280565,DESCENDING,15,20,False,p03113,80.51377168165418,22.295224937118206,-0.02617345298035867,-0.0035089356599333765,-0.02345368769444106,-0.023958048205230842,-0.6250106998197111,-0.7479381395613682,-38.013520777607226
0.5460899262866388,0.543111904106924,0.26303368002914823,0.2682999344588022,-0.017624023464140156,-0.014389625844649704,0.21479574185715364,0.22681583247369738,-9.304423039147567,-9.704044862278998,-16.35296285530578,-17.10732412709787,5.258728248826816,5.717027351619703,0.015385085469795223,0.015385085469795223,-1.5436880210772714,0.7200850353458771,0.003491657332270225,-0.015596656053546506,0.02213381770002745,-0.037801050048818736,55.0964563935859,22.527462561707523,534.9320219242878,2.983959512780924,159.43920054897933,DESCENDING,15,20,False,p01100,80.43300000000002,22.18024110671935,-0.0029780221797147677,0.005266254429653949,0.003234397619490452,0.012020090616543744,-0.39962182313143124,-0.7543612717920887,-32.56899383187838
0.7192413966878808,0.6938992880038135,0.33134039630779877,0.3188693152357091,0.1518297405340517,0.13478611248280256,0.45024745532757576,0.43728744583856544,-9.235778346652141,-9.665570548282794,-15.957627884316043,-16.32240310173995,5.01163943376262,4.928675716599032,0.009197912248243845,0.009197912248243845,-1.5353387130851337,0.84356969106062,0.0026825047466346582,-0.017837830095952193,0.021331197478348177,-0.040884751343111043,86.08868258973979,31.002916652573287,656.2872376167913,7.36338474337642,203.1057372328172,DESCENDING,15,20,False,p02338,80.6691018386814,22.249231404958664,-0.025342108684067277,-0.012471081072089663,-0.01704362805124915,-0.012960009489010327,-0.42979220163065257,-0.36477521742390806,-55.0857659371665
0.6584057434431176,0.6188768623416089,0.3106746114503565,0.3040983419381161,0.1359734268268704,0.1224090255506912,0.38806315961923504,0.37997883700653823,-8.883404954471233,-9.776413892187138,-16.210021366995683,-16.83830896285821,5.731558428139928,5.45182210900129,0.010492913369891221,0.010492913369891221,-1.4610747077332682,0.9279828153773617,-7.91245722426518e-05,-0.019686912940090933,0.021902586834021985,-0.04604309453181075,65.67762810241545,23.35130327950844,683.3817718240961,5.6360519206483675,135.74420128842502,DESCENDING,15,20,False,p04174,80.8927772648006,22.352716852317634,-0.03952888110150876,-0.00657626951224044,-0.013564401276179208,-0.008084322612696815,-0.893008937715905,-0.6282875958625276,-42.32632482290701
0.6531830625842593,0.6463406523468541,0.2749407388511343,0.2781217725733181,0.07364125651462212,0.0853455243290055,0.36443106095901373,0.3855484451720844,-8.92818394302174,-9.299472827160727,-15.762785191311211,-16.427454667261248,5.159652568118496,5.498911533443393,0.012801373599700572,0.012801373599700572,-1.5129805796375302,1.0719839093760166,0.0003849254675295472,-0.021352187955198478,0.03334435592571173,-0.049771351505444046,65.21369772784787,23.755600584152088,701.5028897569731,7.461928852742469,175.36394127629612,DESCENDING,15,20,False,p00985,80.96112253389258,22.168742723679465,-0.006842410237405172,0.0031810337221838125,0.01170426781438337,0.02111738421307069,-0.37128888413898764,-0.6646694759500367,-41.45809714369578
0.6343546940580215,0.610962755558732,0.30550724246187017,0.3003494522936565,0.053675695263350115,0.054224754210054384,0.32029207158957085,0.3327602811813338,-8.217586138742698,-8.581366077640533,-15.084103412856312,-15.497231619590876,5.02688374896397,5.071858458135277,0.009374583836142425,0.009374583836142425,-1.5894626478813754,0.7616274576203078,0.004086445153375726,-0.016147021437468195,0.023591878929207246,-0.03872738101103415,50.656489266338035,21.790905484769638,541.6476761499175,2.674877123324953,169.81665359184126,DESCENDING,15,20,False,p00515,80.52619809421635,22.145745957599694,-0.023391938499289444,-0.005157790168213661,0.0005490589467042686,0.012468209591762924,-0.3637799388978351,-0.4131282067345641,-28.865583781568397
0.6730847252834385,0.6763795898956636,0.3134280334970928,0.3191894925069125,0.11045928916506331,0.14781563555779115,0.3887784900115357,0.43824939220007264,-9.00336504491693,-9.298756728039336,-15.899867763275768,-16.599770275625033,5.218029781368466,5.707968920727302,0.012718493932156738,0.012718493932156738,-1.4675218865641615,0.9534663523752197,6.035602230078753e-05,-0.019888519515406596,0.022089430297698966,-0.04595452201029904,64.3083797023721,22.880822447990177,650.472294649284,5.147572582580175,187.42117891705985,DESCENDING,15,20,False,p03067,80.84928482083298,22.289475745598264,0.003294864612225057,0.005761459009819669,0.037356346392727835,0.04947090218853695,-0.29539168312240704,-0.699902512349265,-41.42755725438192
0.5135040089941302,0.5558113262572744,0.22676713886749716,0.24599051054731347,-0.0516936631934147,0.00553963434798836,0.17204011435882935,0.2512478428571787,-9.43788104633831,-9.776256605210634,-16.556781374861934,-17.27877532474875,5.362527259842423,5.885651893741854,0.013487087458811442,0.013487087458811442,-1.493961356173877,0.7204866067226506,0.0028413036353001886,-0.016649569987458805,0.01950358996017216,-0.03961910507123287,66.00692957394745,23.369695332061216,517.3934067338878,3.8009955416353693,176.1313459786828,DESCENDING,15,20,False,p05418,80.54483771305962,22.42745634207689,0.042307317263144184,0.019223371679816303,0.057233297541403064,0.07920772849834937,-0.3383755588723236,-0.7219939498868158,-42.63723424188623
0.5081989293262167,0.5104336572188176,0.25636201023032174,0.2623572646213943,-0.0012675685432957996,-0.003874190104016725,0.1966997289196293,0.2155656267627858,-9.704639444913393,-10.699688596608869,-17.08028284200827,-17.805308398154697,5.851462087916422,5.577956955038159,0.010310462336173387,0.010310462336173387,-1.4527030526800784,0.9279467181660259,4.437908949859583e-05,-0.01963053601518776,0.02148039978548354,-0.045502108971458,64.00176178246276,22.795420720127357,665.9431867235836,4.175236222360781,191.18171934705077,DESCENDING,15,20,False,p03668,80.85549802711407,22.32397089471792,0.0022347278926009295,0.005995254391072569,-0.0026066215607209254,0.01886589784315648,-0.9950491516954756,-0.7250255561464272,-41.20634106233541
0.604628382893857,0.58267085941129,0.2894390479226804,0.2835371561787169,0.08268565853594431,0.08386966568023986,0.3332490692608174,0.3348138689066842,-9.644880308266325,-10.679544826426007,-16.71657173519482,-17.661089609638715,5.487240307139058,5.389165280696414,0.013692900476705683,0.013692900476705683,-1.529258429196136,0.9555116890049568,0.0004262310557658428,-0.019752674489260328,0.02568347912465967,-0.04728694686879655,62.86184809066389,23.626682123201622,655.3270516620205,5.585217967870008,195.19983383794423,DESCENDING,15,20,False,p05490,80.99218856529802,22.42745634207689,-0.021957523482566965,-0.005901891743963494,0.0011840071442955485,0.00156479964586681,-1.0346645181596816,-0.9445178744438962,-39.235165967462265
0.7351460462773722,0.7107275302135141,0.3199274588634528,0.3218105931058691,0.1494867020757774,0.15886061816420294,0.46087239652489115,0.47591547313608545,-8.683904383648816,-9.01330442087074,-15.616283553214933,-16.122439128275953,5.290109770128146,5.443934844333099,0.009519494485927371,0.009519494485927371,-1.5183771258712735,1.062487500759,0.0003868893857314004,-0.02142422616389173,0.035535367999127696,-0.0504467295557677,62.38118518292359,22.7377246221633,738.9796914899572,10.131609071187848,157.27132713751666,DESCENDING,15,20,False,p00687,80.97354894645476,22.151495149119636,-0.024418516063858142,0.0018831342424163178,0.009373916088425527,0.015043076611194306,-0.3294000372219248,-0.5061555750610207,-39.64346056076029
0.6717249290261221,0.6273169596193849,0.2983331336747435,0.30344028853541655,0.1227343649975294,0.14172347998874285,0.3840749358869552,0.4218816415119772,-8.364537457807781,-8.647461143221213,-15.482119475566105,-15.557642930470088,5.51657780223981,5.293526461311017,0.011142442265090535,0.011142442265090535,-1.5791089166470555,0.976641053854297,0.0020339674800371682,-0.021526904591803536,0.036500582900943365,-0.04942058746607308,83.11781749262902,28.676568526035044,834.6734894120109,14.242803947273183,172.28013736639355,DESCENDING,15,20,False,p03798,81.04189421554673,22.329720086237863,-0.04440796940673719,0.0051071548606730355,0.018989114991213446,0.03780670562502203,-0.28292368541343116,-0.07552345490398338,-54.441248966593975
0.7808663797285996,0.7506962443787657,0.3684437448070979,0.3728673379008957,0.2433176373069163,0.2506372915362058,0.5558346572901833,0.5647836013549772,-8.161553021136683,-8.61954367401038,-15.332665732951368,-15.42600993543761,5.5014590975828845,5.1096331655227045,0.013508166418655376,0.013508166418655376,-1.5287277080910748,1.0523555069906445,0.0011175490337979482,-0.021635425581821494,0.03396884496753356,-0.04951323642286135,74.0889585159427,25.617931254255634,809.8894985397876,8.420565259016707,98.46357514662462,DESCENDING,15,20,False,p02290,80.99218856529802,22.24348221343872,-0.030170135349833926,0.004423593093797806,0.007319654229289485,0.008948944064793851,-0.457990652873697,-0.09334420248624298,-48.47102726168707
0.6836399016358939,0.6626080017379204,0.31162569364450543,0.30943850810653845,0.1536945195999585,0.1409824726806062,0.4399854687104946,0.42888968989736753,-8.421592188430784,-9.44783275555885,-15.795163533398417,-16.467180115540597,5.81591433943517,5.4493050500671965,0.012641503004334087,0.012641503004334087,-1.5224459987101815,0.9509990366637326,0.00038898517547979894,-0.019686644605047134,0.025272984076535537,-0.047074965205565464,63.992525496765914,23.972862073819933,655.9848137467142,5.041228960129096,165.94039735099346,DESCENDING,15,20,False,p05389,80.98597535901693,22.421707150556948,-0.021031899897973494,-0.0021871855379669847,-0.012712046919352293,-0.011095778813127066,-1.026240567128065,-0.6720165821421791,-40.01966342294598
0.7035558477264447,0.6902353736210568,0.3160856864672204,0.327086670148083,0.1566863108481623,0.17043662936603368,0.4593631601328652,0.4742202303680749,-8.384884345414186,-9.091407776739798,-15.70259591847834,-16.300106525688857,5.787722628438723,5.6164347125490774,0.010908906595727741,0.010908906595727741,-1.513499662397571,0.9367635497232538,0.000327322269296486,-0.01970053006730428,0.024879739147413347,-0.04694536611748202,62.09699669036692,23.530494398613502,653.6446301579006,4.611450841737312,156.7856884567479,DESCENDING,15,20,False,p05286,80.96733574017367,22.415957959037005,-0.013320474105387947,0.011000983680862608,0.013750318517871368,0.014857070235209713,-0.7065234313256123,-0.5975106072105181,-38.56650229175342
0.7363357381030944,0.7038442448493389,0.3302149203571441,0.3261165941105818,0.1674817250978472,0.15679056817744452,0.4778843214727637,0.47156893404291295,-9.063542173892793,-9.477964859838297,-16.15745706721399,-16.3100668601092,5.405621807047538,5.149486648475523,0.0094318491021812,0.0094318491021812,-1.5166975360304913,1.0675912881319798,0.0005174025698538019,-0.02147094692054674,0.034745887502383756,-0.05014110264118659,64.69981643811127,23.611168414436122,760.6415754257907,8.072736585990521,178.60914489691368,DESCENDING,15,20,False,p00987,80.97354894645476,22.168742723679465,-0.032491493253755444,-0.004098326246562312,-0.010691156920402678,-0.006315387429850772,-0.41442268594550313,-0.15260979289520904,-41.08864802367515
0.5601370079503711,0.534369512841237,0.28697138650619763,0.27533670301829083,0.038751808312706956,0.029449558139267827,0.2563650916824065,0.2568337027662557,-9.912997472009518,-10.720347546038003,-16.680683198719848,-17.57268412022082,5.088665443559861,5.202605807389403,0.013365630075386714,0.013365630075386714,-1.4342959124754167,0.8012539090234247,0.002228955359930342,-0.017243053168424068,0.018582125226471655,-0.03980259741839272,64.31524530525415,23.273124730435004,621.0521186508762,5.006885414490702,180.51988494849988,DESCENDING,15,20,False,p05235,80.65046221983813,22.415957959037005,-0.02576749510913412,-0.011634683487906805,-0.00930225017343913,0.000468611083849213,-0.8073500740284842,-0.8920009215009728,-41.04212057481915
0.5456392682093594,0.5277718971084547,0.2548245928073186,0.26704578850519767,0.031104981076706634,0.0561307390500541,0.2427672061517593,0.27714639588216294,-10.139357251193038,-10.685755798402305,-17.423703528665907,-18.163830227584967,5.701199609680463,6.2128127274713085,0.0103896281067144,0.0103896281067144,-1.4823805120963975,1.0215219494911065,-7.30213811383713e-05,-0.020434073131983817,0.02382887766979516,-0.047116785628809596,71.65978750143685,25.148244426374337,695.933484559634,5.544237714874074,228.45967164587313,DESCENDING,15,20,False,p02574,80.8927772648006,22.26072978799855,-0.01786737110090464,0.01222119569787905,0.025025757973347464,0.03437918973040363,-0.5463985472092663,-0.7401266989190596,-46.51154307506252
0.7197364302419677,0.6949942709113947,0.3249793744761296,0.3249721852733739,0.16980399201081794,0.1883242769773412,0.4749580268238437,0.504749441090318,-8.728607261217661,-8.928889031290485,-15.523660606985453,-15.918508414124952,5.003023100634295,5.324096218075809,0.013161362423695033,0.013161362423695033,-1.607889305408626,0.8459080255879929,0.003635328794685768,-0.017103565289296643,0.023402946339184747,-0.04030802134780403,60.620688484181436,24.004581172897783,555.1675178508536,3.6058083314655303,172.9081041273094,DESCENDING,15,20,False,p01129,80.6131829821516,22.18024110671935,-0.024742159330573,-7.189202755719659e-06,0.01852028496652325,0.02979141426647436,-0.20028177007282366,-0.39484780713949874,-36.616107311283656
0.644312062945665,0.6495468058024131,0.304057938748844,0.31325138547819914,0.07984426046812548,0.09539348007830518,0.3518056265897752,0.38353470089042874,-8.639376745608889,-8.901354737790191,-15.462926510047913,-15.697410380965636,4.981222734748064,4.974045268072009,0.013553384875166996,0.013553384875166996,-1.5257063448427453,0.6922314082662346,0.0031845368090515935,-0.016447665249269154,0.020196556334278297,-0.039049287400897074,69.9244659068589,24.309593799552857,558.2599053077495,2.8136459731678487,137.51139441974857,DESCENDING,15,20,False,p04911,80.501345269092,22.398710384477177,0.005234742856748076,0.009193446729355126,0.015549219610179701,0.031729074300653526,-0.26197799218130235,-0.23448387091772283,-45.61487210730604
0.7055031781213402,0.7129932690516118,0.32466958486984326,0.3288547963785122,0.11284710836292228,0.11788849776038154,0.41049011768765997,0.4278032242572853,-9.106385404497757,-9.579134425096836,-15.745370251270979,-16.157238673232435,4.862252852729311,4.832235738630212,0.011509690882618995,0.011509690882618995,-1.5119154895676872,0.8142180792653277,0.0031819367500048753,-0.017542027220208187,0.020990817781705483,-0.040220571403277734,76.04844943704126,26.99041796253152,599.3362783036982,4.304272738902389,209.4773410515545,DESCENDING,15,20,False,p03534,80.64424901355704,22.318221703197977,0.007490090930271531,0.004185211508668962,0.005041389397459267,0.017313106569625314,-0.4727490205990783,-0.4118684219614561,-49.05803147450973
0.7625833829236995,0.7350633099535218,0.3465467535152946,0.3473112033487498,0.16772933114696364,0.1722434796594224,0.4751817288527335,0.48589579374670233,-8.872689826689365,-9.171790887707415,-15.503263562140404,-15.628855217358975,4.8871704969353384,4.684481327036726,0.012355257328649949,0.012355257328649949,-1.5217898088642443,1.058116478984381,0.0005039723169472202,-0.021537901662788413,0.03696835517501266,-0.050848980378456116,61.46671608858614,22.476621615603374,785.5604857431033,7.5445798178063,182.55328124749835,DESCENDING,15,20,False,p00589,80.98597535901693,22.145745957599694,-0.027520072970177778,0.0007644498334551941,0.0045141485124587655,0.010714064893968811,-0.29910106101804956,-0.12559165521857096,-38.99009447298276
0.6826757594240435,0.6562834699317159,0.3179193207203078,0.312349371128484,0.151360036405464,0.13558060985131704,0.43918635319583965,0.43104663177492075,-8.174784856293778,-8.46470539270609,-15.514425627505855,-15.840750402567163,5.606475445705383,5.6666379258876844,0.011618759569417825,0.011618759569417825,-1.6008715154527293,0.788464718048849,0.0041043855024038255,-0.016420100720926773,0.02358764586042779,-0.03917461120918345,51.9332040434792,21.428413548530674,538.3866532206434,2.4082629017799952,196.4771977846076,DESCENDING,15,20,False,p00919,80.55105091934071,22.168742723679465,-0.026392289492327525,-0.005569949591823831,-0.015779426554146964,-0.0081397214209189,-0.2899205364123123,-0.32632477506130897,-30.504790494948526
0.5922620141042144,0.5542157814613684,0.2809721239362669,0.26070169383571856,0.09347808980239754,0.07275784478649043,0.34020385278745624,0.3101080687372054,-9.162132913106905,-9.885757363880227,-16.30090153307081,-17.226517247029605,5.519610645502201,5.803868903158699,0.01341894203923999,0.01341894203923999,-1.5410938315337148,0.9120403248630322,0.001303262235995864,-0.018678912895478683,0.02123707211408685,-0.042866799552054,84.22716471270054,29.22363446533245,703.0376962847943,4.817217037760306,122.84582939830001,DESCENDING,15,20,False,p01448,80.73123390149229,22.19748868127918,-0.03804623264284601,-0.020270430100548353,-0.020720245015907107,-0.030095784050250818,-0.7236244507733218,-0.9256157139587948,-55.00353024736809
0.7500811574349151,0.6836654059773053,0.3514638944416259,0.3297293138454288,0.23593801046164858,0.17047524076056714,0.5405829727490565,0.4888580190718708,-8.460344713012667,-8.993724686633158,-15.765680527155892,-15.88998872377801,5.704279112345961,5.141712473893692,0.011693497687163434,0.011693497687163434,-1.6034614378669558,0.8045123289461382,0.003719923824356965,-0.016675618075114813,0.023861178357203555,-0.03984380772034746,50.2527158914144,21.055582959647587,567.5743749049241,2.645487225882897,169.17300101680527,DESCENDING,15,20,False,p00325,80.58833015702724,22.134247574559808,-0.0664157514576098,-0.021734580596197095,-0.06546276970108145,-0.051724953677185714,-0.5333799736204909,-0.12430819662211867,-29.19713293176681
0.7766127048541219,0.7476078795080128,0.3670823702456341,0.3659684292191025,0.22680597247655554,0.20991325770564434,0.5353364619717844,0.5180080737357149,-8.338013633637846,-8.777478005565547,-15.368753652247493,-15.39824510651865,5.414803821330177,4.901612253399857,0.012960147413657919,0.012960147413657919,-1.5327191296120957,1.0455963407701059,0.0012427939995908325,-0.021702810410171886,0.03483368509792373,-0.0496224561864605,72.50595814735375,25.390223840164808,837.5771424457446,8.79789455159228,139.71404458878956,DESCENDING,15,20,False,p02091,80.99840177157911,22.231983830398836,-0.029004825346109153,-0.0011139410265316174,-0.0168927147709112,-0.017328388236069525,-0.43946437192770027,-0.02949145427115596,-47.115734307188944
0.6880261406667212,0.6919151131398107,0.31380214377708854,0.324452855275351,0.16180498279124664,0.17704651850598718,0.44335342078998635,0.47179405061381424,-8.761898215042182,-9.438134114761178,-15.872154546451146,-16.498037785312743,5.4329686048445796,5.391766411333532,0.012887608775701054,0.012887608775701054,-1.4428478882243778,0.889235030551788,-0.00011663012292032328,-0.019180223358841095,0.020542225831752577,-0.045057501929598634,62.287126593393836,23.13067522876339,651.9241471347411,4.013752926792234,196.8872275985521,DESCENDING,15,20,False,p04873,80.88656405851951,22.392961192957234,0.0038889724730895026,0.010650711498262466,0.015241535714740545,0.02844062982382789,-0.6762358997189963,-0.6258832388615971,-39.15645136463044
0.6653118968790123,0.6750868677928595,0.3138403316690197,0.31953196328248734,0.10880877163759516,0.1258043841191168,0.3798193194043846,0.4156732272707806,-9.341072496748955,-9.848886546971672,-16.185890567436882,-16.571620005371575,5.1981848255499905,5.063789088615852,0.010996048249605539,0.010996048249605539,-1.5617542417278123,0.9788634692940112,0.001087411360704971,-0.020800565129455682,0.03064575232945087,-0.04869509876198817,78.68501428509285,27.46530778477662,747.7257262538566,7.454857946823988,164.63541816553953,DESCENDING,15,20,False,p04292,81.0046149778602,22.358466043837577,0.00977497091384727,0.00569163161346764,0.016995612481521635,0.03585390786639597,-0.5078140502227164,-0.3857294379346925,-51.21970650031623
0.7053147264621165,0.7225359070955166,0.3522979609517016,0.3700345497203912,0.18924353670868657,0.2121013928650944,0.47288611170929046,0.5052966175981726,-7.568417121577797,-7.79647758276291,-14.299359349625217,-14.571885422605465,4.964203042206342,5.063588327297509,0.013185535938967985,0.013185535938967985,-1.427284004128699,0.8422330548674964,0.0013786735603223826,-0.018257030464380614,0.019197498557556907,-0.04131911191688709,74.24682300543262,26.585068679421486,734.1578438192098,9.872538437552466,81.96450073157284,DESCENDING,15,20,False,p03847,80.7250206952112,22.335469277757806,0.017221180633400168,0.017736588768689554,0.02285785615640784,0.03241050588888211,-0.22806046118511336,-0.27252607298024856,-47.661754326011135
0.7228693984823866,0.6886747129391053,0.3250087165982429,0.3304586807505925,0.16362592740265028,0.16218363717988357,0.4467711457710536,0.45873863118561203,-8.130999651161906,-8.327176294544715,-15.084980536586247,-15.066455524243779,5.284805260137093,5.0394773630229555,0.013457208020380307,0.013457208020380307,-1.5485722161848605,1.0082492235039413,0.001735270834489057,-0.021962642894302508,0.03928877328533707,-0.05035327585713828,73.56282362480687,25.78087948141577,868.5222300465725,9.926155914408715,132.5998431573388,DESCENDING,15,20,False,p01896,81.02946780298456,22.22048544735895,-0.03419468554328131,0.005449964152349607,-0.0014422902227667067,0.011967485414558443,-0.1961766433828096,0.018525012342468727,-47.7819441433911
0.5929955838352724,0.5795459835406174,0.2857658211513935,0.2887786282286987,0.02943515619541641,0.030289484294718626,0.284123746440287,0.3023759610761515,-9.10328601907329,-9.436683856788754,-16.091803840761216,-16.235175962326657,5.17214019088731,5.013526862075407,0.008694871838742402,0.008694871838742402,-1.596837487615878,0.791709455785547,0.004369378098879743,-0.016701109286937844,0.022582488626878627,-0.03925757274896939,64.46946409608677,24.0617232111491,542.5885787411019,9.216907942093894,203.9890426297688,DESCENDING,15,20,False,p02720,80.5572641256218,22.272228171038435,-0.013449600294655029,0.003012807077305224,0.0008543280993022172,0.018252214635864517,-0.3333978377154647,-0.14337212156544155,-40.40774088493767
0.7673870924660882,0.7447763623701735,0.37126413200534436,0.37438276691639505,0.21855421565542307,0.22223648200855634,0.5237272502398491,0.534896006017504,-8.380159073770805,-8.643556051261246,-15.201220271833126,-15.271449229880703,5.071426194704837,4.840645638430348,0.013183977109107792,0.013183977109107792,-1.5601655367266187,0.8472057790173576,0.00306500497185562,-0.0176221131099835,0.021924935036155543,-0.040698786499049684,81.52047452229888,30.075482517181463,714.8637607193141,12.569179572507354,135.77335050556758,DESCENDING,15,20,False,p02135,80.65046221983813,22.23773302191878,-0.022610730095914633,0.0031186349110506884,0.0036822663531332622,0.01116875577765486,-0.2633969774904408,-0.07022895804757745,-51.44499200511742
0.6151806883818115,0.6469214941433696,0.29039743621718084,0.3178071097111969,0.03310587464833807,0.09401856832458019,0.2889218797759918,0.37939660705867484,-8.47640686775457,-8.743671536501504,-15.395890406573978,-15.760440602363436,5.0764891558197744,5.215802344829409,0.013434743404177829,0.013434743404177829,-1.5170669215423127,0.6944356893210277,0.0030430759170216137,-0.01649043266359907,0.019925303560238816,-0.0391769598972544,68.42076700692189,23.79093374201897,542.7654896256272,4.5311151251638435,134.84845263595383,DESCENDING,15,20,False,p05112,80.50755847537309,22.410208767517062,0.03174080576155813,0.027409673494016074,0.06091269367624212,0.09047472728268302,-0.2672646687469342,-0.3645501957894588,-44.62983326490292
0.6893962542037566,0.6913081208823493,0.3268902632260986,0.33189323390939834,0.12738716045036413,0.1327244861092763,0.4157087678936017,0.4254101075997045,-8.762761558429075,-9.152566768296015,-15.601147045281191,-16.095635503468667,4.983885884438374,5.119515902176256,0.013424900343674051,0.013424900343674051,-1.5657173991279512,0.7592686894238064,0.0039695563749410885,-0.016658712516974254,0.021440995236679774,-0.039206594025546285,69.42581090770786,25.08797029285049,588.80465889651,4.763186084064783,202.3263146114122,DESCENDING,15,20,False,p03918,80.54483771305962,22.34121846927775,0.0019118666785926663,0.005002970683299746,0.005337325658912179,0.009701339706102763,-0.38980520986694067,-0.494488458187476,-44.33784061485737
0.6629770338887345,0.6100372444702836,0.3091290167170257,0.30487794286203396,0.06039137669461674,0.052837484765165824,0.32966667219676765,0.3325490707165112,-9.152775118994887,-9.378356707112946,-15.202133296403082,-15.644995306398803,4.262426465352458,4.505349261280154,0.009576564828104983,0.009576564828104983,-1.4998734401321228,1.0813049098900134,-0.000258796968049731,-0.020687050881856333,0.026861876355496552,-0.047838294361174094,72.51640856680095,25.39279290178358,833.9558850609687,5.115995868728028,159.8811058358219,DESCENDING,15,20,False,p00575,80.89899047108169,22.145745957599694,-0.0529397894184509,-0.004251073854991738,-0.007553891929450919,0.0028823985197435342,-0.22558158811805917,-0.44286200999572145,-47.12361566501737
0.5830665269945717,0.5855864818970848,0.2814902980324678,0.2845149889701478,0.0022561692192291775,0.024177995783333076,0.25059085358665995,0.2948849879119319,-8.556914157384913,-8.790213464339129,-15.379074021556379,-15.706859154951076,4.945372404376085,5.129984301723414,0.009374583836142425,0.009374583836142425,-1.5846054649064707,0.7563517860142375,0.0040005800216375235,-0.016106598268431995,0.02368980963914885,-0.03874060544329438,51.23404522744132,22.175251466482607,557.821255766397,3.082440363574883,132.94136590157063,DESCENDING,15,20,False,p00415,80.52619809421635,22.13999676607975,0.0025199549025131107,0.0030246909376800413,0.021921826564103897,0.04429413432527196,-0.23329930695421552,-0.3277851333946966,-29.058793760958714
0.6961032026582411,0.6487373277708197,0.3467236960011205,0.33094213286087637,0.1571474263853661,0.12623645588029983,0.44304997572610827,0.4150614484180529,-8.518445568668858,-9.022113559900115,-15.245870379818422,-15.716360375959932,4.866168860070333,4.840438404708079,0.011750110094526423,0.011750110094526423,-1.5847995466844058,0.7915612776400627,0.004355278541060163,-0.016838373422122785,0.022325701839335296,-0.03939296446512935,66.34710536342467,24.328701528537017,530.1774598272452,4.836317135549875,141.88918914571573,DESCENDING,15,20,False,p03122,80.56969053818398,22.295224937118206,-0.04736587488742139,-0.015781563140244148,-0.030910970505066276,-0.027988527308055344,-0.5036679912312572,-0.47048999614150944,-42.01840383488766
0.7664582353948123,0.7312062849757697,0.3529731699060508,0.33052929129364167,0.2395379205176596,0.1827621157708925,0.5532864121996514,0.5008089437603807,-8.060969341575195,-8.746116345233343,-15.778488024442362,-16.24649775191266,6.33590710033032,5.971522277506757,0.011238225454050177,0.011238225454050177,-1.5770255456708147,0.9728671412480243,0.0012171540347571306,-0.02060025257562127,0.03229846396038147,-0.04920777641445837,69.90319926933812,25.941223275227983,673.9277192197347,3.6993694910378236,160.8743057608861,DESCENDING,15,20,False,p05098,81.04189421554673,22.40445957599712,-0.03525195041904261,-0.02244387861240915,-0.056775804746767106,-0.0524774684392707,-0.6851470036581482,-0.4680097274702977,-43.961975994110134
0.6289626669428056,0.6203893335651214,0.3171945168786442,0.33529851223390406,0.13538206824642737,0.1684108660005755,0.39833491045105596,0.4430071303026814,-8.589924067481594,-8.766164084041845,-15.642946845989304,-15.960495772733207,5.234235728728408,5.433260485685069,0.011509507626963122,0.011509507626963122,-1.607629016073423,0.7706359715438018,0.0044877006345446484,-0.01619554077343712,0.023147554334882876,-0.038438279795322675,53.03839596664666,21.067595372252317,554.4810508458305,11.62713057951762,153.90286958052587,DESCENDING,15,20,False,p01413,80.51377168165418,22.19748868127918,-0.008573333377684178,0.01810399535525986,0.03302879775414813,0.04467221985162545,-0.1762400165602518,-0.31754892674390334,-31.970800594394344
0.7054505398785755,0.6773836151996806,0.3273633708980202,0.3376394641062445,0.14077531705020216,0.15114943174185916,0.4344199283174867,0.45541325748662004,-8.89738180595923,-9.324121907204942,-15.512925087927217,-15.867821239410592,4.783282922455303,4.761790442540993,0.011514337685498477,0.011514337685498477,-1.600071946402815,0.8467108091497986,0.0039610719556295295,-0.01711244583655904,0.02306498825788701,-0.04011744321250018,68.4265174012206,26.22048700280385,582.9134324536273,4.869292447545728,173.42281100459317,DESCENDING,15,20,False,p01828,80.60696977587051,22.22048544735895,-0.028066924678894933,0.010276093208224313,0.010374114691657,0.020993329169133323,-0.4267401012457128,-0.3548961514833753,-42.20603039841674
0.6502797887947335,0.68028193696595,0.29299506031485084,0.30605465737149057,0.09459932385688154,0.14867253593329216,0.3636516481636962,0.42404936803838883,-8.742023198611088,-9.628861040826042,-16.15966698433835,-17.265993171417854,5.8840312220758975,6.2591883958199,0.011179220370185705,0.011179220370185705,-1.5594600415544815,0.981927691603888,0.0010112303636814195,-0.02023819665949576,0.03058056324904707,-0.04858988208744724,64.77017402409419,24.55951601141664,653.9114441687346,4.240291863811256,175.02709548085315,DESCENDING,15,20,False,p05499,81.04810742182782,22.42745634207689,0.03000214817121649,0.013059597056639727,0.05407321207641062,0.06039771987469261,-0.8868378422149537,-1.1063261870795031,-40.21065801267755
0.6004778798839969,0.6053642922280178,0.2758363420027233,0.2747082992554928,0.026748480506934444,0.031449397103188004,0.29081655546110224,0.2962079385240065,-8.998112883546295,-9.527352883288973,-15.888544056627651,-16.670153697182553,5.062394267372519,5.358201376194043,0.012044451554829583,0.012044451554829583,-1.4897989479532288,0.7058207729232613,0.002665476053207512,-0.01659934174363954,0.01932821168932185,-0.03965181970809427,65.73661579074546,23.08592451817375,483.23035206401767,3.544606559220995,194.48269406906314,DESCENDING,15,20,False,p05516,80.53241130049744,22.433205533596833,0.004886412344020874,-0.0011280427472304955,0.00470091659625356,0.005391383062904265,-0.5292399997426784,-0.7816096405549011,-42.650691272571706
0.7347682449528136,0.7075081357123854,0.3509884894475963,0.34670422674633167,0.169061569531838,0.1571502512643596,0.4678747496165033,0.4529337870702946,-9.269647289906505,-9.678148582578043,-16.003261616551747,-16.300880743391353,5.05161563943293,4.897410474208539,0.009283183000947326,0.009283183000947326,-1.5277322304698513,1.0452588983099653,0.0013112759627838346,-0.02192562974940521,0.03785324208659133,-0.05036654430858382,70.38036598560119,25.27982125306909,885.5634857760172,8.010394910574957,189.51812107390052,DESCENDING,15,20,False,p01593,81.01082818414129,22.20323787279912,-0.02726010924042821,-0.004284262701264641,-0.011911318267478405,-0.014940962546208747,-0.4085012926715379,-0.29761912683960645,-45.1005447325321
0.7631854629358648,0.7453612536892564,0.38451263158947036,0.41400353386230554,0.17828491459483792,0.23110392121092316,0.4788347376414698,0.5438378938349431,-8.437464431304779,-8.487759554360956,-14.681410355452343,-14.701719131772018,4.471203367608783,4.396391313331231,0.010523770544400013,0.010523770544400013,-1.5031736793881776,1.0142529129763445,-1.9780024531196638e-05,-0.019959555659981344,0.022231600759800536,-0.0456330245837492,72.33557346354434,25.87934053814324,835.9608227620154,9.57749409740285,174.42512305414385,DESCENDING,15,20,False,p01464,80.83064520198971,22.19748868127918,-0.017824209246608325,0.029490902272835184,0.05281900661608524,0.0650031561934733,-0.050295123056177005,-0.020308776319675204,-46.456232925401096
0.6674658759802584,0.6503115600296573,0.33561059797171017,0.3318539542146993,0.1324215112889675,0.13578284651011638,0.39233491582787106,0.4183616261509931,-9.616803249420348,-9.933918610148192,-16.11397802455491,-16.313159410497892,4.720630149476673,4.607315308514621,0.008264955670406526,0.008264955670406526,-1.4119369429987136,0.8346991299431094,0.0014590786743537171,-0.01800488746043367,0.01866382468474459,-0.04058152937370081,71.90298066348053,25.91198819919224,798.0736360566644,12.149901111093248,217.32324612886111,DESCENDING,15,20,False,p04345,80.71259428264902,22.36421523535752,-0.01715431595060113,-0.003756643757010847,0.00336133522114887,0.026026710323122038,-0.3171153607278434,-0.19918138594298185,-45.9909924642883
0.7316494547894921,0.7172793542379332,0.3464613791490915,0.343680564427794,0.16348055022988775,0.1717133671697235,0.4626148481144028,0.47265572489558494,-8.859940837965755,-9.346715212327503,-15.612123815149758,-15.866606870017968,5.033840026550622,4.752458561761705,0.013522497269873646,0.013522497269873646,-1.5116794252103116,1.0569686140488799,0.0006164579570978492,-0.021251365341816788,0.03031375191016846,-0.04875776365437718,74.50508698016188,25.923740004536008,825.6947736873867,9.237674512170585,200.74850130758387,DESCENDING,15,20,False,p02284,80.95490932761149,22.24348221343872,-0.014370100551558851,-0.0027808147212974865,0.008232816939835741,0.010040876781182151,-0.4867743743617474,-0.25448305486821,-48.58134697562587
0.63190276527735,0.6176721880784807,0.26482132534951475,0.2674190359478327,0.055408508084370575,0.05957894927701328,0.3377441306729881,0.34892911549335176,-9.974786775034058,-10.382158679386162,-16.666685576903053,-17.4534110131753,5.0234040155171416,5.540364937567771,0.010569246705152247,0.010569246705152247,-1.5146689973960628,1.0690459940111714,0.00040694575808570253,-0.021399832248244672,0.034234686912437425,-0.05003032738056041,63.489238382911346,23.109597380244107,716.7258355335186,9.00590025114303,208.2247971537126,DESCENDING,15,20,False,p00786,80.96733574017367,22.15724434063958,-0.014230577198869332,0.002597710598317926,0.004170441192642704,0.011184984820363675,-0.4073719043521038,-0.7867254362722491,-40.37964100266724
0.7483118315448533,0.7332553023581114,0.41348667376302,0.4161469428260355,0.21740453698775777,0.234282159231931,0.5250347594476975,0.5488289808264267,-10.422465808329836,-10.35335237191353,-16.82560878381164,-16.66054999281006,4.6561786629801745,4.572686433831116,0.009487290120545833,0.009487290120545833,-1.5496581350293919,0.9253682213682217,0.0010397683612560669,-0.018785437803474463,0.02163948992309259,-0.04307739316758093,80.62582270173722,28.52173668260444,730.6259654402407,13.751022466244606,271.7613631816108,DESCENDING,15,20,False,p00850,80.74366031405447,22.162993532159522,-0.01505652918674183,0.0026602690630154746,0.016877622244173218,0.02379422137872922,0.06911343641630552,0.16505879100157728,-52.10408601913278
0.6385264275591699,0.6244676757933944,0.29364109246403536,0.3080582910345637,0.08020572719078188,0.09685188141193446,0.35604000920298867,0.38196335362661477,-9.106451806646778,-9.596790730591897,-16.095583364999424,-16.712072487647088,5.186593210115871,5.315544362204006,0.013429389273471481,0.013429389273471481,-1.591077685657143,0.7681355237816518,0.0042958852802378504,-0.016611228532507002,0.022042707930343124,-0.03910723219105757,65.59678117463186,24.058130440703266,511.68503538115147,3.2574461241556776,188.19383242200064,DESCENDING,15,20,False,p03417,80.53862450677853,22.312472511678035,-0.014058751765775535,0.014417198570528367,0.01664615422115258,0.025923344423626093,-0.490338923945119,-0.6164891226476641,-41.53865073392859
0.6524133763621037,0.6207857223709218,0.31496343592142023,0.3044580276410815,0.10217841643828154,0.07461903675971993,0.36646327489520714,0.34082438514769736,-10.514146270439696,-10.953033010113376,-17.26329148721202,-17.837157014849677,5.053320198943868,5.262326839865243,0.01363319880130498,0.01363319880130498,-1.5730846648404146,0.9738435400243645,0.0013165603676767632,-0.02082454809654514,0.032487324594925,-0.04908436447843014,78.67352066889201,27.992511479495324,744.2000319756983,9.651616771253845,250.15104520564384,DESCENDING,15,20,False,p04496,81.02946780298456,22.369964426877463,-0.03162765399118195,-0.010505408280338746,-0.02755937967856162,-0.025638889747509774,-0.43888673967368064,-0.5738655276376576,-50.68100918939669
0.6479681605071466,0.6726367045398652,0.31854798092183295,0.32744842880285313,0.11045266230073347,0.11675390721788287,0.3919488342514484,0.40855857304744037,-9.288900705448485,-9.730959333040992,-16.033709470255147,-16.467897220638374,4.988769875636054,5.003964435395243,0.013391866788427853,0.013391866788427853,-1.4945137707024265,0.7897307350878269,0.0031911493243737305,-0.01711600698671915,0.020069491524463596,-0.03981719808326618,67.70982763323471,24.259101712138115,573.5787327929398,9.611276320207205,185.44564887204814,DESCENDING,15,20,False,p04529,80.6131829821516,22.375713618397405,0.024668544032718676,0.00890044788102018,0.006301244917149396,0.01660973879599198,-0.44205862759250714,-0.4341877503832272,-43.45072592109659
0.7440557682502597,0.7188122786273023,0.3614994925433998,0.36279963517137837,0.19600269033176362,0.19075211343535636,0.4971397324658537,0.4992938981030575,-8.57773861288327,-8.614112483666725,-15.169691696587652,-14.860371299310758,4.805064785640874,4.5012472689581635,0.012494426319994534,0.012494426319994534,-1.5204489119249316,1.032360359579131,-0.00014501766514048083,-0.020088897831570827,0.0247192727586738,-0.04619216415640281,74.9484818236935,26.106595731937663,823.745838037812,9.127865728173205,180.8877971829181,DESCENDING,15,20,False,p00267,80.84928482083298,22.128498383039865,-0.025243489622957305,0.0013001426279785622,-0.005250576896407261,0.002154165637203831,-0.03637387078345533,0.30932039727689364,-48.84188609175584
0.5753642143168625,0.5501301674559006,0.3060057738852428,0.2861989620839335,0.024723102814362602,0.006023602863897105,0.27618994082066456,0.2662355413757668,-9.33022431615074,-9.790039621242123,-16.011005624953224,-16.349715519989783,4.8133735979102985,4.712529547753864,0.00935882454299608,0.00935882454299608,-1.4889747372096012,0.6378012306977232,0.0023653786963907988,-0.016405758752510463,0.019778678847128053,-0.03884765599105843,65.57935777735408,22.261600994238655,508.6911399282494,3.824428517781661,187.28171816198835,DESCENDING,15,20,False,p05103,80.45163961884329,22.410208767517062,-0.025234046860961867,-0.019806811801309332,-0.018699499950465496,-0.009954399444897732,-0.45981530509138224,-0.33870989503655835,-43.31775678311542
0.6969357733586606,0.685868483443635,0.31350623998129845,0.33178644146200054,0.1243741418745938,0.1429963352127469,0.40930854818032647,0.43907006318131386,-8.239944430077584,-8.777835239428525,-15.198459898252132,-15.682421278186068,5.1215170035545565,5.038726672710727,0.013390960602860491,0.013390960602860491,-1.5876855338709555,0.771716491854864,0.0042780851303755646,-0.016655876727186755,0.02203654675267011,-0.03916700996048593,66.843925910671,24.414526304044678,532.9168319048231,6.472263975949852,170.27293079186396,DESCENDING,15,20,False,p03518,80.54483771305962,22.318221703197977,-0.011067289915025591,0.018280201480702085,0.018622193338153112,0.029761515000987393,-0.5378908093509409,-0.48396137993393573,-42.429399606626326
0.6443117265589988,0.6314313005409099,0.31886601545233006,0.3238450454281198,0.11744915826023225,0.10750404652685273,0.37506854763639647,0.3904646492320303,-10.183283287153705,-10.241467979375287,-16.87746069765478,-16.676274612269975,4.913149070795189,4.623355738749006,0.013539935965247385,0.013539935965247385,-1.488508129588367,0.7922902173924073,0.0030838436329002623,-0.017163389101757083,0.019953627454493455,-0.039827969650132966,67.93382798601111,24.33217797789321,648.7286360656784,11.080355572609399,225.68946552192753,DESCENDING,15,20,False,p04530,80.61939618843269,22.375713618397405,-0.01288042601808892,0.0049790299757897505,-0.009945111733379516,0.015396101595633815,-0.05818469222158207,0.20118608538480487,-43.6016500081179
0.6097090001806862,0.6033931780555575,0.2834295016718649,0.29038016241850784,0.05049303306689907,0.07049390768004384,0.3173584020680822,0.34447907907186054,-9.709623501499895,-10.572730056431737,-16.155062498124426,-17.243020373708507,4.674319078324617,4.91229650087673,0.013292815071684227,0.013292815071684227,-1.5681852448285336,0.8248953413010823,0.003913851521121405,-0.017231833857246776,0.022329216532804577,-0.040040471843615734,73.50112746771823,26.857810303582475,621.5594664392544,3.94478547350298,146.5149199095714,DESCENDING,15,20,False,p02829,80.6131829821516,22.277977362558378,-0.006315822125128712,0.0069506607466429116,0.020000874613144766,0.02712067700377835,-0.8631065549318429,-1.087957875584081,-46.64331716413576
0.749170575266814,0.6920502376574277,0.3542839375386504,0.34519840622598175,0.2022568828037857,0.20904957769927945,0.512492973997743,0.5204363690112558,-8.772122841018273,-9.253814165620224,-15.46894056518262,-15.920854657101108,4.895911132146634,4.942379398262963,0.013040073710316458,0.013040073710316458,-1.57217991223289,0.8695383076305836,0.002152105755631949,-0.018012507879084705,0.021827077627309954,-0.04146592030136351,74.28426414744526,27.399071014810897,598.2539985350107,3.4139238366617577,195.6017644265211,DESCENDING,15,20,False,p01041,80.68774145752467,22.174491915199408,-0.057120337609386285,-0.009085531312668649,0.0067926948954937505,0.007943395013512822,-0.4816913246019503,-0.4519140919184874,-46.885193132634356
0.5193812058444499,0.5099102682334886,0.258499637250698,0.2685221642120254,-0.032293654284427535,0.015174249956676837,0.1830689698582642,0.2531129535492125,-10.12580764417867,-10.86469111540445,-17.110910319672957,-18.171203682354392,5.296042067272278,5.807452601423634,0.011101918749496398,0.011101918749496398,-1.5848354524164376,0.8639087594353609,0.002146834407639819,-0.017872169650851553,0.022356409762645416,-0.0413217548039297,60.31240390662413,23.27438312719856,562.4149528947577,5.694902971253721,153.56849182703914,DESCENDING,15,20,False,p00440,80.68152825124358,22.13999676607975,-0.009470937610961294,0.010022526961327383,0.04746790424110437,0.07004398369094827,-0.7388834712257797,-1.0602933626814348,-37.038020779425565
0.6962597468827684,0.6576851801655217,0.31521972510877244,0.3133716329412203,0.11140515346378588,0.10174017565159651,0.38692594297517474,0.3830073805604146,-8.711706598078205,-9.687863678477022,-16.04821763522186,-16.677855870666086,5.8054555071570935,5.380584066657236,0.010991266220683471,0.010991266220683471,-1.5592859071835872,1.0039240055003642,0.0015486464707572792,-0.02143575488341777,0.0330425764518756,-0.04883680490879373,77.6818531474022,26.2443998349856,702.0808340862383,3.9569044782563503,177.10141439662263,DESCENDING,15,20,False,p03592,81.0046149778602,22.318221703197977,-0.03857456671724668,-0.0018480921675521622,-0.009664977812189363,-0.0039185624147601295,-0.9761570803988171,-0.6296382354442258,-51.437453312416594
0.7011665595763326,0.6596757714523265,0.3194510047064971,0.30438495769542734,0.14433151114017312,0.1171869848376202,0.42750057905395955,0.3989666029695801,-9.34952208612493,-9.82563465382308,-15.973433651488914,-16.401927649448105,4.90333823127622,4.846279773615401,0.009515685086157633,0.009515685086157633,-1.5351480896957397,1.019390981129517,0.000952722686888764,-0.021796822192680223,0.04056952559003815,-0.051271174974506485,64.96385310075401,23.95127950943802,795.7522713991826,5.759555886426039,218.29185178069702,DESCENDING,15,20,False,p00694,81.01704139042238,22.151495149119636,-0.041490788124006084,-0.015066047011069783,-0.027144526302552915,-0.028533976084379464,-0.47611256769815036,-0.4284939979591904,-41.012573591315984
0.5651563803730193,0.5257484308386793,0.2642043122199446,0.24460291917618474,-0.010012930427033965,-0.0454637052617504,0.22265295775759958,0.1916467277674912,-9.809432170694679,-10.64370730892509,-16.180028990909623,-16.903497246827005,4.549563438856824,4.554658156164936,0.010472511943398488,0.010472511943398488,-1.5189447943954604,1.0152794061450725,-5.184324066358139e-05,-0.019909893002975052,0.023245911960727443,-0.04557605567893803,77.74064055019922,27.40791252864539,822.6413239285519,3.379292399580466,175.67985044154975,DESCENDING,15,20,False,p00564,80.83064520198971,22.145745957599694,-0.039407949534340014,-0.01960139304375988,-0.03545077483471643,-0.03100622999010838,-0.8342751382304119,-0.723468255917382,-50.33272802155383
0.7300464876746878,0.6918910732089664,0.3731847243746397,0.3571778013657912,0.19567144823595517,0.176996325845323,0.47995670626275455,0.4697322967718392,-9.419666654626287,-9.678502351546646,-15.973590537650447,-16.092957017035104,4.88165259312193,4.74918492623755,0.008408230990139098,0.008408230990139098,-1.5337123362562517,0.9767267496455909,0.0007714200414710871,-0.020613996912785034,0.02828265828764304,-0.04803297055331509,72.86792787953014,25.349507801724176,781.7001934235973,17.885752193999075,172.27924133190538,DESCENDING,15,20,False,p04187,80.97354894645476,22.352716852317634,-0.03815541446572146,-0.016006923008848484,-0.01867512239063218,-0.010224409490915354,-0.2588356969203591,-0.11936647938465761,-47.51842007780597
0.7652451027032978,0.7346012131344551,0.359096681486117,0.35582764058581356,0.19947001410455828,0.2011217274853549,0.5006163859379583,0.503517248151976,-8.92155857927643,-9.36267870333345,-15.658154943295187,-15.932616529792195,5.049001003657206,4.837597012857017,0.012647841918223879,0.012647841918223879,-1.49501311373775,1.0788425196309648,-0.0002139461747812251,-0.02055591359292007,0.024982100283224826,-0.04715387553838176,71.70323712790841,25.86737808115753,792.1440073632397,7.149849933970941,216.64022569930756,DESCENDING,15,20,False,p01173,80.88656405851951,22.18024110671935,-0.030643889568842675,-0.0032690409003034437,0.0016517133807966156,0.002900862214017641,-0.4411201240570204,-0.2744615864970079,-45.83585904675088
0.44942070261684514,0.4381833811935342,0.23973308293957046,0.23658182027707056,-0.02640805869302837,-0.03557229462138232,0.15962765491088282,0.1575015887268445,-9.639903941733456,-10.122054086497526,-16.853795906929342,-17.740197528568114,5.530881046851021,6.050688966228505,0.01345355867058573,0.01345355867058573,-1.5861469285710783,0.7237756222841306,0.003979913021693958,-0.016067222800572246,0.021848236539959584,-0.03868348017706248,59.45425039703829,22.51245957199675,496.39326768472614,3.0736746954219267,199.51445095953076,DESCENDING,15,20,False,p02705,80.46406603140547,22.272228171038435,-0.011237321423310909,-0.003151262662499904,-0.009164235928353949,-0.002126066184038322,-0.4821501447640699,-0.8864016216387718,-36.94179082504154
0.6701065654351934,0.6397735122580521,0.3033512354508372,0.3041026161845736,0.0979842170309341,0.07912068872261312,0.3836301498283506,0.36550390642766284,-8.618412075265471,-9.115488639413435,-15.562186696601968,-16.02261690692119,5.1056681799385535,5.0819716146346945,0.013411491487523075,0.013411491487523075,-1.6020984499121267,0.7745257233094164,0.004450858995936979,-0.016607495267212728,0.022332776867262004,-0.03908289705196233,64.16556010368097,23.68234570813875,528.442508655084,3.767372132628666,162.20384421648487,DESCENDING,15,20,False,p03217,80.53862450677853,22.30097412863815,-0.0303330531771413,0.0007513807337364287,-0.018863528308320984,-0.018126243400687747,-0.49707656414796375,-0.46043021031922216,-40.48321439554222
0.705682745850637,0.6934800354489165,0.32291201461516056,0.32225261866832083,0.14943013189162066,0.1557715176998088,0.43886703673856575,0.4494320256733633,-8.529022247080974,-9.34204753598811,-15.71025410869705,-16.39746918218126,5.58311176432891,5.508082137160781,0.012652753615336798,0.012652753615336798,-1.5224459987101815,0.9509990366637326,0.00038898517547979894,-0.019686644605047134,0.025272984076535537,-0.047074965205565464,62.36682554943252,23.532496388259275,656.0190207622692,4.6555252877878885,140.29370741098748,DESCENDING,15,20,False,p05489,80.98597535901693,22.42745634207689,-0.012202710401720496,-0.0006593959468397248,0.0063413858081881325,0.01056498893479757,-0.8130252889071361,-0.6872150734842108,-38.834329161173244
0.602280970543754,0.5829500487085301,0.2744029443166053,0.2814515418262373,0.041415087359706795,0.04030287479908395,0.2928423224007742,0.2994161716027385,-8.654779864924862,-9.146313880980044,-15.94603099475768,-16.556114194149515,5.565839634015688,5.700436356280626,0.013331661132638617,0.013331661132638617,-1.619369748523517,0.7576553068782096,0.004547423050352308,-0.01637802911230548,0.02234228617404445,-0.038775537262964364,60.40897372251001,22.535792477143918,507.32520734857746,3.4604298134062756,182.77097679775403,DESCENDING,15,20,False,p03212,80.50755847537309,22.30097412863815,-0.01933092183522389,0.007048597509631993,-0.001112212560622848,0.006573849201964299,-0.49153401605518177,-0.6100831993918359,-37.8731812453661
0.7883072375337588,0.752786521277198,0.35953430865662706,0.361599352763744,0.23780794985451859,0.23986475726155781,0.5546087564077609,0.5538570333630135,-8.48814103451775,-8.886272619895104,-15.756594058429789,-15.939511210345891,5.716723664819042,5.431084372602702,0.009666203281705199,0.009666203281705199,-1.5405414162498527,1.0263477292687908,0.0015308253032906905,-0.02189166071300187,0.037749112081149915,-0.05012916827143767,72.46551413937804,25.532398143530767,820.0069527230827,9.00157616392104,159.6617488218775,DESCENDING,15,20,False,p01894,81.01704139042238,22.22048544735895,-0.035520716256560725,0.0020650441071169423,0.0020568074070392295,-0.0007517230447473544,-0.3981315853773548,-0.18291715191610258,-46.933115995847274
0.6420527525617612,0.6127405252238444,0.3093731821444709,0.3078252237316445,0.13009817606199459,0.14752680728601694,0.3945630111960612,0.4150045791100216,-9.298159374870105,-9.891034743374883,-16.16461936341672,-16.92268861156065,5.158392667638329,5.404667715996245,0.011118468556307715,0.011118468556307715,-1.5000219750242332,0.8706080184045835,0.0015727175320609942,-0.018479055448854996,0.02061880924723432,-0.04213219628347823,83.1094083668327,29.221903845858527,738.2067655036126,7.343811756422663,153.3129205437366,DESCENDING,15,20,False,p02346,80.71880748893011,22.249231404958664,-0.02931222733791683,-0.0015479584128264001,0.017428631224022356,0.0204415679139604,-0.5928753685047781,-0.7580692481439293,-53.88750452097417
0.6610605400768828,0.6752758070186966,0.3060735777688937,0.3251350952190093,0.11954658774546122,0.15074005283529948,0.38649967426622345,0.43804777883834467,-9.245705249946566,-9.89420607603958,-16.351356509192183,-16.768913938074842,5.450194482461239,5.216427475884272,0.01053336019625739,0.01053336019625739,-1.4426762243504865,0.8784162064106916,-0.0001511241806470586,-0.019077748477355654,0.020323717081894236,-0.04499674619253693,62.10365082744257,23.22074906465568,671.2932058339028,5.46475953232352,229.28233356101094,DESCENDING,15,20,False,p04974,80.8927772648006,22.398710384477177,0.014215266941813853,0.019061517450115584,0.031193465089838265,0.05154810457212122,-0.6485008260930147,-0.41755742888265956,-38.88290176278689
0.5998752852393437,0.5868271163145634,0.30140031733796824,0.30712295762178576,0.04770045697506949,0.05645241846557435,0.28559073979659017,0.312965169044082,-8.572563051441144,-8.872468104216429,-15.629181604472366,-16.117005081621556,5.2731023272367885,5.539415447081311,0.011101918749496842,0.011101918749496842,-1.5362473734603879,0.7232115080249346,0.003410337476626061,-0.015485209399370025,0.022614745192720772,-0.03757406364989855,55.389291148045984,24.067982301607227,588.8082258671342,5.765407491014461,136.10896312128264,DESCENDING,15,20,False,p00301,80.43921320628111,22.134247574559808,-0.013048168924780335,0.005722640283817526,0.008751961490504855,0.027374429247491838,-0.29990505277528534,-0.48782347714919005,-31.321308846438757
0.6188779979452671,0.5827796214766783,0.2891019747652209,0.2769793159094276,0.04861351053029693,0.019207240112552853,0.3189641630209983,0.2877763711524281,-9.674723406018424,-10.754410048598954,-16.481575413797636,-17.668444238354137,5.145116913539306,5.3211075160258705,0.013117054744641532,0.013117054744641532,-1.5557179151872649,0.9708766333770663,0.0008229814342981063,-0.02050049315939837,0.029056311571369016,-0.04847639383753768,73.62155244709693,26.364634402157506,704.8434224908377,4.572285089693309,208.96332701086624,DESCENDING,15,20,False,p04691,80.99840177157911,22.38146280991735,-0.03609837646858882,-0.012122658855793333,-0.029406270417744077,-0.03118779186857018,-1.0796866425805298,-1.1868688245565018,-47.256918044939425
0.6762395773578599,0.6545854658571493,0.2883098240560686,0.2782549961644182,0.11560538673333155,0.11543866561573482,0.41372428983771853,0.4227827822943313,-9.199644675463421,-9.466487902412238,-15.78817744100159,-16.55984725901065,4.7985981010906675,5.46664103035578,0.013461578470412405,0.013461578470412405,-1.4926929820197072,1.1006314024747217,2.1560223415988736e-05,-0.021000109631703796,0.027212819501309115,-0.048144775119265695,69.60949983038715,25.46727316063571,680.9051422625955,5.756284765296731,193.58584177037906,DESCENDING,15,20,False,p01578,80.91763008992496,22.20323787279912,-0.021654111500710616,-0.010054827891650409,-0.00016672111759673258,0.009058492456612777,-0.2668432269488168,-0.7716698180090589,-44.14222666975144
0.7099412810173427,0.684610352905373,0.32542859078970493,0.33572533686486355,0.14916036446387385,0.1643444932938316,0.44108939618980497,0.46455324540178927,-8.878914329640695,-9.300840651677472,-15.667993336661477,-16.00112459378798,5.050243872893967,4.966390417429888,0.008841269584562883,0.008841269584562883,-1.5898784841705944,0.8308459788117842,0.004092402218035214,-0.017050919435133288,0.022827425963713944,-0.03991005590391038,72.38323016548853,27.02389692261354,568.9178628006347,4.83682172403309,159.75262829436917,DESCENDING,15,20,False,p02327,80.60075656958942,22.249231404958664,-0.025330928111969686,0.010296746075158625,0.01518412882995776,0.0234638492119843,-0.4219263220367768,-0.3331312571265048,-45.35933324287498
0.7896527399468842,0.7617900964300515,0.3963433032338177,0.40351243016930344,0.25336259392968963,0.2676926648804065,0.5601170092062832,0.5793427397712992,-8.115707944701759,-8.405402396101378,-15.059560687655782,-15.126150730920783,5.269443843180743,4.998681316768045,0.0091550151005525,0.0091550151005525,-1.555561075619028,0.8558368492973621,0.0026489615029974397,-0.01783587740516348,0.021648675368277658,-0.04104323737158952,82.52138445325141,30.19368456815281,711.5676523838262,7.890903238784954,122.5216978475156,DESCENDING,15,20,False,p01938,80.6691018386814,22.226234638878893,-0.027862643516832764,0.0071691269354857146,0.014330070950716867,0.019225730565016086,-0.2896944513996189,-0.06659004326500018,-52.3276998850986
0.5236722387756331,0.5003396436438864,0.24836453371156353,0.24865336029721904,0.016255494441029132,0.07006737825858407,0.22537952714100795,0.2827438556024371,-9.696732304105266,-10.06310928811674,-16.631243982940248,-17.59866593564575,5.296468404062668,6.143847524127634,0.013307320788947696,0.013307320788947696,-1.5424321825426006,0.9925999892183975,0.0008822737755648577,-0.021780018383004366,0.042493913298329036,-0.05162420590439403,66.6415878611754,24.684198094199584,789.3031205707833,6.369679935298398,148.78572400925685,DESCENDING,15,20,False,p00296,81.02946780298456,22.128498383039865,-0.02333259513174668,0.0002888265856555161,0.05381188381755494,0.05736432846142914,-0.3663769840114739,-0.9674219527055037,-41.95738976697581
0.6152866882022879,0.5984154153001525,0.28164558411203716,0.2913313236648192,0.06797722819619806,0.08144267952235139,0.30430894690100735,0.33580062844010933,-9.27908914389236,-9.859689198169715,-16.28477263791502,-16.6622370510446,5.325811896247442,5.125132374087218,0.012834522380924751,0.012834522380924751,-1.4527673625621866,0.913024242503299,-8.021701935186495e-05,-0.019482228960916226,0.02132906893835274,-0.04559320294167164,64.92769145443017,23.257481521231952,702.80484354394,4.423554330016383,169.75018183271393,DESCENDING,15,20,False,p04273,80.88656405851951,22.358466043837577,-0.016871272902135415,0.009685739552782013,0.01346545132615333,0.03149168153910198,-0.5806000542773546,-0.3774644131295801,-41.67020993319822
0.7636290878895586,0.7311128690994884,0.3828120144420619,0.3767153505077799,0.21582054558732058,0.21052266346181078,0.5264215189910272,0.5282643616168299,-9.297020108950768,-9.266899669670934,-15.786601517192862,-15.673714608161482,4.730349987567898,4.614130226267728,0.012186095803825792,0.012186095803825792,-1.5567680692851364,0.9200154866901294,0.0011212537705344665,-0.018691728803297898,0.021793979138802686,-0.042864671506886755,75.6761433563895,27.370746791689662,650.1157112781478,9.805288057443382,206.26461100037616,DESCENDING,15,20,False,p00549,80.73744710777338,22.145745957599694,-0.03251621879007027,-0.006096663934282043,-0.005297882125509801,0.0018428426258026986,0.030120439279833988,0.11288690903137955,-48.30539656469984
0.7743760664111552,0.7534808247226367,0.38901175970531127,0.398418026208815,0.211848193584625,0.2234845078729721,0.5163706965543303,0.5355547236835925,-7.532204958170864,-7.61317097876575,-13.926309459881907,-14.008590009146912,4.573447357455613,4.606674615985362,0.009425453431990305,0.009425453431990305,-1.4919214251152322,0.8533085073377684,0.0018090407671996116,-0.01832722023810328,0.020461921381815754,-0.041636707151521464,86.38392345059864,30.476745346403163,853.7025672381474,12.139560890447878,125.04749913513601,DESCENDING,15,20,False,p02544,80.70638107636793,22.26072978799855,-0.02089524168851853,0.009406266503503735,0.011636314288347105,0.01918402712926215,-0.08096602059488678,-0.08228054926500583,-55.90717810419548
0.7162792395174088,0.6892300858447604,0.3186472525858233,0.3179963382804101,0.14159751470272322,0.13762964180089587,0.4452100477558033,0.4483579735081262,-8.416211670225591,-8.688931127687344,-15.279068591687961,-15.802367385979844,5.206895567170914,5.528833529693574,0.01277598892502152,0.01277598892502152,-1.5149444584331375,1.0669072855812474,0.0002686267279406437,-0.02130936518548038,0.034088830938337665,-0.05004085567068869,63.12503767492127,22.90869856903153,734.2981137211581,10.490424492802358,144.6047541272357,DESCENDING,15,20,False,p00685,80.96112253389258,22.151495149119636,-0.027049153672648374,-0.0006509143054132527,-0.003967872901827346,0.0031479257523228665,-0.2727194574617524,-0.5232987942918825,-40.216339105889745
0.7618831656174624,0.7415478875790273,0.35719059962653,0.3630221414378107,0.21255072064538832,0.2108578961795677,0.5152209008163965,0.5243015450487641,-7.514824414445008,-7.781189006162571,-14.37690479810634,-14.44741147739728,5.168803826603008,4.895828783773092,0.010686831462057511,0.010686831462057511,-1.5174279200294396,1.055456855614185,0.0007856178924228556,-0.021381326012956087,0.03154690157910078,-0.04901207204542008,73.54783551449324,25.720339561900953,841.1136838231178,9.041372302719479,106.51436549401143,DESCENDING,15,20,False,p02186,80.96733574017367,22.23773302191878,-0.020335278038435045,0.005831541811280705,-0.0016928244658206137,0.009080644232367652,-0.2663645917175632,-0.0705066792909399,-47.82749595259229
0.6386747092577773,0.6515143225945303,0.3135199154008918,0.3276139540208982,0.08436021342192446,0.13771481548788025,0.3510812982104038,0.42259906374357004,-8.697423483867388,-9.301995203072076,-15.916596658521442,-16.557445571513984,5.537162246414755,5.701445153632357,0.008939184083562868,0.008939184083562868,-1.4792854341396686,0.9632157898289023,6.239661193094688e-05,-0.01973898925590171,0.021558124256717968,-0.045373551753336835,64.43558066735305,23.029349818934495,660.6567579674905,5.234448995264304,179.48412901574298,DESCENDING,15,20,False,p02463,80.82443199570862,22.254980596478607,0.012839613336753097,0.01409403862000641,0.0533546020659558,0.07151776553316624,-0.6045717192046887,-0.6408489129925421,-41.40623084841856
0.7466039042424204,0.7134064214915442,0.3659613079865283,0.35999111434349756,0.19085048808549432,0.1928055227303629,0.49179417732891645,0.5053965473275431,-8.905499940096115,-8.976987927121728,-15.548247760798448,-15.587339250642692,4.887894213068711,4.81256901937523,0.012131254216972365,0.012131254216972365,-1.5647811214503553,0.8807441185706355,0.0018534574185083506,-0.01821131031820946,0.021638600992321823,-0.04183319954285439,79.34357684932344,28.682635852082132,630.7658336268465,7.562774166693349,182.57035477570375,DESCENDING,15,20,False,p01143,80.70016787008684,22.18024110671935,-0.033197482750876195,-0.005970193643030752,0.0019550346448685696,0.013602369998626684,-0.07148798702561265,-0.039091489844244265,-50.66094099724131
0.6837432039771268,0.6571047737452518,0.3631510287061772,0.3568358430784769,0.15249842560103005,0.14655902916342153,0.4326304265428005,0.4352213887096815,-9.411078787265868,-9.565820446857492,-16.1423307007673,-16.301505058083663,4.896635103660158,4.916890739942224,0.008381887922318754,0.008381887922318754,-1.5669535322748764,0.736793815661398,0.0038644513041877914,-0.01650435551458767,0.02121895095369368,-0.03901999781080494,68.77546719317785,24.822128309200764,599.6900410834454,10.046904269944772,240.30917101486574,DESCENDING,15,20,False,p04014,80.51998488793527,22.34696766079769,-0.026638430231875065,-0.006315185627700337,-0.005939396437608518,0.002590962166881039,-0.15474165959162356,-0.1591743573163633,-43.95333888397708
0.6466330245699541,0.6491656813683787,0.2937762381814193,0.30074025239648466,0.08987747749124407,0.11246550810126602,0.37139448246912166,0.3978394161738115,-9.045958422449953,-9.439178295857026,-15.608407266086552,-16.247651852818972,4.802263228825368,5.130775189209098,0.009514435998438375,0.009514435998438375,-1.5316885357127905,0.968242863972869,0.0003192048039440207,-0.019342370676996866,0.02155858881268711,-0.04427474042329777,80.40400807818288,28.514002245348603,713.821062546795,6.124272407435731,156.5206946244696,DESCENDING,15,20,False,p00757,80.78715275802209,22.15724434063958,0.002532656798424626,0.006964014215065373,0.022588030610021945,0.026444933704689866,-0.3932198734070731,-0.6392445867324206,-51.89000583283428
0.7839204705592644,0.7600214533014384,0.37109631680429855,0.37874790848430184,0.23374549896194755,0.23716063847296998,0.5467745045226993,0.5533096417238565,-8.648320895678117,-9.12825187498498,-15.677591317639198,-15.689343318226522,5.406340476413494,4.797512213134844,0.012536222040628542,0.012536222040628542,-1.5046977036500069,1.0785163027053317,0.0004485803863995536,-0.02126763268250413,0.030229603575023897,-0.048821058716911316,70.35309680375582,25.436779815928375,774.6759704562,10.512383269183054,200.15470484207836,DESCENDING,15,20,False,p01783,80.9486961213304,22.214736255839007,-0.02389901725782595,0.007651591680003289,0.0034151395110224303,0.006535137201157282,-0.4799309793068627,-0.011752000587323508,-44.91631698782744
0.7226710459262654,0.7084074725971318,0.37120911405302004,0.3722236849851989,0.19570226937669477,0.18940888964257183,0.48576588602540194,0.4909924090041263,-8.22257154655635,-8.450719863792308,-15.160967958968966,-15.3984526042112,5.141165717253302,5.116753013860466,0.011865391721627039,0.011865391721627039,-1.524991590465481,0.7422656749347433,0.003431150644265501,-0.016695906891139138,0.02043245201334433,-0.03934883035991695,68.65626280841218,24.5746337479108,564.874575971447,9.279368498898727,107.30590344206679,DESCENDING,15,20,False,p04619,80.55105091934071,22.38146280991735,-0.014263573329133639,0.001014570932178882,-0.006293379734122945,0.005226522978724335,-0.22814831723595752,-0.237484645242235,-44.081629060501385
0.7839450656134445,0.7582242122183738,0.4045973133420976,0.42647003811,0.24590588447479278,0.26463901766075687,0.5530222503436985,0.5765844761562802,-8.4901627035155,-8.529636949924633,-14.987258940662823,-14.863162080087596,4.72879086910421,4.538954901708288,0.013050468920527303,0.013050468920527303,-1.5097677560414153,0.8833277736635585,0.0014521211831234533,-0.018561869622275486,0.02077827003189073,-0.042418647721396655,82.18077598131485,28.795846674999176,810.4714810340275,8.536759823021594,138.9118228295743,DESCENDING,15,20,False,p02147,80.7250206952112,22.23773302191878,-0.025720853395070686,0.02187272476790242,0.01873313318596409,0.023562225812581716,-0.03947424640913333,0.12409686057522684,-53.38492930631568
0.6865495610667869,0.7021808975005486,0.32414200329959086,0.3457935623864018,0.11143123080902023,0.17289556372984954,0.39315862332237717,0.471453863313818,-8.598242926204541,-9.042051279349732,-15.910291052298831,-16.303414139598765,5.686590026082662,5.681980212265855,0.012660464209939049,0.012660464209939049,-1.4807458873030457,0.9897632560895989,4.82496235586359e-06,-0.020009457207776613,0.022427741152893477,-0.046012291913893694,67.18083986574716,24.0875441170957,679.4319214644598,3.8893573783083175,191.19660287387595,DESCENDING,15,20,False,p02367,80.84928482083298,22.249231404958664,0.01563133643376169,0.021651559086810934,0.06146433292082931,0.07829523999144083,-0.4438083531451902,-0.3931230872999336,-43.09329574865146
0.7755531338621541,0.7332329976210222,0.344662381539924,0.3323956728319695,0.21826002171585102,0.19997727998839537,0.53744780700438,0.5258734840040704,-8.811348388419251,-9.076985466461727,-15.827663909352893,-16.18896229295793,5.313591821047662,5.492492218251325,0.009995117166552325,0.009995117166552325,-1.5005915285807743,1.0914525245874582,0.0003279327334662617,-0.021246302245247716,0.029832631241858313,-0.048761146645677614,68.8568983269434,25.294352113765523,719.6757187219866,5.998863490843892,202.96233512613628,DESCENDING,15,20,False,p01482,80.94248291504931,22.19748868127918,-0.042320136241131845,-0.012266708707954488,-0.018282741727455643,-0.011574323000309583,-0.2656370780424755,-0.36129838360503896,-43.56254621317787
0.7464133593181105,0.7179545740914741,0.3505368299481461,0.3595593387402535,0.19146945639047713,0.18906229012549108,0.48377726767578777,0.4944974720520323,-8.757734008822817,-9.120775846991988,-15.564346868342536,-15.57308737264258,5.101947364872016,4.7216365288760445,0.010708613031834457,0.010708613031834457,-1.5203276572199291,1.0465099571887708,0.0008340338408066176,-0.021341891575882708,0.031216732735105536,-0.048881980254681344,75.01729608386975,25.748286958375992,855.3754728902901,4.604395780178999,154.98295595421848,DESCENDING,15,20,False,p02486,80.96733574017367,22.254980596478607,-0.028458785226636363,0.009022508792107364,-0.0024071662649860492,0.010720204376244546,-0.36304183816917046,-0.008740504300043028,-49.26900912549376
0.671266427980789,0.6478991784169197,0.3245151521053944,0.3302389514868868,0.1000102853578324,0.1042960940049321,0.3718792483072985,0.3872033756608047,-8.894469477494319,-9.120152609946052,-15.58311742920453,-15.691334453678117,4.816325446972666,4.712373954142395,0.011768203212005224,0.011768203212005224,-1.5743348173860505,0.78593432908523,0.004209565125210784,-0.016832171341771212,0.0220131969087432,-0.039402907787298595,67.21121692265909,24.43266072390724,614.2185670633645,6.610944033451272,204.48341910582187,DESCENDING,15,20,False,p03422,80.56969053818398,22.312472511678035,-0.023367249563869263,0.005723799381492423,0.004285808647099695,0.01532412735350619,-0.22568313245173321,-0.10821702447358739,-42.77855619875185
0.5535721932339152,0.5474461354500516,0.26520482590711925,0.2778229448014155,0.01871362617555292,0.05940570838758818,0.25267862664103596,0.3118131081037245,-9.929077015460068,-10.43066928680923,-16.772596440805128,-17.543956093880155,5.149334045079679,5.485679046579352,0.009258950291104795,0.009258950291104795,-1.5860237374293877,0.8591465821525922,0.0024246481940880115,-0.017738352124488814,0.022470576619645483,-0.041151003683632316,58.59486159284546,22.937879754812666,551.1992459234237,4.741412572745969,183.43077625059044,DESCENDING,15,20,False,p00538,80.6691018386814,22.145745957599694,-0.006126057783863548,0.01261811889429626,0.040692082212035255,0.059134481462688515,-0.5015922713491623,-0.7713596530750273,-35.65698183803279
0.6857714367894429,0.6881925389798099,0.3244119301453661,0.3410947365167905,0.1484981989224018,0.1793282750599404,0.4210537794097885,0.4693394099420505,-8.267486899844627,-9.234453755554142,-15.797414704084973,-16.28409066286869,5.9565156933832055,5.375149525986222,0.010310873397277986,0.010310873397277986,-1.4334967411405086,0.9000567295850044,9.247944306100575e-06,-0.019208930092341748,0.02041207107524291,-0.04461084457117972,63.3436243279804,22.85156458556489,669.7161414616198,4.155970710026058,163.9098997553838,DESCENDING,15,20,False,p04268,80.85549802711407,22.358466043837577,0.0024211021903670638,0.016682806371424386,0.030830076137538603,0.04828563053226198,-0.966966855709515,-0.4866759587837155,-40.492059742415506
0.6754115305102114,0.6956045719266846,0.3329000142680666,0.33712232154674343,0.15383592918836342,0.16578487891971394,0.4457426521587955,0.46444595712095776,-7.964929472220679,-8.174946545874905,-14.855965024168839,-15.234457827159684,5.086073910270848,5.2632554059282,0.008681703959525944,0.008681703959525944,-1.4893243090292423,0.7308749275144908,0.002835321883449516,-0.0166983679418804,0.0194451322046644,-0.03972750425452285,66.06774198671454,23.558839138022297,508.234976869052,6.598568198342875,154.1255303339005,DESCENDING,15,20,False,p05320,80.5572641256218,22.421707150556948,0.020193041416473156,0.00422230727867684,0.011948949731350522,0.01870330496216227,-0.2100170736542255,-0.378492802990845,-42.508902848692244
0.7463701143172902,0.7174131048244853,0.3488333393877777,0.34919287584129377,0.19687842980738934,0.1909544017725741,0.4906841578613591,0.49869112044193425,-8.325197494353825,-8.542420344953603,-15.14526472226243,-15.11386231359741,5.1290815850774285,4.830249869215255,0.008930917658435344,0.008930917658435344,-1.5266563260658244,1.0378889394653474,0.0009711090505184965,-0.02136883612296022,0.03146616221295114,-0.04885807449920115,74.89482188747832,25.566672828777183,819.2947545388001,12.09608500848637,153.82538188662858,DESCENDING,15,20,False,p02587,80.97354894645476,22.26072978799855,-0.028957009492804886,0.0003595364535160517,-0.005924028034815232,0.00800696258057515,-0.21722285059977864,0.031402408665019976,-49.32814905870113
0.607004666100767,0.5958591259739143,0.2782096723498096,0.28256513272395734,0.04795027148620633,0.064795846963337,0.32161266369432695,0.34453536255926226,-9.600477117020793,-10.12127436101736,-16.268016157852294,-17.161159398562106,4.896962506372433,5.396394555395404,0.00913323457471893,0.00913323457471893,-1.598997043090801,0.8518467670090246,0.0032655101808719725,-0.01733007979586634,0.02301148407331042,-0.04059729935778716,61.04667036724787,24.212884515088845,545.5903342912109,4.8666135406856466,180.1350204857002,DESCENDING,15,20,False,p01032,80.63182260099487,22.174491915199408,-0.011145540126852649,0.004355460374147746,0.01684557547713067,0.02292269886493531,-0.5207972439965669,-0.8931432407098114,-36.833785852159025
0.7361594267395751,0.7169502426478078,0.35336325788221173,0.34825519703704005,0.20524014594899714,0.20286949969219883,0.5136200510308631,0.5182718260987821,-8.84416699479733,-9.118653357569038,-15.584597521198376,-16.042143096983683,4.988439797995931,5.238967732971759,0.009197893995368855,0.009197893995368855,-1.5953737110520383,0.8585446944164998,0.0032065874432375017,-0.017433323599347725,0.022775165299514444,-0.040698603449836765,68.67176727664537,26.737620305099696,565.2281616688397,3.6465224459574737,199.05285141725815,DESCENDING,15,20,False,p01333,80.63803580727595,22.191739489759236,-0.019209184091767306,-0.00510806084517168,-0.002370646256798309,0.004651775067919028,-0.27448636277170735,-0.4575455757853071,-41.93414697154567
0.4632371670070337,0.437872273011807,0.21896433284680888,0.21481039082874878,-0.0007929754165432125,0.030174970435717346,0.18765721747491543,0.2164978480035775,-10.560701320219888,-10.94073419288388,-17.888922437105137,-19.015832596674468,5.838489147458351,7.064809008879797,0.020195300741306488,0.020195300741306488,-1.542758109796385,0.9888825373773307,0.0007588823806550082,-0.021737980583481933,0.04287151817424052,-0.05177547679547697,65.87903523248812,24.474686223001292,778.2354035257976,7.003251852262439,142.6447720931952,DESCENDING,15,20,False,p00096,81.02946780298456,22.11699999999998,-0.025364893995226734,-0.004153942018060103,0.030967945852260557,0.028840630528662065,-0.38003287266399255,-1.1269101595693307,-41.40434900948683
0.6978365013280312,0.6862546936551668,0.3135489329885686,0.34090127305544543,0.12314651960204129,0.15736401905112632,0.4014953839237894,0.4630541448416702,-9.408768291032466,-9.614061642644472,-16.14868108151838,-16.157058412356374,4.956624281155884,4.794839672989896,0.013252434932356838,0.013252434932356838,-1.5820062715427234,0.8363987813107641,0.0038734439741811657,-0.0172093973086182,0.022631241956726347,-0.04012854562329876,75.4938152947853,28.015026252927903,604.7017014774945,5.420649713220644,225.61402778999914,DESCENDING,15,20,False,p02329,80.6131829821516,22.249231404958664,-0.01158180767286443,0.027352340066876812,0.03421749944908503,0.06155876091788076,-0.20529335161200635,-0.008377330837994634,-47.478789041857404
0.786485476880519,0.7743938382785457,0.40648463989559064,0.42564621358830906,0.2561654520066343,0.2831291355988148,0.5627913880814491,0.5954078222544543,-9.202535412666473,-9.252919547861302,-15.896147232708726,-15.683770020270497,4.975659774102472,4.665899542588513,0.01340885362062394,0.01340885362062394,-1.5552847801577627,0.8480502838585692,0.002931628786764113,-0.017693933067671867,0.021779938681337516,-0.04078795055093423,81.59475321390161,30.08164787139787,780.2311433576783,12.296466654400879,192.73685894615585,DESCENDING,15,20,False,p02036,80.65667542611922,22.231983830398836,-0.012091638601973265,0.019161573692718425,0.026963683592180487,0.03261643417300519,-0.05038413519482887,0.21237721243822882,-51.51310534250374
0.5166800714104987,0.5194501682377572,0.24931396003859582,0.2684194072667271,0.01379810901744518,0.05482456195508225,0.23219921341615943,0.29280316758845387,-9.959663163787937,-10.341507875578696,-17.023946107933227,-17.768376355825673,5.426498417403767,5.949897948642265,0.009258950291104795,0.009258950291104795,-1.5885111911315386,0.8568611727170461,0.0023760792838531013,-0.017715028603402624,0.02259434717342685,-0.04113806986462025,57.56322441991054,22.65161325532367,551.5596364251151,5.088003477952839,174.06418916199047,DESCENDING,15,20,False,p00438,80.6691018386814,22.13999676607975,0.0027700968272585946,0.01910544722813126,0.04102645293763707,0.060603954172294444,-0.38184471179075885,-0.7444302478924456,-34.91161116458687
0.7080743296899473,0.6457157995598501,0.39923749475646053,0.37233234664902926,0.1734062503983366,0.13427412438932304,0.44683422118405325,0.41857147622180785,-9.392934536308635,-9.711532800830675,-16.039666096251878,-16.20112967259591,4.9749273133446055,4.8039748231273185,0.008045115531652991,0.008045115531652991,-1.5675646117700643,0.9624680588033007,0.0008268800805309803,-0.020385361213659588,0.029507025225946063,-0.04874466571258425,71.13118259350894,26.071621698759945,819.46019256735,16.494293705394444,197.24703433421195,DESCENDING,15,20,False,p04993,81.01082818414129,22.398710384477177,-0.06235853013009718,-0.026905148107431276,-0.03913212600901356,-0.0282627449622454,-0.31859826452203954,-0.1614635763440333,-45.059560894749
0.5127510679165523,0.5155797695533095,0.25070023304945577,0.2655470099943008,0.03120417908628214,0.058201320674790065,0.23998323762455565,0.28033167510246865,-8.97559816076807,-9.211543132023326,-16.398366094262265,-16.703357193940384,5.79135213547107,5.808994132465311,0.011770047526185712,0.011770047526185712,-1.6001941329255247,0.7775071384416408,0.0042317517997552765,-0.0162776213026804,0.02341940235930959,-0.03880407366221497,52.573850049833055,21.444673492660037,525.4228808336603,4.488350687913681,125.81309877304044,DESCENDING,15,20,False,p01116,80.53241130049744,22.18024110671935,0.0028287016367571916,0.014846776944845042,0.026997141588507925,0.040348437477913,-0.2359449712552557,-0.3049910996781193,-31.129176557173018
0.5315264065048155,0.5199959327955737,0.26252089316890576,0.2624928184725129,-0.02487868855797097,-0.028902905533545305,0.20390287961022174,0.20906693762286022,-9.783319816123512,-10.461647228708028,-16.754587134605107,-17.789749008888766,5.1569369652345145,5.700692108449218,0.008576241461625833,0.008576241461625833,-1.5608757751057385,0.6953778694561473,0.003482445855922093,-0.01610978918716877,0.02108830992735049,-0.03893738182048067,59.742946992489905,22.523305154433558,515.411600067172,3.581362803975973,200.56381796227117,DESCENDING,15,20,False,p03302,80.4454264125622,22.306723320158092,-0.011530473709241873,-2.8074696392876852e-05,-0.004024216975574334,0.005164058012638473,-0.6783274125845153,-1.0351618742836592,-37.21964183805635
0.5673424592153006,0.5644154758524143,0.2772625399444208,0.29176119236560943,0.052560085194306626,0.07960477630317207,0.29169685466966694,0.3301483248386934,-9.666567823487652,-9.873219065730428,-16.76779183779158,-17.04192033866169,5.325791948128116,5.509922969552885,0.01320853689104029,0.01320853689104029,-1.6086829492449706,0.7636263665806662,0.004521382657742161,-0.01616985170997846,0.023025282563420294,-0.03838014067615422,53.186356142993404,21.009577024146306,536.9923772266628,8.497082095739453,217.46547213703278,DESCENDING,15,20,False,p01612,80.50755847537309,22.208987064319064,-0.002926983362886326,0.01449865242118864,0.027044691108865447,0.03845147016902645,-0.20665124224277598,-0.2741285008701091,-32.176779118847094
0.7746665337633565,0.7384466738962442,0.36398717411411674,0.3708217379664708,0.19880109642801563,0.19002148720388987,0.5018140170794985,0.4977697087462116,-8.53059547686202,-8.743105242180441,-15.188887443413067,-15.004942461693165,4.955941565555848,4.551896351132331,0.01335984680390545,0.01335984680390545,-1.505768224836934,1.0774421311638223,-0.0001793699626189287,-0.020891222638419932,0.029577959111142322,-0.04876815996743719,69.03401814615191,24.11187450141942,832.2098124929951,7.203271364749968,153.38912107091954,DESCENDING,15,20,False,p00378,80.91763008992496,22.134247574559808,-0.03621985986711229,0.006834563852354036,-0.008779609224125767,-0.004044308333286839,-0.21250976531842092,0.18394498171990215,-44.922143644732486
0.6914156687436832,0.6698480386930941,0.327467056278825,0.34064557240440685,0.15118649282148924,0.1635822121065592,0.4400502933479796,0.4644941044358744,-8.827489588344124,-9.15369576923369,-15.71007049249186,-16.02016571733676,5.046353834389948,5.043498398631266,0.008747748604249095,0.008747748604249095,-1.6088607912724668,0.7751156720240433,0.0044595590064639545,-0.016408502975566695,0.02276669847657556,-0.03880992481996483,59.12360148534289,22.49390312572466,544.1207282733906,5.4661141686932,198.31376391910916,DESCENDING,15,20,False,p02415,80.52619809421635,22.254980596478607,-0.02156763005058915,0.013178516125581852,0.012395719285069967,0.024443811087894785,-0.3262061808895673,-0.3100952248448987,-36.62969835961823
0.5837533074209029,0.5541145766908994,0.27539400169310513,0.2664496291856346,0.07586335447484144,0.06473484067009581,0.29823274965539726,0.2916816406317354,-9.070155984390887,-10.046872107251945,-16.267159920834374,-17.165999345215795,5.638095228091357,5.565909119067082,0.013134841822201593,0.013134841822201593,-1.4532491160761518,0.8451338272072522,0.0015179459378909402,-0.01849731214392722,0.019991738776456686,-0.041969843228557256,80.48853434480887,28.416278503889576,709.8054328852855,5.806478599065292,137.65624974862655,DESCENDING,15,20,False,p03147,80.7250206952112,22.295224937118206,-0.02963873073000356,-0.008944372507470544,-0.011128513804745624,-0.00655110902366185,-0.9767161228610579,-0.8988394243814213,-52.0722558409193
0.7691737721417432,0.7448141777031834,0.4130779721206857,0.40108872307811266,0.25431774746257707,0.24063435549493042,0.5615198713245969,0.5544273010867299,-9.497389497843153,-9.470900179399345,-16.090279671250162,-15.822768137880473,4.7841527642239345,4.564361608084279,0.012257806205373978,0.012257806205373978,-1.549819549852558,0.9595997882747758,0.0005007652706371305,-0.019145924839281528,0.022003522242742945,-0.04374159000351616,72.90912209684755,26.41302967355625,713.7655527820275,12.274667847652786,210.3988565907077,DESCENDING,15,20,False,p00155,80.77472634545991,22.122749191519922,-0.02435959443855984,-0.011989249042573036,-0.013683391967646646,-0.007092570237867024,0.026489318443807974,0.2675115333696887,-46.4960924232913
0.6187227778059521,0.6146738913646345,0.31206716885370367,0.3168697398396644,0.06826603544996186,0.08507488766139829,0.32774182681898856,0.36602683011775655,-9.222288967562534,-9.444278533009394,-15.916658165717182,-16.21935170272256,4.81584837358652,4.955382225525014,0.012130186207210958,0.012130186207210958,-1.5253972093881214,0.6848028870507903,0.00314579247297776,-0.016416998534397077,0.020226286116857516,-0.0390379801758519,69.64531564538814,24.157108653872825,559.6180236811007,4.707844666125411,198.47315579206278,DESCENDING,15,20,False,p04910,80.49513206281091,22.398710384477177,-0.004048886441317623,0.004802570985960708,0.016808852211436423,0.038285003298767994,-0.22198956544685977,-0.3026935370053767,-45.48820699151531
0.6339312497749873,0.6198224100809218,0.31138254669462345,0.292119447552266,0.10850018324433103,0.09215789182585973,0.3660403427411767,0.34706378346905287,-9.035538532222425,-9.912724697520122,-15.900584252453843,-16.9411155278468,5.138050067079032,5.404250794386664,0.009514485620356616,0.009514485620356616,-1.4310828156470945,0.8318106613919116,0.0016769245479135691,-0.018093815742122377,0.01919719135519277,-0.04079099802905786,77.3448955595058,27.612239045818352,729.3963636945116,4.355994946910575,183.96724286810786,DESCENDING,15,20,False,p03944,80.70638107636793,22.34121846927775,-0.014108839694065511,-0.019263099142357465,-0.016342291418471294,-0.018976559272123827,-0.8771861652976973,-1.0405312753929579,-49.732656513687445
0.767401914335445,0.7384655959267553,0.34768945218564495,0.3492550698020507,0.1807544149394518,0.16926419155250647,0.4882508219111318,0.482294216211232,-8.602662551669216,-8.92329845084727,-15.469514023443622,-15.599234286151248,5.204305004838242,5.013916470859655,0.010450627577369476,0.010450627577369476,-1.5038752272664795,1.0827671633826499,5.786625407934394e-05,-0.021058882991151318,0.02989001967920165,-0.048859699328427125,67.97533569205297,24.562202892782484,760.5560759635553,10.166010151959131,155.41647851915903,DESCENDING,15,20,False,p00980,80.93005650248713,22.168742723679465,-0.02893631840868971,0.0015656176164057234,-0.01149022338694533,-0.0059566056998998085,-0.320635899178054,-0.12972026270762527,-43.413132799270485
0.5187167083935288,0.47379127576846214,0.2456226788464211,0.23514484526065083,0.027865925038784562,0.02072432609520669,0.23274897525083835,0.23334169326752277,-9.87582181735261,-10.521988960853236,-16.51345744587861,-17.5053994466424,4.929875505810161,5.552830794309217,0.010583986575978588,0.010583986575978588,-1.5040421766954557,1.023642565477666,0.00038981179253703757,-0.020865001035906335,0.0272286181769332,-0.04805700501519425,73.17770395985033,25.071721650564687,726.780092777734,6.872214668479563,187.6357834119811,DESCENDING,15,20,False,p02780,80.93005650248713,22.272228171038435,-0.04492543262506665,-0.010477833585770285,-0.007141598943577871,0.0005927180166844237,-0.6461671435006249,-0.9919420007637889,-48.10598230928565
0.5899689043673267,0.5772266260849306,0.30510293554810997,0.2952974159833882,0.07179842878780832,0.11188539523998979,0.313318610335148,0.35598290037562447,-10.036749727267699,-10.693252482472149,-16.82097669154055,-18.2428827224497,5.117762519200615,6.270472696256737,0.012660464209939049,0.012660464209939049,-1.4851260063464622,1.0017829153008584,-1.3261410070178837e-05,-0.020048605718945654,0.02253718361313902,-0.04602755724926698,67.77388254409512,24.32611498179501,664.982458399047,5.174949306382566,191.33119025395095,DESCENDING,15,20,False,p02267,80.84928482083298,22.24348221343872,-0.012742278282396158,-0.009805519564721754,0.040086966452181474,0.04266429004047645,-0.6565027552044498,-1.421906030909149,-43.44776756230011
0.6830101522958163,0.6865594867172874,0.31395623719065713,0.33028498541211154,0.11185333548710626,0.16295558403196164,0.39578224465879575,0.45927487381481796,-8.773364219898996,-9.445132875208888,-15.75661615402679,-16.47878219143443,5.331452124058545,5.428226240131151,0.012671592285657507,0.012671592285657507,-1.5157277040953085,0.9844267244438477,0.0006145379972596067,-0.020665532723473705,0.027363050670321073,-0.04783799131889008,69.80839333817296,23.82225040366116,675.5121910260611,3.7135408753228654,175.98846070803103,DESCENDING,15,20,False,p03683,80.9486961213304,22.32397089471792,0.0035493344214710953,0.016328748221454414,0.051102248544855386,0.06349262915602222,-0.6717686553098918,-0.7221660374076393,-45.986142934511804
0.7764173073419542,0.7410536458926713,0.36345977039710986,0.3479004713827901,0.2206674490842013,0.17556887618449996,0.537994945640841,0.4970001573343656,-8.006515369413359,-9.039373589180922,-15.344008340002155,-16.013448627539436,5.7943907287404555,5.308492840928512,0.011385628158786076,0.011385628158786076,-1.57942612712352,0.9748158281975399,0.0014349331440679364,-0.020796837750935483,0.03357800554715651,-0.04933837116218407,75.48732976578755,27.50456274740242,702.4222120739806,3.762118240403476,131.038623186844,DESCENDING,15,20,False,p04799,81.04810742182782,22.38721200143729,-0.035363661449282935,-0.015559299014319738,-0.045098572899701345,-0.04099478830647546,-1.0328582197675633,-0.6694402875372809,-47.98276701838513
0.7148399253311041,0.7378108185512431,0.31614025902640763,0.3283808852604029,0.1635530392797561,0.20312598433808918,0.4588322179789092,0.5074768647013982,-8.59572272061362,-9.085489674926622,-16.040929059557236,-16.742186933424197,5.931367435218435,6.2240098525138245,0.01124838473845613,0.01124838473845613,-1.5692574811647075,0.9783509926877857,0.0011558842828178263,-0.020442409137507212,0.03173623028340616,-0.04894809039607865,66.63280671720635,25.08758112633065,671.5621549856759,4.80970294882914,194.50660234171724,DESCENDING,15,20,False,p05299,81.04810742182782,22.415957959037005,0.02297089322013901,0.012240626233995244,0.03957294505833309,0.04864464672248897,-0.48976695431300143,-0.701257873866961,-41.5452255908757
0.5498604112399497,0.5444526482139231,0.2684044507797208,0.2720462538506087,-0.011757193626615873,-0.0009125545567848569,0.22531767816472378,0.2588809212917045,-9.9884259018098,-10.753902418660978,-16.72208811080858,-17.620159689289572,4.977692425378175,5.341397320910813,0.012197338345780628,0.012197338345780628,-1.4829007215524677,0.8158564714755712,0.00269557307619107,-0.017684454415534,0.020272369775712312,-0.04029799725418577,76.82505596631194,27.219482323677028,683.7198687902494,5.3491530056841485,164.32236434825265,DESCENDING,15,20,False,p03737,80.66288863240031,22.329720086237863,-0.005407763026026524,0.0036418030708879057,0.010844639069831016,0.033563243126980696,-0.7654765168511783,-0.898071578480991,-49.60557364263491
0.657772530891324,0.6494485750045313,0.31276067367001065,0.326980259718171,0.1160719198998499,0.13237812061463608,0.3897904764748604,0.4162273620615105,-8.54932887183739,-9.058379750535263,-15.786993665075366,-16.295858231207117,5.519473972366896,5.495245989707699,0.008786338020144724,0.008786338020144724,-1.6109440663253343,0.7687763932484304,0.0044910565157973235,-0.016384915252980886,0.02265145470610117,-0.03876512599218628,58.962117688965336,22.355819261270213,508.9021131462311,4.085402640025095,186.3233347008053,DESCENDING,15,20,False,p02514,80.51998488793527,22.26072978799855,-0.008323955886792689,0.01421958604816037,0.01630620071478618,0.026436885586650083,-0.509050878697872,-0.5088645661317504,-36.60629842769512
0.7573899456582013,0.7378653975525135,0.35076924954822114,0.34277303797408515,0.19081758902884366,0.1744956876996325,0.49876528150911603,0.4894872107633874,-8.775529321752245,-9.179750275136922,-15.512082950730962,-15.69652813917657,4.974944375190856,4.773991036011296,0.011436162572716069,0.011436162572716069,-1.5560680161467728,0.8404230088084746,0.00321292630607205,-0.017558060774029813,0.02191061101516421,-0.04054846899357186,82.66998100280763,30.27316701172912,659.4565904309347,6.438183461726142,195.2741446478998,DESCENDING,15,20,False,p02334,80.64424901355704,22.249231404958664,-0.019524548105687822,-0.007996211574135992,-0.016321901329211158,-0.009278070745728617,-0.40422095338467656,-0.18444518844560776,-52.39681399107851
0.6682406688453271,0.6769034315932652,0.29912085919887543,0.3209542919528074,0.11269868105364023,0.13576742954942211,0.3937524125567602,0.4313546072504957,-8.824079759213628,-9.612641249121063,-15.930684215688132,-16.619639751278385,5.477149632661696,5.360841637985943,0.012587512308585569,0.012587512308585569,-1.5444048043075016,0.9999340984784705,0.0011074783448093656,-0.021065339279655388,0.03033455410355624,-0.04843668549863347,75.44119682695573,25.61774491718962,686.7478672455287,5.429693059253395,211.27082583771096,DESCENDING,15,20,False,p03689,80.98597535901693,22.32397089471792,0.008662762747938091,0.02183343275393196,0.023068748495781888,0.03760219469373549,-0.7885614899074351,-0.688955535590253,-49.82345190976611
0.7491867091375985,0.7015317082851931,0.3590896689842336,0.35540134338579693,0.17558146894920534,0.1804087038767936,0.47846999624607744,0.4917876138230111,-9.16834957848662,-9.421976544227132,-15.72771867281094,-15.976387045112096,4.797518895969485,4.8180048038089645,0.013039108408119948,0.013039108408119948,-1.57217991223289,0.8695383076305836,0.002152105755631949,-0.018012507879084705,0.021827077627309954,-0.04146592030136351,76.59539949446778,28.11550669329818,610.4139214368043,5.092305352798049,209.24493373031117,DESCENDING,15,20,False,p01141,80.68774145752467,22.18024110671935,-0.04765500085240548,-0.0036883255984366814,0.00482723492758827,0.013317617576933671,-0.25362696574051213,-0.24866837230115557,-48.479892801169605
0.5809548956982558,0.55370236751519,0.26429843645318996,0.2593743256723428,0.06542029676608052,0.07257779860798082,0.2865001386627215,0.30602428099623225,-9.256780008561933,-9.852272494377225,-16.502341298500376,-17.07506105043483,5.699292263649891,5.681139654896447,0.008824275635126222,0.008824275635126222,-1.5541029696509097,1.0153372575437123,0.0016659224171801403,-0.021718751168540662,0.03527498523881535,-0.04932517293170077,76.1074254128874,25.621790639435815,732.2278868889641,5.230339880004503,137.4565056539433,DESCENDING,15,20,False,p02893,81.01082818414129,22.277977362558378,-0.027252528183065783,-0.004924110780847146,0.007157501841900296,0.01952414233351074,-0.5954924858152921,-0.5727197519344536,-50.48563477345158
0.6421951120602754,0.6020768476731919,0.29039580110033547,0.28545450502593644,0.04825199907359944,0.03696969601431165,0.3066459091120549,0.293395123142925,-9.300028600148975,-9.475083734278499,-15.57894705908209,-15.921985717732698,4.537313511510697,4.775369836180601,0.010201120551719844,0.010201120551719844,-1.502651122770894,1.0743080835099077,-0.00029940709583032877,-0.02057439805250487,0.026517210481119,-0.047583356058855324,72.85344567973866,25.34664413460858,804.6156373298973,5.422956759803523,195.20275384491495,DESCENDING,15,20,False,p00474,80.8927772648006,22.13999676607975,-0.040118264387083435,-0.004941296074399026,-0.01128230305928779,-0.01325078596912993,-0.1750551341295239,-0.3430386586506078,-47.506801545130074
0.7097645333398712,0.7178590145007678,0.33540231570759005,0.3458541531724514,0.12543193853040843,0.1408546830676308,0.4101296326239576,0.43433501039579203,-9.062481552225533,-9.350725483155372,-15.503270002691236,-15.624724406973396,4.683248118507847,4.490781762973232,0.010472511943398488,0.010472511943398488,-1.5228881826397171,1.0156567241502361,-6.0813382555796776e-05,-0.019898466063260654,0.023502125713172083,-0.04556495928430762,76.59736388524372,27.00167813366406,809.2751169776675,6.156601084006473,219.63223509893766,DESCENDING,15,20,False,p00464,80.83064520198971,22.13999676607975,0.008094481160896616,0.010451837464861335,0.015422744537222366,0.024205377771834458,-0.28824393092983946,-0.1214544042821597,-49.595685751579666
0.7473022616525542,0.7197825207381541,0.34701424366250105,0.3405854830427332,0.20693942209161273,0.2022004143949906,0.5220104605441137,0.5241503084117591,-8.630156460864226,-8.860200004931965,-15.522323890275114,-15.90667032990491,5.1541497925830235,5.334166415715215,0.009287412728851918,0.009287412728851918,-1.5953737110520383,0.8585446944164998,0.0032065874432375017,-0.017433323599347725,0.022775165299514444,-0.040698603449836765,66.36401007946927,25.97939955643369,563.1560116832715,3.5706477813787827,174.42024566878717,DESCENDING,15,20,False,p01233,80.63803580727595,22.185990298239293,-0.027519740914400126,-0.0064287606197678815,-0.004739007696622138,0.002139847867645428,-0.23004354406773864,-0.3843464396297964,-40.384610523035576
0.7239766041706419,0.6974149000238014,0.3417933637007894,0.35330785007585697,0.15015583098652596,0.16022122517777107,0.4402157134874088,0.46631859570207834,-8.697024363744873,-8.997192753337613,-15.336302627022858,-15.46536015523829,4.895327363195107,4.676444108828925,0.009108072655570232,0.009108072655570232,-1.5865060265580846,0.8574572278696818,0.0032908399590330885,-0.017466737803261637,0.022519992372803502,-0.04064162037831489,73.52302870584796,28.06960663063217,625.0756238648829,5.503180330754395,159.48177810492294,DESCENDING,15,20,False,p01733,80.63803580727595,22.214736255839007,-0.02656170414684056,0.011514486375067579,0.010065394191245108,0.026102882214669554,-0.3001683895927396,-0.12905752821543182,-45.4534220752158
0.746435492206966,0.7125153018048757,0.3683441462322013,0.3777236899747071,0.21581045620142303,0.21536951408558033,0.5117719589594496,0.5130061962167451,-9.487137541371482,-9.763809240128275,-16.157117478830287,-16.143488628745253,4.944478121427948,4.591713401535326,0.010376636238893067,0.010376636238893067,-1.4967923220919148,1.0597657490843135,-0.00013781715737907373,-0.020365462050526088,0.023877008014567148,-0.04659312433155335,71.75473317716414,25.99963180325803,792.7700436203259,11.018341461844285,236.13998744507222,DESCENDING,15,20,False,p01370,80.86792443967624,22.191739489759236,-0.03392019040209038,0.009379543742505825,-0.00044094211584269627,0.0012342372572955451,-0.2766716987567932,0.013628850085034117,-45.755101373906115
0.5618270211171736,0.5280077965345242,0.2707116914832708,0.2664772570758741,0.007891303605490807,-0.024809776726618476,0.2418743969491998,0.2033533798459574,-9.090209480309106,-9.718151067537406,-16.16135170098642,-17.075887935895413,5.270855051437095,5.669889392898414,0.013114989811585764,0.013114989811585764,-1.5767970516803549,0.7372624769072458,0.0040618774011483985,-0.0158291382146179,0.022686025656151115,-0.03803376626380325,54.32204240255982,21.866935082595717,520.0974520304508,3.101014224762449,202.72269317899804,DESCENDING,15,20,False,p01206,80.47027923768655,22.185990298239293,-0.03381922458264941,-0.004234434407396681,-0.032701080332109285,-0.038521017103242405,-0.6279415872282996,-0.9145362349089936,-32.45510731996411
0.7063556167788965,0.6825852448668958,0.32048006681958013,0.3160009061147027,0.14065934022262944,0.1313052787769917,0.43542951800322244,0.4291221350941826,-8.437774375647097,-8.954318737395608,-15.446585263475624,-15.96721728327535,5.35666251888529,5.3660399401240175,0.013386227621376312,0.013386227621376312,-1.503141741030617,1.0821270913319772,-0.00013849308478843138,-0.020913915985336786,0.029109999619277717,-0.048644058440267764,69.50986270625586,24.687545476709467,739.395694224272,5.962458567516932,136.15634657571545,DESCENDING,15,20,False,p00678,80.91763008992496,22.151495149119636,-0.02377037191200071,-0.004479160704877416,-0.009354061445637746,-0.006307382909039816,-0.5165443617485117,-0.5206320197997254,-44.82231722954639
0.710763504534501,0.6558588852947455,0.35332671349604666,0.32357768914849744,0.1353946073571782,0.08818720123956011,0.4205882113115984,0.3812811955444389,-9.55395013916059,-9.903112683038852,-16.07320139977629,-16.09848767185079,4.786810362949532,4.444401274881859,0.012618083771235855,0.012618083771235855,-1.5446351694391969,0.9833244068822076,0.0009149099619490956,-0.02074795551591835,0.029246219149564708,-0.04829191203250747,75.79120264784262,26.304500832827422,785.9936367851383,8.603706013078162,197.22245671255214,DESCENDING,15,20,False,p04189,80.98597535901693,22.352716852317634,-0.05490461923975554,-0.029749024347549224,-0.04720740611761809,-0.0393070157671595,-0.34916254387826307,-0.025286272074499294,-49.4867018150152
0.7762660853185596,0.7335053143264462,0.345389807102411,0.3475464569974437,0.19655845376807357,0.18076406333394937,0.5025276349189495,0.49430351526379435,-8.149330295206868,-8.454217097078073,-14.763182262267833,-14.836255592586056,4.882869371311299,4.627043979093343,0.012869126673167197,0.012869126673167197,-1.5243983039361122,1.0522566015908628,0.0007588939359928924,-0.02169051478929267,0.03782379097731419,-0.050876125611018515,62.16465735152432,22.82820289450694,800.0228399832544,7.015030753872409,147.4275512832898,DESCENDING,15,20,False,p00791,80.99840177157911,22.15724434063958,-0.042760770992113395,0.0021566498950326696,-0.0157943904341242,-0.008224119655155127,-0.30488680187120565,-0.07307333031822338,-39.33645445701738
0.6280691188697035,0.6572702605523015,0.2860785056828917,0.31307492840132284,0.0649686622165003,0.11106925634938215,0.3455211499555384,0.40012403697727533,-8.628701996336877,-9.138067044403934,-15.752983579657316,-16.422169042142595,5.321217254861778,5.547256267971467,0.008822499663776684,0.008822499663776684,-1.5978619892295176,0.7609735876352272,0.004331485579962423,-0.016521932143147497,0.02205503028568916,-0.03898767665220086,65.2384114544141,23.905009035650444,503.00874696175003,2.6618907509274665,199.13317129333507,DESCENDING,15,20,False,p03515,80.52619809421635,22.318221703197977,0.02920114168259802,0.026996422718431112,0.04610059413288185,0.054602887021736934,-0.5093650480670568,-0.6691854624852791,-41.33340241876366
0.7332935409565137,0.6959852705367822,0.3312914533531648,0.3093397494998376,0.18501434598915323,0.15306070730244256,0.4899292013751261,0.4659529334143004,-9.079577257979631,-9.620581839842535,-15.976162420143458,-16.44644174167344,5.204651646542163,5.046543913076396,0.011492785329090704,0.011492785329090704,-1.521305570165736,0.8165373727250654,0.003287009510704935,-0.017578938297702597,0.02128850749524368,-0.04028889916058857,77.85553081496788,27.642903336860837,610.5533946421442,4.436073570571766,203.52848460615763,DESCENDING,15,20,False,p03234,80.64424901355704,22.30097412863815,-0.037308270419731504,-0.021951703853327176,-0.03195363868671067,-0.023976267960825692,-0.5410045818629037,-0.470279321529981,-50.21262747810704
0.7715847202995132,0.7460345833551079,0.3620774751948906,0.37058462952377885,0.23576703570468238,0.23787147850431076,0.5382864547431391,0.5464884098447061,-8.573310334928085,-8.753390231031078,-15.471085075671466,-15.375796233788744,5.256614631576306,4.918637682909073,0.013000766045698775,0.013000766045698775,-1.5452027708431915,1.027152871829316,0.0014132620353178589,-0.021595098569670686,0.03359917260549888,-0.049107997842107114,75.41487588664712,25.43602168745102,789.2120158014261,11.606651632920709,156.25927614112524,DESCENDING,15,20,False,p02791,80.99840177157911,22.272228171038435,-0.025550136944405333,0.008507154328888267,0.0021044427996283754,0.008201955101567071,-0.1800798961029937,0.0952888418827218,-49.97885419919611
0.7050478153797656,0.7268833845286043,0.3211339258855686,0.37107424739166933,0.1193608191583208,0.2151610845608716,0.4095711434250346,0.520953856477823,-8.084789442160254,-8.384260281586846,-14.662406401787804,-15.037912391003532,4.796836672129887,4.906438692826421,0.013434925264711794,0.013434925264711794,-1.507459546650399,1.029150624640045,-7.597182277334561e-05,-0.020074179222249498,0.02324138434579662,-0.045952259027593624,74.37021438302516,26.510844267448874,801.3596375367225,7.056594862435253,138.89655227620213,DESCENDING,15,20,False,p01166,80.84307161455189,22.18024110671935,0.021835569148838774,0.04994032150610073,0.09580026540255081,0.1113827130527884,-0.2994708394265917,-0.3755059892157284,-47.85937011557628
0.6717082013116031,0.6603576245678346,0.3155574792736978,0.33359325547974467,0.09728818608441121,0.13016049897810733,0.3712185807418906,0.4179444725678371,-9.384110238318712,-9.923383210825417,-15.821919482031257,-16.541413169002965,4.659032216102103,4.953446598859049,0.010687960257694695,0.010687960257694695,-1.5291696255233682,0.9740565743766808,0.0002257825313024268,-0.019419157542698847,0.021562757323573736,-0.04443706740465397,79.43138385189178,28.138167810004596,795.1738911169282,6.700215332644906,192.44392946054765,DESCENDING,15,20,False,p00858,80.79336596430318,22.162993532159522,-0.011350576743768492,0.01803577620604685,0.03287231289369612,0.0467258918259465,-0.5392729725067049,-0.7194936869717079,-51.293216041887185
0.6319437489356704,0.6036445774311471,0.29508127080938373,0.29590924617929015,0.0700696445580488,0.0770370843860215,0.33611719676615487,0.33592372758217265,-9.060527046788573,-9.796151634126877,-15.521577421678224,-16.422843035121815,4.658003959657778,4.883025853623934,0.012546340859420857,0.012546340859420857,-1.5092993019938759,1.0352940955124068,-0.00010778975358919213,-0.020130156501776113,0.0237981805806061,-0.04614226114128448,76.23310193101021,26.892972746287302,810.0774440966194,5.665348310288782,154.9044458499795,DESCENDING,15,20,False,p00867,80.84928482083298,22.162993532159522,-0.028299171504523324,0.0008279753699064196,0.006967439827972696,-0.00019346918398222002,-0.7356245873383038,-0.9012656134435915,-49.34012918472291
0.5355084254960734,0.5448012094105122,0.2662820616600507,0.2650842697788534,-0.02604935161971939,-0.012657873989251243,0.20883832264051105,0.23293303218819653,-9.382763902682536,-9.716469450408919,-16.375024462799686,-17.28950526415977,5.177312855475033,5.965027965451564,0.013525024661166452,0.013525024661166452,-1.5576134055818136,0.6953519254822196,0.003489056756753123,-0.01622842486779844,0.021051675529381066,-0.03888568906620444,63.09144782454428,23.10004137075731,480.3084118874576,2.9559217417028445,172.70689117555355,DESCENDING,15,20,False,p03805,80.46406603140547,22.335469277757806,0.009292783914438885,-0.0011977918811972854,0.013391477630468145,0.024094709547685472,-0.3337055477263835,-0.9144808013600851,-39.99140645378697
0.6254200715200513,0.6327026296223368,0.29913414768819824,0.31530517655227125,0.08475152349949633,0.10081236535759817,0.3537815825028917,0.38359060200930534,-8.442559899743832,-8.693902981985802,-15.497294447200593,-15.944945882715983,5.240519155008672,5.487116774006085,0.015386388757587466,0.015386388757587466,-1.5398424323561202,0.7207114691189926,0.003439203258792972,-0.01554864009402751,0.02225680825864388,-0.037705965166511826,54.39709012003712,22.947531858717443,558.2361698364982,4.412484446287851,181.89883174339843,DESCENDING,15,20,False,p00700,80.43300000000002,22.15724434063958,0.007282558102285508,0.01617102886407301,0.016060841858101846,0.029809019506413625,-0.25134308224197,-0.44765143551538955,-31.449558261319677
0.755633907647613,0.7335082412116396,0.3434340963714031,0.33977185861334847,0.18773181914251333,0.19868365303400642,0.5036761809117741,0.5196831814428953,-8.464111967792205,-8.858848182749222,-15.277853558973522,-15.56747870242233,5.103378575198956,4.995669224282989,0.013518492922395153,0.013518492922395153,-1.494755016109338,1.0613662066635223,0.00011707824890189553,-0.020866684836330952,0.026671413837070498,-0.04800748038462597,72.50510710161826,25.695281065360284,694.7063294582638,4.547960987942741,205.08363269780043,DESCENDING,15,20,False,p02178,80.91763008992496,22.23773302191878,-0.022125666435973357,-0.0036622377580546317,0.010951833891493096,0.01600700053112114,-0.3947362149570175,-0.2896251434488075,-46.80982603625798
0.5536654698646687,0.5402293666839828,0.2489297946195149,0.25497069357004953,0.007574543481278455,0.01641426987481473,0.25715344263117734,0.26693011262012767,-9.943956115191064,-10.551039671571317,-16.510287325044068,-17.258684987801274,4.788788906478176,4.99251943161608,0.010201120551719844,0.010201120551719844,-1.502651122770894,1.0743080835099077,-0.00029940709583032877,-0.02057439805250487,0.026517210481119,-0.047583356058855324,72.51015360902889,25.090373578686727,776.3313744485624,8.034643437602568,154.1697904740553,DESCENDING,15,20,False,p00374,80.8927772648006,22.134247574559808,-0.013436103180685888,0.00604089895053464,0.008839726393536276,0.009776669988950326,-0.6070835563802532,-0.7483976627572062,-47.41978003034217
0.615732916746647,0.6228711679279587,0.2921688086009104,0.3060866969035154,0.04753602797258057,0.09434670688159057,0.3021682998740723,0.36772573997684005,-9.053940326433857,-9.54959337310277,-16.20754181332933,-16.806772757354874,5.498054154073475,5.6453711830839435,0.010208526477943125,0.010208526477943125,-1.4772239838895533,0.9838521710189146,1.0282827520948046e-05,-0.020034960571088275,0.022530689791988728,-0.04615066144142995,66.63013047806537,23.738923145906774,661.7017115892176,4.476317683755895,162.0808206030552,DESCENDING,15,20,False,p02668,80.85549802711407,22.266478979518492,0.007138251181311728,0.013917888302605042,0.046810678909009994,0.06555744010276776,-0.4956530466689131,-0.5992309440255461,-42.891207332158594
0.6882980647251185,0.7191735068649807,0.3170929539057618,0.3358726588042127,0.14508025019263585,0.1726464892532908,0.4418129222329631,0.483521765599816,-8.542879577469213,-8.770463255686543,-15.83397415338442,-16.139223782702928,5.529948428165541,5.646281773779871,0.008411361726226363,0.008411361726226363,-1.5010347417848076,0.7796490184902974,0.0032962985463751426,-0.01699961443661991,0.020154488807874935,-0.039771013457741436,66.87665051646817,23.984025348257106,554.2204787704375,4.748412404945256,196.55383353965365,DESCENDING,15,20,False,p04627,80.60075656958942,22.38146280991735,0.030875442139862264,0.018779704898450877,0.027566239060654946,0.04170884336685293,-0.2275836782173304,-0.3052496293185083,-42.89262516821107
0.6446398131449917,0.6536289719847836,0.30685062152060455,0.31240969098606186,0.0922551369468175,0.10666948232725616,0.3567108072314121,0.3892493906847855,-8.420096843245856,-8.65667326689116,-15.179746012362047,-15.710828317860432,4.898989208883014,5.285073360466179,0.00849026916286022,0.00849026916286022,-1.5123994321219112,0.7044427270289544,0.0030387778789187146,-0.016546072826442586,0.019862549900685363,-0.03927068267715107,67.31605448004318,23.5316772413036,496.80797942866354,3.703491502270081,155.41513921812853,DESCENDING,15,20,False,p05214,80.51998488793527,22.415957959037005,0.0089891588397919,0.005559069465457311,0.014414345380438662,0.032538583453373404,-0.23657642364530318,-0.5310823054983853,-43.78437723873958
0.5726349651048288,0.5612580888508447,0.2969626435570675,0.29143770407896447,0.009323967497337809,0.00319256050886009,0.24474398647912393,0.2580032277178939,-8.216685764410522,-9.046302600832378,-15.543261268212683,-16.33342237432118,5.553915867416451,5.601880320307564,0.008008523096150078,0.008008523096150078,-1.4729450208533237,0.6226357814792952,0.001993768806883735,-0.016508409927917946,0.01937477054073049,-0.0388770409746473,63.289602969925085,21.06117680535712,489.99983224023134,2.511068150408614,170.02506810247706,DESCENDING,15,20,False,p05602,80.4454264125622,22.438954725116776,-0.011376876253984092,-0.005524939478103008,-0.006131406988477719,0.013259241238769981,-0.8296168364218559,-0.7901611061084974,-42.22842616456796
0.5973411872540849,0.5634408904781452,0.28651986677839236,0.2848689808589539,0.03368020881264667,0.04694764418817728,0.26756497197754886,0.29487866260845697,-7.767029832136857,-8.478609787483085,-14.947134036565568,-15.579794988119207,5.569288881542598,5.467691484473954,0.012752737563626493,0.012752737563626493,-1.4828957728208545,0.9561450291330137,8.744658061224257e-05,-0.020104421568754503,0.02392557164347242,-0.0469882619460232,68.1050919090776,23.817847301099945,728.7567889490214,10.711622552820687,81.25405098606629,DESCENDING,15,20,False,p03877,80.91141688364387,22.335469277757806,-0.03390029677593975,-0.0016508859194384606,0.013267435375530615,0.027313690630908105,-0.7115799553462283,-0.632660951553639,-44.287244607977655
0.7183611744485899,0.7246398103328812,0.3420009148040415,0.36249305688986555,0.19131144611497533,0.21003850853934924,0.48387779345091997,0.5178135106751889,-8.972841579299558,-9.088426398845941,-15.801432827640891,-15.918700997020112,4.965451456760503,5.0223608953101255,0.01189938616795605,0.01189938616795605,-1.519181549312203,0.7388431600469048,0.003348126567966164,-0.016697862453449966,0.020224699189582036,-0.03933473796923614,68.37167986545546,24.44164391507207,571.6486542641603,9.639680028129382,214.90105964710384,DESCENDING,15,20,False,p04719,80.55105091934071,22.38721200143729,0.006278635884291228,0.02049214208582406,0.018727062424373914,0.03393571722426891,-0.11558481954638289,-0.11726816937922102,-43.93003595038339
0.6950645489297559,0.7682594219990573,0.2941846852627927,0.3617526054774342,0.12489783238381241,0.27690375511180365,0.41474732770610045,0.5773031764732446,-7.730660024819259,-8.21969844825128,-15.09770252104144,-16.04434194291278,5.770438083354265,6.4870804763968355,0.012160554973852489,0.012160554973852489,-1.5529168701623448,0.98027823889982,0.0017908698752215181,-0.022092831371290478,0.04285769626350275,-0.05114699199857971,74.12287776067377,26.580747710841973,804.7912443861537,7.257852541623054,100.45112595358073,DESCENDING,15,20,False,p01299,81.04810742182782,22.185990298239293,0.07319487306930139,0.06756792021464153,0.15200592272799124,0.16255584876714413,-0.48903842343202175,-0.9466394218713408,-47.5421300498318
0.739874970514403,0.7320954052710382,0.3515569763401319,0.37065579651290975,0.19074206272242558,0.23873815686006764,0.48425973356718605,0.5479741955610908,-10.020294267297698,-10.162778170504735,-16.72899728542218,-16.777370318493205,5.021649024339983,4.915685226769598,0.011184124639006088,0.011184124639006088,-1.578710157891593,0.9760531656840217,0.0018979543549876882,-0.021372613632309,0.03579906661313229,-0.04938395860520396,84.05904407893144,29.326234042372338,811.5247575415957,14.68557562383569,238.85375740567514,DESCENDING,15,20,False,p03998,81.04189421554673,22.34121846927775,-0.007779565243364761,0.019098820172777864,0.047996094137642054,0.06371446199390479,-0.14248390320703663,-0.04837303307102303,-54.7328100365591
0.7796178888904861,0.7457591343714259,0.37467959624711566,0.3698282310055768,0.2366884053650339,0.23494937650267864,0.5482297038381105,0.5498578232811238,-7.5160450723117,-7.662475315444382,-14.254904721734365,-14.037779298041018,4.93135548863864,4.588696926234448,0.013005972845829716,0.013005972845829716,-1.5435872819953995,0.9062785621271728,0.0014115193818352528,-0.018601086803138527,0.02124753445861134,-0.04268600525067011,84.32410277738605,29.45202144355709,771.3628265462925,9.571031822256366,113.29550038417202,DESCENDING,15,20,False,p01547,80.7250206952112,22.20323787279912,-0.033858754519060175,-0.004851365241538841,-0.001739028862355274,0.0016281194430132206,-0.1464302431326825,0.21712542369334642,-54.87208133382896
0.7524616906156791,0.7339192331135812,0.341726260729201,0.3529091169392513,0.1893195957023552,0.19960261402261856,0.4891972591362162,0.5107351110620457,-7.837491930156036,-8.221200018775722,-15.009773734207016,-15.328015299659024,5.562127229088669,5.464366751080611,0.013046394314709775,0.013046394314709775,-1.5565947760485424,0.9965435778573357,0.0019010612473155779,-0.021966487973526717,0.039600474657197106,-0.05028918171212653,75.49171779840042,25.628669117224938,767.1285350974614,8.196862877653837,110.56901991082779,DESCENDING,15,20,False,p02297,81.03568100926564,22.24348221343872,-0.01854245750209793,0.01118285621005033,0.010283018320263348,0.02153785192582952,-0.3837080886196862,-0.31824156545200744,-49.86304868117548
0.5693222329742715,0.5562416972061137,0.28891397390827267,0.2684241189456431,0.016668987454693935,-0.00891426862335099,0.2605451162210146,0.24185951211396928,-8.852529235559413,-9.307657508348736,-15.735415152042972,-16.558048433779852,5.048318813452033,5.521909549576056,0.008930448309411365,0.008930448309411365,-1.4919530374281726,0.7003896730347203,0.002667213822154619,-0.016578657631331463,0.019354174758620515,-0.039591701252267616,65.24540790328143,22.80495523057715,478.86435316109856,3.8958602949400074,155.23341961047475,DESCENDING,15,20,False,p05615,80.52619809421635,22.438954725116776,-0.01308053576815782,-0.02048985496262956,-0.025583256078044923,-0.01868560410704534,-0.4551282727893238,-0.8226332817368807,-42.44045267270428
0.5420964574471694,0.5238033544624747,0.2677373099666522,0.2547521563518216,0.027599739762405043,0.00032156511482786337,0.2616251090023062,0.22934301096674925,-8.850367634576928,-9.504362747640965,-15.788313768104631,-17.050151735863803,5.13206635860103,5.986684923519112,0.008457838924112338,0.008457838924112338,-1.4848903899609605,0.6903201429301704,0.002483647056857153,-0.016564834692625686,0.01913782192064371,-0.03966220589148248,64.68945844968161,22.499789919792413,477.70182698375976,4.206831816838286,133.46848113501477,DESCENDING,15,20,False,p05714,80.51998488793527,22.44470391663672,-0.018293102984694665,-0.012985153614830602,-0.02727817464757718,-0.03228209803555693,-0.6539951130640365,-1.2618379677591722,-42.1896685298892
0.6987613987451053,0.6749495144394094,0.3292290069343532,0.32960731891398376,0.15307890995319998,0.1491169637137007,0.44981092699452846,0.4499374718283343,-8.697988766803217,-9.098985084439152,-15.647004181259648,-15.888510404802929,5.154789695692238,4.990056460946146,0.013352409036437418,0.013352409036437418,-1.59597738593879,0.8173710080993557,0.004246935037094797,-0.01685638647446533,0.02288138847610787,-0.039596863458988885,68.12045344966421,25.63445202524091,568.9410023362246,4.578255512529197,169.01136109066468,DESCENDING,15,20,False,p02324,80.58211695074615,22.249231404958664,-0.02381188430569592,0.0003783119796305634,-0.0039619462394992755,0.0001265448338058639,-0.4009963176359346,-0.241506223543281,-42.4860014244233
0.7416186986768516,0.6969310968543668,0.36894688697800015,0.360115176328253,0.18030315706710934,0.17860624909900305,0.475690459728388,0.4892785115643053,-8.772922954019283,-8.870244136148745,-15.329873743557805,-15.257714481944067,4.811277054271873,4.587443207795624,0.013450545929547753,0.013450545929547753,-1.545835159563673,0.8419569564211726,0.002950481072940739,-0.01769636637164499,0.021623585642045588,-0.040714450621237755,84.36571234665684,30.523865110567737,708.7615131710515,10.758601380700586,158.55961570766905,DESCENDING,15,20,False,p02436,80.65667542611922,22.254980596478607,-0.04468760182248477,-0.008831710649747138,-0.001696907968106287,0.01358805183591727,-0.09732118212946261,0.07215926161373787,-53.841847236089095
0.7488202314740909,0.7188988393602262,0.3508142139034059,0.3624119454297605,0.20808420831367067,0.21514750433612892,0.5196162129159791,0.527544311024784,-8.727275230114868,-9.242497712579649,-15.758064859598436,-15.909664453219932,5.366809456854117,4.941611705621616,0.01273910014060664,0.01273910014060664,-1.4917645418149246,1.070016745282962,-0.00013926800695059346,-0.020449380938221726,0.023728025716619167,-0.04669840111206254,70.74614637731071,25.730823895196703,722.330449882368,6.401069090792697,213.02003745018655,DESCENDING,15,20,False,p01571,80.87413764595733,22.20323787279912,-0.029921392113864687,0.011597731526354627,0.007063296022458254,0.007928098108804904,-0.5152224824647806,-0.151599593621496,-45.015322482114
0.7979297345978246,0.7553166058297304,0.37820448986126237,0.3830571513700718,0.2547965247478743,0.24967700650946367,0.567436512994691,0.5626388454481037,-7.3240277996199605,-7.708228888723442,-14.14812383005175,-14.133912815006969,5.060820945539034,4.66558194656251,0.009356375960304586,0.009356375960304586,-1.4908873762681276,1.0941433628039263,-0.00018075867308010139,-0.020743255479293947,0.025553973555452976,-0.047561176107562414,70.02547294162487,25.642496108356188,763.300284950737,8.931265696438919,96.6381850086934,DESCENDING,15,20,False,p01375,80.89899047108169,22.191739489759236,-0.0426131287680942,0.004852661508809419,-0.005119518238410614,-0.004797667546587281,-0.38420108910348105,0.01421101504478095,-44.382976833268685
0.7166579793553486,0.656171981422332,0.32985993214970766,0.30827782834436657,0.1283795391324963,0.09028217473358906,0.4248420360768746,0.38448819313367466,-9.296087955700575,-9.85718812157744,-15.896521805441004,-16.15779198288218,4.871255694099256,4.578746109539033,0.00978749385382982,0.00978749385382982,-1.5182646084950648,1.0645418958463084,0.0005348732650108114,-0.021517419163402073,0.03565560950973201,-0.05041403601232759,63.639401897433906,23.246530470726043,811.2523370469977,4.976197336406708,182.78196632091178,DESCENDING,15,20,False,p00888,80.97976215273584,22.162993532159522,-0.060485997933016566,-0.02158210380534109,-0.03809736439890725,-0.040353842943199936,-0.5611001658768657,-0.2612701774411761,-40.39287142670786
0.7791840498279566,0.7770113092171099,0.38817158845371297,0.4018754740522763,0.25269859031327196,0.2662875181694997,0.5534001950450942,0.5768666591767118,-6.6542278296902815,-6.81255481607571,-13.40583836907513,-13.491832027995361,4.996659313786334,4.879784943747963,0.008747270252220662,0.008747270252220662,-1.4664403579787928,0.8437438266840839,0.001718181378138128,-0.018381554003708327,0.02012787350359584,-0.04164381096520515,84.29147856544968,29.7121916845904,794.423066464049,13.562976885547464,102.56368071662803,DESCENDING,15,20,False,p03045,80.71259428264902,22.289475745598264,-0.002172740610846713,0.013703885598563337,0.013588927856227728,0.02346646413161757,-0.1583269863854282,-0.08599365892023059,-54.57928688085928
0.70153241001982,0.6695463348040617,0.34022990354662835,0.3545636944386526,0.1566421831134366,0.16135841105310583,0.433735504686652,0.4585419498262925,-5.266472809395834,-5.389628407311785,-12.453944915314038,-12.574309639010476,5.3913105935012595,5.369591164792404,0.023377599473265787,0.023377599473265787,-1.5247414362663283,0.7232146042544781,0.0032368835038293553,-0.015357480972118188,0.022761730472459316,-0.03732441338694579,55.35089802065796,24.467804725521333,687.9761654733495,20.758623427142464,133.7938316198944,DESCENDING,15,20,False,p00000,80.43300000000002,22.11699999999998,-0.03198607521575836,0.014333790892024245,0.004716227939669221,0.024806445139640476,-0.1231555979159511,-0.12036472369643825,-30.883093295136625
0.5518981963518187,0.5283907591880337,0.2424650499352124,0.24180865364329313,0.030284990488079845,0.03183950619728654,0.2519635622547488,0.26308539893703814,-8.721643821830964,-9.48262200715965,-15.80558993453001,-16.73509226427665,5.527295657644581,5.806419501740639,0.008942577498657234,0.008942577498657234,-1.506189595236635,1.0358887227914377,0.00044197983493784944,-0.020973167314014794,0.028020070040262097,-0.048229548312881,73.87660215805917,25.471291259910075,747.1898370549184,8.524948702474353,103.36630858982096,DESCENDING,15,20,False,p02581,80.93626970876822,22.26072978799855,-0.023507437163785005,-0.0006563962919192701,0.0015545157092066927,0.011121836682289332,-0.7609781853286854,-0.9295023297466383,-48.4053108981491
0.6181218022936182,0.6014549170426359,0.326617357862444,0.3084518169031357,0.09422693865420777,0.08016298382123563,0.32889499471753436,0.33016084528338097,-9.602435190118294,-10.393307762817795,-16.085590628015233,-16.918268596386756,4.747371220009827,4.8017016389837295,0.012275418066250321,0.012275418066250321,-1.4179955546052727,0.8087238670222684,0.0019431319271686748,-0.01722894552222683,0.01816289852200474,-0.03979870924376682,63.99315486772217,23.21994659261112,624.0991620000153,5.769865552528773,196.6802498821685,DESCENDING,15,20,False,p05437,80.66288863240031,22.42745634207689,-0.016666885250982366,-0.01816554095930828,-0.01406395483297214,0.0012658505658466046,-0.7908725726995005,-0.8326779683715237,-40.773208275111045
0.6435993409349611,0.6103765153669335,0.347925134674741,0.3277899801690777,0.09062675079859521,0.07940110543747618,0.3634847439435158,0.36405594026047233,-10.512154872618563,-10.760572447559797,-16.60629282330258,-16.981211118611448,4.308495043476411,4.476853830119459,0.009289090942972367,0.009289090942972367,-1.476404783626693,0.8171590701845711,0.002568605597674742,-0.017744683902979234,0.020133060673925646,-0.040347721983006124,77.5896355581066,27.497285805663015,700.7425217111613,6.904583467352847,219.7401656481183,DESCENDING,15,20,False,p03738,80.6691018386814,22.329720086237863,-0.03322282556802758,-0.020135154505663333,-0.01122564536111903,0.0005711963169565126,-0.24841757494123407,-0.37491829530886633,-50.09234975244358
0.7364849541989394,0.7028463006478706,0.3445764231672375,0.3407100689802232,0.1770158100550113,0.15276882890781873,0.47644126752784344,0.45563438195568473,-9.450810753509824,-9.757042588646515,-16.225755931754563,-16.302056798554215,5.090347994784856,4.759093787549075,0.009372711441624881,0.009372711441624881,-1.5286976835641122,1.041527524349511,0.0011980248512673541,-0.021884515238783517,0.03838099929084491,-0.050591819162868756,68.38659274992168,24.827163237540336,818.1658704437236,9.342920017604923,210.32130596567032,DESCENDING,15,20,False,p01293,81.01082818414129,22.185990298239293,-0.033638653551068876,-0.0038663541870143092,-0.024246981147192564,-0.020806885572158706,-0.30623183513669083,-0.07630086679965231,-43.55942951238134
0.6181715747583818,0.6583316456522711,0.2864909138945209,0.31074388504302697,0.08057495977445511,0.11701258357761798,0.34711387844524483,0.3976610137549956,-8.74978217954163,-9.00464971465973,-15.680493316951411,-16.303285685771897,5.075732573312267,5.59197245832732,0.008411361726226363,0.008411361726226363,-1.5051564250355713,0.7813388696360783,0.003359621887866307,-0.017008981477714454,0.020255247142079214,-0.03972652967925035,67.28102588392285,24.11392278823679,545.8351000047963,4.89462324332102,185.99266951252642,DESCENDING,15,20,False,p04527,80.60075656958942,22.375713618397405,0.04016007089388929,0.024252971148506053,0.03643762380316287,0.050547135309750746,-0.2548675351181,-0.6227923688204857,-43.16710309568606
0.7512299373438626,0.6749331671077866,0.35853146062592417,0.31482029499280373,0.2391810004300069,0.14911208007670357,0.5413282727081679,0.46114716687682866,-8.498653172859072,-9.10400653887991,-15.781462302015617,-16.04208793836174,5.650758885085466,5.255557370782467,0.011693497687163434,0.011693497687163434,-1.6034614378669558,0.8045123289461382,0.003719923824356965,-0.016675618075114813,0.023861178357203555,-0.03984380772034746,50.24582424991206,20.954674101093584,565.2978581206215,3.031918834044608,201.82120138497456,DESCENDING,15,20,False,p00425,80.58833015702724,22.13999676607975,-0.07629677023607595,-0.04371116563312044,-0.09006892035330333,-0.0801811058313392,-0.6053533660208377,-0.2606256363461217,-29.291150148818478
0.7850542811555827,0.7626421309459798,0.37666102025105136,0.38003098144950637,0.2369254708105961,0.24092268834325178,0.5464193589751303,0.5499182710229862,-8.688417601931304,-9.058734826779885,-15.696200413729784,-15.862252996707523,5.3753547410899865,5.117157572769566,0.009193351804539729,0.009193351804539729,-1.5320691341630215,1.0404696777716034,0.0013682235708683853,-0.02189075079249948,0.03740867904539976,-0.050191508960770605,70.64642448721955,25.334821405262442,856.8384438327938,9.446625460749754,165.23771468121748,DESCENDING,15,20,False,p01693,81.01082818414129,22.208987064319064,-0.022412150209602966,0.003369961198455007,0.003997217532655695,0.0034989120478559066,-0.37031722484858065,-0.1660525829777395,-45.3116030819571
0.7076763427681967,0.7065005020735303,0.32831146221562146,0.3346803613281652,0.16051256973794567,0.18367447397319658,0.44899647957816924,0.48448170958772585,-8.615930656747977,-9.199797604613469,-16.0230784043081,-16.402037897819376,5.85660430089916,5.614500772244663,0.013088376575645433,0.013088376575645433,-1.5550946898345173,0.9931942927137557,0.0012027542878551125,-0.021047624008361764,0.03105340258128853,-0.04862050550711788,78.304225959482,26.996229113888567,722.4528914256482,4.407269733160662,198.13786432602677,DESCENDING,15,20,False,p03991,80.99840177157911,22.34121846927775,-0.0011758406946663635,0.0063688991125437355,0.023161904235250913,0.03548523000955661,-0.5838669478654914,-0.37895949351127456,-51.30799684559343
0.7260664117771674,0.7014304961022255,0.3637896105056418,0.36339160737905096,0.15042813216139278,0.14542550032116117,0.44322456234348373,0.442564616972188,-9.387653316000256,-9.63692644880041,-15.83000237822683,-15.818356447100443,4.65397778548366,4.397570810938933,0.009428914062695526,0.009428914062695526,-1.4567688149837235,0.8320200709994008,0.0018555322179318093,-0.018300399222376453,0.01997300455147376,-0.041328026929539526,85.8853405981116,30.246206383887536,848.2364392545787,7.3123570343117565,198.3894905222744,DESCENDING,15,20,False,p03244,80.70638107636793,22.30097412863815,-0.024635915674941833,-0.00039800312659082904,-0.005002631840231614,-0.0006599453712957115,-0.24927313280015362,0.011645931126386344,-55.63913421422406
0.5718052544194763,0.5469458127548317,0.2963601910551102,0.28423970439139307,0.015526538523627616,0.0013433477854937256,0.24991613862323497,0.24820031733989903,-8.75067546318155,-9.312221773922147,-15.52149912293616,-16.03222217622075,4.949942435983758,4.893270763811753,0.011491421075258357,0.011491421075258357,-1.4696322594415698,0.6172092189791372,0.0019176817946222906,-0.016510355319917663,0.019356676504137135,-0.03882315935793809,62.90743872066484,20.910763339839715,488.18583936474414,2.48456597804726,174.59214079151275,DESCENDING,15,20,False,p05601,80.43921320628111,22.438954725116776,-0.0248594416646446,-0.012120486663717123,-0.01418319073813389,-0.0017158212833359443,-0.5615463107405976,-0.5107230532845897,-41.996675380825124
0.6610413521265195,0.6464763644999395,0.3074874529915208,0.32007780960342064,0.1058873124541319,0.11217060075012954,0.3909668353354917,0.3991548784287249,-8.63631151846752,-8.998640819604736,-15.27752220821174,-15.769572438896363,4.7968873992885985,4.926589494390063,0.013315324705650333,0.013315324705650333,-1.604655062550857,0.7892023573184135,0.004390916803116506,-0.016557568503626125,0.022808811071135613,-0.03907345184844266,61.077007124023744,23.224026243399532,539.4058066064142,6.158130048788291,156.90677437415025,DESCENDING,15,20,False,p02418,80.54483771305962,22.254980596478607,-0.014564987626579984,0.012590356611899833,0.006283288295997641,0.008188043093233177,-0.3623293011372155,-0.4920502306846224,-37.852980880624216
0.6112780935224805,0.58264398076479,0.2828607699831286,0.28532009389220375,0.06256602361849302,0.05793741223817318,0.33056707116705575,0.3262771285380317,-8.801089084669806,-9.478277371235722,-16.07448122556814,-16.79296079537203,5.563856322764461,5.609125926330713,0.012025554306942854,0.012025554306942854,-1.6176028125300648,0.7462532285218964,0.004467912008044793,-0.016265791142229764,0.02225581565479368,-0.03878686363106429,59.05677919031385,22.176342471686947,492.8671471548773,3.4792306826042885,118.65951028813207,DESCENDING,15,20,False,p03110,80.49513206281091,22.295224937118206,-0.028634112757690566,0.0024593239090751617,-0.004628611380319836,-0.004289942629024046,-0.6771882865659151,-0.7184795698038897,-36.880436718626896
0.6706085264249952,0.6370592309432941,0.2990230544612853,0.3075237658950067,0.10730661782247489,0.12739651837102622,0.3570715468547707,0.3934951496308895,-9.609844968757312,-9.8147823984884,-16.386111805623177,-16.544094960429565,5.121906840534868,5.00174155552499,0.01086074294646211,0.01086074294646211,-1.548240879812436,0.9730382468770782,0.0010457583767311254,-0.02184634512878309,0.04348392325601174,-0.05158037836649583,69.34372505003013,25.718626402979694,851.5234823552022,10.218800297883568,205.41665265332583,DESCENDING,15,20,False,p00298,81.04189421554673,22.128498383039865,-0.03354929548170116,0.008500711433721386,0.020089900548551337,0.03642360277611878,-0.20493742973108908,-0.15798315480638792,-43.625098647050436
0.5546594724269914,0.5125627700358857,0.25639487610551925,0.2331988052962871,-0.0190793062404946,-0.01935537788595413,0.22811386472101963,0.1853888931653931,-9.753366263518535,-10.807393825302716,-15.957819068812626,-17.562845646939714,4.4434852074234055,5.128922556763193,0.010023380110052216,0.010023380110052216,-1.5147654559485852,1.0393327509176449,-0.00015649736576452348,-0.0201707593614715,0.02472046175379235,-0.04637809926201326,75.30522349196481,26.21966034527783,833.3951872604906,5.4358274562844215,139.20620390944526,DESCENDING,15,20,False,p00468,80.85549802711407,22.13999676607975,-0.042096702391105745,-0.023196070809232167,-0.00027607164545952884,-0.042724971555626545,-1.0540275617841814,-1.605026578127088,-49.08556314668698
0.712277684942492,0.6985654263477314,0.33825879845220996,0.3439295874496604,0.15748821293975723,0.1659045069504686,0.45432773136062193,0.4675603943542347,-9.15637939576723,-9.666636426904399,-15.926092194430435,-16.152909511199105,5.071616765699338,4.759463825567604,0.010689691889557262,0.010689691889557262,-1.511639344490638,1.0730434985575206,0.0006885143232214191,-0.021457092857395214,0.03217930548781999,-0.04926284969324519,70.27524639004109,25.31990751531486,829.6384904030025,9.094985878531366,194.34989238880829,DESCENDING,15,20,False,p01786,80.96733574017367,22.214736255839007,-0.013712258594760551,0.005670788997450438,0.008416294010711367,0.013232662993612754,-0.5102570311371686,-0.22681731676867045,-44.95533887472623
0.738636895055907,0.7215883016961616,0.35028106883602855,0.3821933885136639,0.1786245433591405,0.2436233492187323,0.4760516078330805,0.5486354230668049,-8.266799261454274,-8.408059832841897,-14.780355770816913,-15.199262635190625,4.808186809842535,5.064259261374858,0.009393746335024211,0.009393746335024211,-1.5128691459621486,1.0075686294631532,-1.6048367479088093e-05,-0.019865165930730903,0.02248771763089367,-0.04543113693730588,74.9961632155325,26.650328588616595,784.6049518107012,6.448752841727766,105.21316960712112,DESCENDING,15,20,False,p01163,80.82443199570862,22.18024110671935,-0.0170485933597454,0.03191231967763536,0.06499880585959181,0.07258381523372442,-0.1412605713876225,-0.41890686437371194,-48.34583462691591
0.5582480931252927,0.5578036223445355,0.2755126116598802,0.2831676554406537,0.03028272223988974,0.040633487130394476,0.27752717237919255,0.29229963364828726,-9.209088703324392,-10.07470889667935,-16.378594829124573,-17.477773231611774,5.43899634290304,5.7705014605526,0.013480139330517393,0.013480139330517393,-1.5954291064460029,0.7369083372243328,0.004178553585235622,-0.016352150919957016,0.0217738658340212,-0.038846509192179225,64.21671407603782,23.528142634700966,487.52610075715694,3.392842579933315,181.7000711584432,DESCENDING,15,20,False,p03611,80.501345269092,22.32397089471792,-0.00044447078075715574,0.007655043780773474,0.010350764890504734,0.014772461269094705,-0.8656201933549585,-1.0991784024872011,-40.68857144133685
0.6941470220517394,0.6803373178744311,0.31303580548644644,0.32106740443035,0.14177284303664028,0.1492189503292672,0.4318000343353585,0.4436357620782696,-8.59155295506131,-9.424321731469933,-15.975432318568828,-16.65617687877319,5.827085337104422,5.711574999017555,0.009963679058946462,0.009963679058946462,-1.539634539132559,0.9974088949054827,0.0010255073425801393,-0.020998900053733796,0.02983933655769513,-0.04833585902137323,74.46439603960853,25.44419330996542,686.1628739144419,4.499179800578964,196.50598263107102,DESCENDING,15,20,False,p03788,80.97976215273584,22.329720086237863,-0.013809704177308313,0.00803159894390354,0.00744610729262693,0.011835727742911084,-0.8327687764086225,-0.6807445602043636,-49.02020272964311
0.528332470069947,0.5067890292698081,0.26138045722652087,0.2530652168955504,-0.01498299278985869,-0.021605897278190702,0.20326251147139943,0.1989373248492773,-9.304790696831255,-9.968396809450951,-16.29425745573408,-17.32783031917605,5.203756646963673,5.690141883373315,0.008494600302823452,0.008494600302823452,-1.5961786447620987,0.727615099829443,0.004116213936612745,-0.016231872123287222,0.021797818820132146,-0.03884641944109919,62.06745029346505,22.960817872987136,485.9070066852188,4.254550107155419,180.9753622493042,DESCENDING,15,20,False,p03508,80.48270565024873,22.318221703197977,-0.021543440800138924,-0.008315240330970475,-0.006622904488332013,-0.0043251866221221125,-0.6636061126196964,-1.0335728634419716,-39.106632420477915
0.5232757343286044,0.5189226239164922,0.2583441002377527,0.2532746621286015,-0.0025635206657571717,-0.0007586665029375413,0.23723823558821416,0.2468885530495868,-9.943377660986306,-10.673390892802376,-16.857449113317294,-17.920976343917797,5.153639582559214,5.546689153951059,0.013491350655197576,0.013491350655197576,-1.5357209790875574,0.7361916465924375,0.0035176604783620355,-0.016627661114316312,0.02058023474688791,-0.0392226256526331,69.3485300859106,24.833209138029886,552.7694600967114,3.2245773888023006,153.76764576589545,DESCENDING,15,20,False,p04417,80.53862450677853,22.369964426877463,-0.004353110412112171,-0.005069438109151225,0.0018048541628196304,0.009650317461372626,-0.7300132318160699,-1.0635272306005028,-44.51532094788071
0.7353786215316447,0.7186235598892345,0.32923164719214787,0.326597183353844,0.14180079234620677,0.1454015789077312,0.4389989651117164,0.44700480342444554,-7.932837939306324,-8.435036503774205,-14.798938261005938,-15.187054513990006,5.155216757546155,5.027972018535418,0.009574934086134967,0.009574934086134967,-1.5092245822028214,1.0466227832892236,-0.00016298039207323446,-0.02025008832802417,0.024670103215383998,-0.04653421584642494,76.36520995406339,26.734150070778647,786.3598216501367,6.009750006003701,144.32825020212456,DESCENDING,15,20,False,p00669,80.86171123339516,22.151495149119636,-0.01675506164241014,-0.0026344638383038466,0.0036007865615244328,0.008005838312729163,-0.5021985644678804,-0.3881162529840676,-49.63105988328474
0.7868728965634961,0.7581305370381395,0.3895412717226493,0.39366381378114734,0.24141693870840605,0.2582378240360208,0.5485917597280916,0.575156587937733,-9.211906120396002,-9.316234531851075,-15.77633450963386,-15.662493014637516,4.811368957280998,4.5465377515056,0.0112031196196688,0.0112031196196688,-1.5685123916852088,0.8700604928788657,0.002356678546841771,-0.017982496368366463,0.021689918805880073,-0.04140612508425899,82.10133332845061,29.95784764856151,661.2074072296095,9.24047493319251,200.66216216216213,DESCENDING,15,20,False,p01540,80.68152825124358,22.20323787279912,-0.028742359525356642,0.0041225420584980466,0.01682088532761475,0.026564828209641456,-0.10432841145507332,0.1138414949963451,-52.143485679889096
0.5803281757378757,0.5691801771094632,0.25912983946439144,0.2551774673333285,0.01681172832433043,0.02265973550218223,0.2663123610653377,0.24456832400776038,-9.524194019728222,-10.16968826040409,-16.110522850691826,-17.106721704156758,4.8847149067080595,5.480857175562267,0.012571442626887364,0.012571442626887364,-1.504694149123928,1.0683747087921454,-0.00027528407223135153,-0.020506066017113845,0.026212427632455734,-0.04737925276599848,72.8396270855879,25.22069615518653,793.1482522297476,6.608781284527064,115.50446750252192,DESCENDING,15,20,False,p00373,80.88656405851951,22.134247574559808,-0.011147998628412426,-0.00395237213106292,0.0058480071778518015,-0.021744037057577298,-0.6454942406758679,-0.9961988534649322,-47.618930930401376
0.6901286922507055,0.6639910428072642,0.32287577969948056,0.3332559905491074,0.12615232716941463,0.12786868253615113,0.4133608906792063,0.42602961307191994,-8.929040987903017,-8.950789130484909,-15.723260079641593,-15.60872833295922,4.966155524215831,4.77246746279023,0.008787841510018324,0.008787841510018324,-1.6018341191275096,0.7986800218105878,0.004343952353192859,-0.01665736568542112,0.022834542378382706,-0.03924803701684823,63.40447729923688,24.001396682961612,575.4713028873072,9.473054466927934,189.46412860913378,DESCENDING,15,20,False,p02420,80.5572641256218,22.254980596478607,-0.026137649443441324,0.010380210849626814,0.001716355366736505,0.01266872239271366,-0.021748142581891727,0.11453174668237232,-39.40308061627527
0.7598234021935659,0.7183458767759446,0.3909842668373036,0.37971303282809926,0.2248093251687984,0.21518958785673925,0.5215757790500501,0.5245698088453407,-9.364098061283926,-9.459814845721016,-15.986517739120186,-15.782491710328495,4.823527727010281,4.501250614006619,0.013381786148994212,0.013381786148994212,-1.5649211450840939,0.872820475213025,0.0020549839350582095,-0.018116044131961787,0.02156322555285186,-0.04160792107214828,80.4681232373282,29.152880309164907,703.4527428896201,13.311079625049024,199.27578588410452,DESCENDING,15,20,False,p01242,80.69395466380575,22.185990298239293,-0.041477525417621286,-0.011271234009204323,-0.009619737312059146,0.0029940297952905093,-0.09571678443709075,0.20402602879169152,-51.31524292816329
0.6155680430297283,0.6233119424821251,0.30588305094322443,0.2996004334158255,0.06411195207527413,0.06256894279122928,0.3356341580349488,0.3433003668582278,-8.418256117258862,-8.616780873729068,-15.227635775533502,-15.77306954344899,4.933698070993218,5.391871154638343,0.008501145168306357,0.008501145168306357,-1.4941071269031159,0.6949585731461793,0.0026689515911017246,-0.016557973519023387,0.01938013782791917,-0.03953158279644096,65.3390791774774,22.756154881462574,495.5751523817895,4.343995398589218,128.10020051286565,DESCENDING,15,20,False,p05614,80.51998488793527,22.438954725116776,0.00774389945239673,-0.006282617527398948,-0.001543009284044855,0.007666208823279008,-0.1985247564702064,-0.5454337679154886,-42.58292429601482
0.7724910174843925,0.7083612804736507,0.36692289856795096,0.34612520361451693,0.2389194264273161,0.19346602325147114,0.5544791668603904,0.5138228244531967,-8.318019857703637,-9.15777465126307,-15.839147482155814,-16.15861554144166,5.954178191723916,5.343503098867102,0.013142080559331082,0.013142080559331082,-1.557645136083355,0.9574973424466832,0.000659274998957367,-0.020251064969514027,0.028173961573082648,-0.04838733787320724,68.772207245557,25.299789733695295,685.8829344308142,4.254117553042714,166.90718823670437,DESCENDING,15,20,False,p05091,80.99840177157911,22.40445957599712,-0.06412973701074187,-0.02079769495343403,-0.04545340317584495,-0.040656342407193735,-0.8397547935594325,-0.3194680592858443,-43.47241751186171
0.6993334275608389,0.692208386234546,0.3267086649163561,0.33951676860821145,0.15270753573104207,0.18863850557102324,0.4203615323553423,0.47041548177871206,-7.6174690018709255,-7.923273767915242,-14.524288164613514,-14.973083435606968,5.204134742818353,5.390060336648307,0.012836520736113743,0.012836520736113743,-1.4643947146645147,0.8935512324883385,-6.998964743896476e-05,-0.019317159268136395,0.021721546801456135,-0.04579405300252332,62.89646882828467,23.523586876188254,709.8764466662373,9.031545361023591,105.15015591847222,DESCENDING,15,20,False,p04977,80.91141688364387,22.398710384477177,-0.007125041326292991,0.012808103691855366,0.035930969839981175,0.05005394942336977,-0.30580476604431617,-0.44879527099345395,-39.372881952096414
0.5417677266561649,0.5037438926134761,0.2526108552821066,0.24861787409749006,0.039200827869189096,0.051263058114443164,0.2506468566904706,0.26862701998012145,-10.105451931201442,-10.765752780515028,-17.401436770173838,-18.33635961202776,5.8192514307950205,6.356299803109709,0.011109739164290588,0.011109739164290588,-1.57976907123974,0.9779871557271523,0.0023061177382940495,-0.02183589702328026,0.03789965951376609,-0.04949129542143454,80.147196946732,26.854093669647497,727.9406682861696,7.660121623578244,157.4401856529224,DESCENDING,15,20,False,p03198,81.04189421554673,22.295224937118206,-0.03802383404268883,-0.003992981184616523,0.012062230245254067,0.017980163289650852,-0.660300849313586,-0.9349228418539219,-53.2931032770845
0.7133975665058564,0.6975286180803505,0.33808981691153894,0.3514490507722569,0.15575565128931462,0.17704079216455057,0.43777774896942906,0.4770353495226084,-9.44096393200735,-9.414867239489379,-16.11790200500882,-16.001700031969268,4.932026355018573,4.816851347742217,0.013162803734843798,0.013162803734843798,-1.5781876117844675,0.8593034192916645,0.0030258040046514585,-0.017615123994512434,0.022233995344481266,-0.04083649226261351,76.48936106320384,28.9452951241846,646.824501456421,11.143033193559743,214.57610991965694,DESCENDING,15,20,False,p01735,80.65046221983813,22.214736255839007,-0.015868948425505902,0.013359233860717967,0.021285140875235947,0.03925760055317934,0.026096692517970865,0.11620197303955138,-47.54406593901925
0.5224292972126848,0.46696521583309364,0.24209586329107396,0.22770632193756607,-0.02988512022370072,-0.050852605987612515,0.19263727214663467,0.16976128122942624,-10.153354012621216,-11.743739331194545,-16.587241190958927,-18.699909828602774,4.637401000997058,5.323526794267468,0.009346687075523441,0.009346687075523441,-1.430841088198175,0.8119927633186877,0.002126131952042924,-0.017500479237170203,0.018740983729722507,-0.03981391015659458,65.85177750396032,23.83968188640845,683.8419159953968,3.118686868686866,179.82244917529724,DESCENDING,15,20,False,p04838,80.6691018386814,22.392961192957234,-0.05546408137959119,-0.014389541353507895,-0.020967485763911796,-0.022875990917208433,-1.590385318573329,-2.1126686376438464,-42.01209561755187
0.6863245060753409,0.6325350841973599,0.3322460701049923,0.32002899987907424,0.17341638765935022,0.13562332676132574,0.45494454112582505,0.42750200948433814,-8.6100894504203,-8.888318379417415,-16.026513563663492,-16.1199778829414,5.724924389212709,5.478333832124988,0.011593081287856077,0.011593081287856077,-1.5997706945214927,0.7879976101976119,0.00406306378390173,-0.016405821893406565,0.023577948053339664,-0.039151757634031836,50.48206874140858,21.15889500875543,544.7181322042635,6.027440595015784,186.5635585034453,DESCENDING,15,20,False,p00719,80.55105091934071,22.15724434063958,-0.05378942187798097,-0.012217070225918059,-0.03779306089802448,-0.02744253164148691,-0.27822892899711427,-0.09346431927790633,-29.323173732653153
0.6746049462143902,0.6704194155780641,0.317155111057178,0.33008065338971415,0.10699069466401727,0.14785584381805109,0.3889695167220478,0.44483197210613895,-9.228331581985206,-9.487405756366716,-15.664881605365654,-15.88860255086238,4.698350967422224,4.623974942470059,0.012809878345103387,0.012809878345103387,-1.4962267839401646,1.0108612272224822,-1.9650168636334836e-05,-0.019991331825828376,0.022334627895875196,-0.04576424057793711,71.42348578166003,25.631016045672464,751.0911439470758,7.686657974793564,216.6389090089654,DESCENDING,15,20,False,p01665,80.8368584082708,22.208987064319064,-0.004185530636326096,0.012925542332536177,0.04086514915403382,0.055862455384091125,-0.25907417438151015,-0.2237209454967264,-45.79246973598757
0.6883005657246184,0.6732305275545112,0.3234835313148595,0.34039824364600696,0.15216999907173026,0.1868912779852879,0.4489889764149543,0.48704322883474055,-9.002150652791899,-9.345812512616678,-15.782857731567965,-16.202610725176058,5.072190865130915,5.169862540859664,0.013285305307704665,0.013285305307704665,-1.6143755604125685,0.8370221135594746,0.004181560749379064,-0.016785744931668685,0.02345037007276152,-0.03968443566541437,60.48132078739146,23.80549748288212,554.849501780784,3.857393253031333,186.23912121333382,DESCENDING,15,20,False,p01424,80.58211695074615,22.19748868127918,-0.015070038170107214,0.01691471233114744,0.03472127891355764,0.03805425241978627,-0.34366185982477937,-0.4197529936080926,-36.675823304509336
0.7640571304384132,0.7290294903611344,0.40801773307328604,0.40099799059979085,0.21487076031833358,0.20367991293972906,0.5149390796500019,0.5136605065334057,-9.747242842427275,-9.907597102795764,-16.343718378405203,-16.25601192754681,4.864649153683798,4.6043371945167735,0.012631748537405563,0.012631748537405563,-1.5446631746808126,0.9666685714356403,0.0007195230847988088,-0.02042840740751573,0.028137002456454913,-0.048141839293269734,73.17977310097925,25.922100437286236,761.7459836629005,13.977180811100279,214.01918250555514,DESCENDING,15,20,False,p04489,80.98597535901693,22.369964426877463,-0.035027640077278765,-0.007019742473495183,-0.011190847378604513,-0.0012785731165961822,-0.16035426036848932,0.0877064508583949,-47.257672663693015
0.7265230372396416,0.6925943165206291,0.3380746666709314,0.33919541446372803,0.16595499368938813,0.1558068353738507,0.46622958382216,0.46112135869474286,-8.562705862977317,-8.7764638113494,-15.362171390985981,-15.586096684032105,4.92711183138216,4.987952128326177,0.011692233499446036,0.011692233499446036,-1.5989393416820028,0.8082021815512872,0.004296079384250662,-0.016758210496449422,0.022860237178962756,-0.039424977620675705,65.57881259613664,24.806283557066955,566.9278126199928,3.5444211570459507,179.03005407653905,DESCENDING,15,20,False,p02322,80.56969053818398,22.249231404958664,-0.03392872071901254,0.0011207477927966392,-0.01014815831553742,-0.005108225127417154,-0.2137579483720824,-0.22392529304612374,-40.77252903906969
0.6462346455922847,0.6074245754778933,0.29557177808615187,0.2858987399716545,0.09940021658014,0.07445264223195601,0.3583882089826668,0.3333640308572836,-9.10210946896626,-10.019709128115355,-16.361589405242423,-17.023810316385777,5.706504144456676,5.486172530953487,0.01305602502835923,0.01305602502835923,-1.5540911536056503,1.0074674901457237,0.001419726584376248,-0.021364115664583624,0.03221076923207302,-0.04871759724946522,76.62918591347055,25.725757490109356,682.6752400714179,5.163980440412426,178.5589119979411,DESCENDING,15,20,False,p03491,80.99840177157911,22.312472511678035,-0.038810070114391415,-0.009673038114497379,-0.024947574348183996,-0.025024178125383212,-0.9175996591490954,-0.6622209111433541,-50.90342842336119
0.6711546058400202,0.6613133556209124,0.29587987789396064,0.2963255661656518,0.09933147076363583,0.10406205476319143,0.3963813309204579,0.4095744240100058,-9.022230049003667,-9.422399434820568,-15.780949293132732,-16.33551178897286,5.026824397328252,5.278792496416336,0.009760674345188014,0.009760674345188014,-1.5200934595903415,1.060277608347876,0.0004460207146267788,-0.021481656653097404,0.0362586365295227,-0.05064966649830722,62.00864682729327,22.652342938199993,735.2328092729861,10.66659995837402,187.9392340820672,DESCENDING,15,20,False,p00688,80.97976215273584,22.151495149119636,-0.009841250219107756,0.0004456882716911692,0.0047305839995556015,0.013193093089547914,-0.4001693858169002,-0.554562495840127,-39.356303889093276
0.761499603311156,0.7200696428071848,0.35092661013503296,0.3448690919221496,0.20345686008185507,0.18285616081876416,0.5028507059290975,0.48848097104909066,-7.356797508865164,-7.829471598966069,-14.581130908429817,-14.708790899315893,5.589877046285091,5.224727252357796,0.01145262936201863,0.01145262936201863,-1.5805412679986137,0.9739296392168019,0.0017153439051454105,-0.021104989633622548,0.03502190317349171,-0.049411636752028636,82.06108801236672,29.1773855434077,751.72646671193,9.541417712185126,113.59026881662139,DESCENDING,15,20,False,p04399,81.04810742182782,22.36421523535752,-0.041429960503971186,-0.0060575182128833616,-0.02060069926309091,-0.014369734880006868,-0.472674090100905,-0.1276599908860767,-52.88370246895903
0.6539148425127765,0.6126267090685457,0.297542495620445,0.27307009459285925,0.08503176476343961,0.03138939264055942,0.3548286466692845,0.29860916538667004,-9.377170289432732,-9.858794182819993,-15.552245131174455,-16.152101075752306,4.429253702999649,4.558420615768786,0.009547978963284853,0.009547978963284853,-1.5317872957190866,1.0293599527141812,0.0008640487175350338,-0.021763005429752052,0.03997308166206425,-0.051247287095690326,63.22113521886548,23.325673750749115,787.1835770834831,5.7207399758251025,206.24230926250576,DESCENDING,15,20,False,p00593,81.01082818414129,22.145745957599694,-0.04128813344423088,-0.024472401027585744,-0.05364237212288019,-0.05621948128261445,-0.48162389338726186,-0.5998559445778504,-39.895461468116366
0.6984336736362221,0.7105582141940008,0.3277375489091037,0.3390574070363318,0.16555164847520779,0.20022064965033864,0.4610298583442635,0.507901302754497,-8.145591570873357,-8.631390622215488,-15.486167541410884,-16.055680125247996,5.820336520293406,5.91126719909486,0.012810379037762498,0.012810379037762498,-1.4718326034784979,0.918579771619541,-6.458410919707058e-06,-0.019632869585024828,0.02260686168592079,-0.04627322978512781,64.81604880432324,23.54766032551935,664.8833952763454,4.936506414099021,162.9624745234384,DESCENDING,15,20,False,p04577,80.91141688364387,22.375713618397405,0.012124540557778674,0.011319858127228077,0.03466900117513086,0.04687144441023344,-0.48579905134213064,-0.5695125838371116,-41.2683884788039
0.6156392694037408,0.6010655528066435,0.293967576509977,0.28621300984389153,0.04356735642546271,0.034033120914157604,0.3060679329268225,0.2962210728842612,-8.678414940880202,-9.558518655827381,-15.470146841233367,-16.30726731430257,5.07887220050273,4.995790808537293,0.01213018620721118,0.01213018620721118,-1.4629030770998535,0.7883510620180861,0.0027376093038748656,-0.017154212990195487,0.01920523675418207,-0.039756537651310375,64.90004283624845,23.392417428919874,608.9687222803823,3.3398675052142863,141.8673613719365,DESCENDING,15,20,False,p05031,80.62560939471378,22.40445957599712,-0.014573716597097275,-0.007754566666085483,-0.009534235511305104,-0.0098468600425613,-0.8801037149471789,-0.8371204730692039,-41.507625407328575
0.7724695245002562,0.7438385774146944,0.39895491804426525,0.39461365060689096,0.237962711576817,0.24732235191524868,0.5469660394097388,0.5635601409012422,-9.458193547070142,-9.458730724302036,-16.182325784324842,-16.037288365053364,4.9626610457907985,4.793254652523966,0.01100515358873888,0.01100515358873888,-1.555240066160802,0.901122947424001,0.0014683435476311887,-0.01848990244736039,0.021540478826813755,-0.0424369064615903,79.2192827688917,28.31384553368333,667.8973533389144,8.823958400412128,217.23534999034064,DESCENDING,15,20,False,p01046,80.71880748893011,22.174491915199408,-0.028630947085561798,-0.0043412674373742854,0.009359640338431674,0.01659410149150342,-0.0005371772318945034,0.14503741927147829,-50.90543723520837
0.627462824533275,0.6345616344311987,0.2898676083501511,0.2967891685901735,0.0454078320938168,0.09375966419422835,0.3165812170684606,0.37095512735286257,-9.511909152428025,-9.899541122615632,-16.281069223395967,-17.063259943313554,5.061624405978049,5.563861946610264,0.010244569017292537,0.010244569017292537,-1.4891618299344545,1.0608927277705482,-3.469449560906749e-05,-0.02072728416890515,0.0254297898568073,-0.04770176990628598,71.66372991328055,25.640279588847672,667.8353815627339,5.401628982446029,194.0535659993919,DESCENDING,15,20,False,p02076,80.90520367736278,22.231983830398836,0.007098809897923775,0.00692156024002244,0.04835183210041155,0.05437391028440197,-0.3876319701876074,-0.7821907199175868,-46.02345032443287
0.7794521448846553,0.7565394558149613,0.3526764756334192,0.3598968038550597,0.2188816339605216,0.22187428183777516,0.5272124786949518,0.5344125825902364,-8.419714303686783,-8.805329534637206,-15.22141288464348,-15.456793350480662,5.110906856958543,4.868315658854534,0.010253154784976792,0.010253154784976792,-1.495639587805981,1.0819529591580503,-0.00023570431713446077,-0.020614374472022193,0.025583826328933423,-0.047417075989141966,72.21957581620237,25.81222076938577,793.3591128825711,6.176639134332179,165.66461774875145,DESCENDING,15,20,False,p00974,80.8927772648006,22.168742723679465,-0.022912689069694014,0.007220328221640482,0.0029926478772535625,0.007200103895284582,-0.3856152309504228,-0.2353804658371832,-46.40735504681659
0.7853246655590169,0.7566163231400739,0.39791160101124456,0.39906624149177916,0.239752912110024,0.2480283277649937,0.5456829334526366,0.5645645646291855,-9.035298963905005,-8.883772650299816,-15.345805507449464,-15.181700239676305,4.545824675345326,4.512961524749925,0.0091550151005525,0.0091550151005525,-1.5658797234708737,0.8620007158953299,0.0026330812493731023,-0.01783496524316697,0.021810132872788702,-0.04112454991038191,80.73410013015958,29.791328272971942,704.078592173586,13.300135214062255,187.36775024602574,DESCENDING,15,20,False,p01738,80.6691018386814,22.214736255839007,-0.028708342418943045,0.0011546404805345967,0.008275415654969698,0.01888163117654884,0.15152631360518853,0.16410526777315937,-50.94277185718764
0.7002821238371445,0.6949669144789604,0.32101887781204874,0.3262271521576954,0.14216407516951363,0.18177793700435513,0.43178594240297835,0.4801961372995545,-8.59495739434541,-9.18038801457062,-15.720264405036424,-16.335349717458637,5.4793686192937185,5.493697258978559,0.013546458644372539,0.013546458644372539,-1.480379357360161,0.9832488588319767,1.8607051953489406e-05,-0.01994255577376713,0.022212471355186753,-0.04585496888851684,65.98931351187024,23.636449167608685,678.463160168657,3.9688527606871102,162.6293934569195,DESCENDING,15,20,False,p02466,80.84307161455189,22.254980596478607,-0.005315209358184081,0.005208274345646635,0.0396138618348415,0.048410194896576164,-0.5854306202252086,-0.6150853124222131,-42.35286434426155
0.794521219898891,0.7558177299201396,0.3629455126464282,0.3629649902309646,0.2440174010844423,0.2348359877868185,0.5576303771293227,0.5488532665285474,-7.665582696079665,-7.8706174036966505,-14.637364066775167,-14.642283426420617,5.286837116827033,5.065698718008108,0.00963565458124116,0.00963565458124116,-1.5447850910427132,1.0220642044372297,0.0015909340681210921,-0.021858415552151674,0.037312601701071306,-0.04995565313078847,73.59314162696236,25.551709453701537,814.2986870634545,12.008632897821368,118.47116100074405,DESCENDING,15,20,False,p02094,81.01704139042238,22.231983830398836,-0.03870348997875139,1.9477584536409243e-05,-0.009181413297623814,-0.00877711060077535,-0.20503470761698583,-0.004919359645450427,-48.04143217326083
0.624240444305435,0.6116417109996501,0.2938339619397166,0.3123033141368643,0.08007373854294496,0.12477226464689371,0.33210467736380916,0.3864438444584025,-9.241610561530262,-9.847346793395914,-16.398270592153832,-17.30831178368519,5.507256958610772,5.971330676250557,0.012858609653846997,0.012858609653846997,-1.521750721791522,0.9796158611389308,0.00014341501387101177,-0.019540801369120443,0.021598464257224316,-0.04471172900891763,76.46852028685619,26.99444711654698,701.5980314488055,4.847421277957824,163.62827991837727,DESCENDING,15,20,False,p01159,80.79957917058427,22.18024110671935,-0.01259873330578487,0.01846935219714768,0.044698526103948755,0.054339167094593355,-0.6057362318656523,-0.9100411915313593,-49.47407317030921
0.6173973592052622,0.6414821305829276,0.29059738359284754,0.31889901083953837,0.05246157577756896,0.08912174715004423,0.3100317748836363,0.35769266527916704,-8.905728479596347,-9.524899299561708,-15.606611343398287,-16.57550423547139,4.883526245500735,5.315242741695843,0.011968911344405253,0.011968911344405253,-1.5438277355534598,0.7863384591826251,0.003872164826621827,-0.016942196424175538,0.021340760210213548,-0.03958521543981635,68.39365175736211,24.57889569240765,589.4329071822062,5.935005956521385,124.4265109176241,DESCENDING,15,20,False,p03825,80.58833015702724,22.335469277757806,0.024084771377665404,0.02830162724669083,0.03666017137247527,0.04766089039553073,-0.6191708199653618,-0.9688928920731019,-43.81475606495446
0.5912301146122506,0.573037616557773,0.28511184827847524,0.2775195115457669,0.04575189344317236,0.033792169008599285,0.2936812260172361,0.2946024358411441,-8.783790573592203,-9.20590141829479,-15.733157630034604,-16.398486790605045,5.1380170150082956,5.471011411786404,0.009130731786822222,0.009130731786822222,-1.5225984894946403,0.6780859500426394,0.00307422694470911,-0.016399372741633216,0.020216033123630163,-0.0390132310480121,68.54188886306584,23.68353370049575,529.184685584599,2.2551923092290833,176.3995221237524,DESCENDING,15,20,False,p05009,80.48891885652982,22.40445957599712,-0.018192498054477646,-0.007592336732708371,-0.011959724434573077,0.0009212098239079758,-0.422110844702587,-0.6653291605704403,-44.858355162570085
0.724963128575414,0.6682163452986168,0.3416573137152262,0.3104738682625361,0.206665301467932,0.1445281434800667,0.5005119546915648,0.45114029724913224,-8.32485472786619,-8.727952038173951,-15.570995149431646,-15.921082321919704,5.5766198609283695,5.557320646954762,0.013205680903544126,0.013205680903544126,-1.6016396294147175,0.7997747887986925,0.003748244804317677,-0.01661913275580266,0.02384565719864694,-0.03973438341684556,50.24406399195111,21.04029998940567,557.1936613764278,2.756262531101286,177.5379938964981,DESCENDING,15,20,False,p00424,80.58211695074615,22.13999676607975,-0.056746783276797164,-0.031183445452690084,-0.06213715798786529,-0.049371657442432604,-0.40309731030776064,-0.3500871724880579,-29.203764002545437
0.6353083186583804,0.6107784005113206,0.2802609145145585,0.29182147123402924,0.10038577482438661,0.10874730535915385,0.3408131888805018,0.36446988716181916,-8.003002755968948,-8.403000101888159,-15.107085853261825,-15.585977930941196,5.454994906786998,5.59835427624339,0.01364740769133499,0.01364740769133499,-1.4541419256783221,0.9218812201689357,-4.57072245555811e-05,-0.01957595123793512,0.021530535231342338,-0.04566937463961905,65.04011017345164,23.20214471177463,723.8843943571911,8.983183471206486,109.24609359389366,DESCENDING,15,20,False,p04172,80.88035085223842,22.352716852317634,-0.024529918147059848,0.01156055671947076,0.008361530534767236,0.023656698281317334,-0.39999734591921055,-0.4788920776793706,-41.83796546167701
0.7491910810860661,0.7058617071002001,0.33925548058469635,0.3337576907551229,0.17849077209055617,0.15793288736051175,0.47979176688919145,0.46590871477201806,-8.798411594604794,-9.09946849077403,-15.444797783964987,-15.426843027341048,4.9109401876941865,4.55035247098439,0.013382131347150827,0.013382131347150827,-1.5218016941972012,1.0600961059629221,0.0006579353475405107,-0.021629861752334844,0.03702371361714766,-0.050784027930299395,62.17542191994876,22.7920089148345,803.0136944393004,7.768708085435266,194.64988608094285,DESCENDING,15,20,False,p00790,80.99218856529802,22.15724434063958,-0.043329373985866004,-0.005497789829573441,-0.020557884730044412,-0.013883052117173389,-0.3010568961692357,0.017954756623938195,-39.383413005114264
0.6472223930620616,0.6424869594636148,0.3062815433026238,0.3152246136035908,0.0854774520332992,0.1016837524014344,0.3594818325127016,0.390549055138889,-8.855059847540817,-9.05621943936683,-15.57364171398819,-15.846807939338936,4.862995551393377,4.955740101849668,0.008396480741956314,0.008396480741956314,-1.5556441837584185,0.7298125302643993,0.003704485934203776,-0.016512480769631913,0.02093991895634586,-0.03904937894076419,69.38281942132403,24.818441134718462,607.9591006647753,3.280322821796904,174.1886931987172,DESCENDING,15,20,False,p04314,80.51998488793527,22.36421523535752,-0.004735433598446859,0.008943070300966971,0.016206300368135196,0.031067222626187385,-0.20115959182601273,-0.27316622535074586,-44.56437828660557
0.6832163983732,0.6635210112833396,0.31440558656315576,0.3229400961042612,0.12361270059611033,0.1283314039469996,0.4141604847720892,0.4250748956561597,-8.598971916562911,-9.038903842615804,-15.428762014533355,-15.817735111655173,4.997407363247517,4.933475404411902,0.013335891896908758,0.013335891896908758,-1.6031086520188769,0.786453458310946,0.004399803083832641,-0.01658242278247913,0.02268799881586121,-0.03909235906238921,61.62105315694862,23.320994517049147,543.9729964526172,5.145072677107718,198.54837230628152,DESCENDING,15,20,False,p02518,80.54483771305962,22.26072978799855,-0.019695387089860406,0.008534509541105462,0.004718703350889267,0.010914410884070469,-0.43993192605289266,-0.38897309712181816,-38.300058639899476
0.4893561137166384,0.4699316795171037,0.24393586022384428,0.23947369999670076,-0.07398891187499412,-0.08215642137026412,0.13118507782547753,0.13697712029762182,-9.528334804458297,-10.403217780738103,-16.507627825188994,-17.703827012223325,5.163847898392719,5.628805613122403,0.009183588168652501,0.009183588168652501,-1.5744398245847038,0.7141398672172672,0.0037734149522482617,-0.016018842857413135,0.021595746225376966,-0.038711754201832066,59.90418683589049,22.70995686171913,508.0465664390229,4.546675032376908,174.9752407152682,DESCENDING,15,20,False,p02803,80.45163961884329,22.277977362558378,-0.019424434199534713,-0.004462160227143519,-0.008167509495269995,0.005792042472144293,-0.8748829762798067,-1.1961991870343311,-37.194229974171364
0.6390069209388062,0.5885858900394377,0.3510450389718755,0.3268795707033441,0.11515774089020077,0.08216671768595145,0.38091056750476926,0.3575958681358248,-9.6056633725874,-9.858005521994086,-16.1049095672301,-16.10811484764145,4.632317905889952,4.373867195734083,0.01335918759378496,0.01335918759378496,-1.5199859276912453,0.6686129405404597,0.002956446770975769,-0.01635089917780109,0.02030777649793254,-0.03890313254127497,67.54237466310933,23.392441015826524,581.027370002478,6.307518959220698,198.5663712571023,DESCENDING,15,20,False,p04806,80.47027923768655,22.392961192957234,-0.050421030899368446,-0.024165468268531387,-0.03299102320424932,-0.02331469936894448,-0.25234214940668487,-0.0032052804113504862,-44.14993364728281
0.628016118175438,0.5773141782940777,0.30723032809898343,0.29130904699530763,0.08147615972765516,0.06948871075023115,0.33802831254176235,0.3266518208442858,-9.484747948412604,-10.541820664076539,-16.63213870747599,-17.316928050840705,5.606716729316671,5.175331127129282,0.012982972336934906,0.012982972336934906,-1.5264186214290116,0.9992645818397561,0.0008543841051678799,-0.02095678747155435,0.028863957982526035,-0.04816162592270769,72.11714006776683,24.397714030905952,696.3337731503686,4.044013690304833,169.21190384799937,DESCENDING,15,20,False,p03585,80.96112253389258,22.318221703197977,-0.05070193988136029,-0.0159212811036758,-0.011987448977424014,-0.011376491697476565,-1.057072715663935,-0.6847893433647165,-47.719426036860874
0.6992722919556977,0.6905911556190477,0.29947916410692776,0.2927036342310697,0.14549630934973706,0.13995760600779056,0.45515367822061964,0.4551135455546497,-8.885038152935087,-9.145710226417002,-15.729035266019611,-16.19185627891293,5.134815750020935,5.4347063292625055,0.01344220868578172,0.01344220868578172,-1.5068250059893473,1.0822709725331867,0.00041525204609755146,-0.021341669081464554,0.03172677556404447,-0.04926919467707439,68.08500955747142,24.934306815770114,715.9601635636266,5.924102291661635,180.47808553282943,DESCENDING,15,20,False,p01384,80.95490932761149,22.191739489759236,-0.00868113633665002,-0.006775529875858055,-0.005538703341946505,-4.013266596991638e-05,-0.26067207348191523,-0.46282101289331834,-43.15070274170131
0.7543826286221492,0.7433415811688966,0.352096134706423,0.3616296459382289,0.2000778290133436,0.22140301985097344,0.5031503349255255,0.5321422151845908,-7.834446514507299,-8.302569698951382,-14.817602189836382,-15.191071083482091,5.295694230659508,5.2039483599555565,0.010061567329381238,0.010061567329381238,-1.5061034576769243,1.0584395968100355,0.00045136556606011465,-0.021123336610094367,0.02909930499140525,-0.04850618824707876,73.99319360071121,25.857312613535147,786.5852102192717,9.236185878092938,95.9759726413196,DESCENDING,15,20,False,p02282,80.94248291504931,22.24348221343872,-0.011041047453252628,0.009533511231805902,0.021325190837629848,0.028991880259065295,-0.4681231844440834,-0.37346889364570934,-48.135880987176066
0.5903823444477188,0.5683810097111742,0.2754809510975113,0.2742959979010104,0.09331909129058578,0.08515413899192753,0.34822526092394723,0.3479132719301239,-8.777366670195605,-9.112843811443753,-16.079219888850066,-16.461697672871935,5.55854626562569,5.592235928139675,0.00923994240053716,0.00923994240053716,-1.6047394676978612,0.7996809329182427,0.004120981502892564,-0.01649719553548237,0.023515030506955872,-0.039252344043962384,53.20079910123152,21.714732301954378,533.5270902256244,4.142949135897869,169.84031618008098,DESCENDING,15,20,False,p01020,80.5572641256218,22.174491915199408,-0.02200133473654453,-0.0011849531965009152,-0.008164952298658254,-0.0003119889938233422,-0.3354771412481483,-0.3824777840218694,-31.48606679927714
0.6606261198409312,0.6636298989630565,0.3149233856293964,0.32399363924332414,0.14680041367926563,0.16355872308548122,0.41892369008644376,0.4458442059442229,-8.67468057401852,-9.506769144987844,-16.07991836798026,-16.72770630559284,5.7749026222949835,5.643603740432284,0.013688610414831603,0.013688610414831603,-1.4333011978688845,0.8762591382596662,-0.00011334665770219188,-0.018981921049171457,0.019990675502201884,-0.04458000937665182,61.576433497917016,22.993768188905626,643.3236289123712,3.924802121419102,192.54354132347643,DESCENDING,15,20,False,p04972,80.88035085223842,22.398710384477177,0.0030037791221252386,0.009070253613927715,0.016758309406215588,0.02692051585777916,-0.832088570969324,-0.6477879376125806,-38.58266530901139
0.5783110857712138,0.5546195750924456,0.2863490066851523,0.28926325370843703,0.0324423551872451,0.04165317246714312,0.2548911446036873,0.27760816528031657,-10.177717475314035,-11.06722169809397,-16.98757805198817,-18.0868537799755,5.103997557718539,5.47038168979435,0.008362933471780298,0.008362933471780298,-1.4205074665918933,0.8349631568742072,0.0015143908019177074,-0.018078578614663086,0.01892425394615511,-0.04077297489165533,74.80844788307691,26.814017951923564,742.6426778175771,7.097367916080336,225.55376902903927,DESCENDING,15,20,False,p04145,80.71259428264902,22.352716852317634,-0.02369151067876818,0.002914247023284744,0.009210817279898018,0.022717020676629285,-0.8895042227799355,-1.0992757279873295,-47.99442993115335
0.485735534274272,0.49557357773823096,0.2475762965827434,0.2684180581401277,-0.053549917496385,0.009339989901867426,0.1455143676550861,0.22478397110038642,-9.997837813137771,-11.135216978169987,-17.455039805413563,-18.771834159736077,5.9802518368195114,6.30289495745337,0.012973398364534594,0.012973398364534594,-1.466303150923366,0.9045854711729456,2.3989094222134052e-05,-0.019239326465669553,0.02189859913952536,-0.04556406309071974,61.76150008793835,23.62403782121667,660.0430792719669,5.259311342360075,171.45281047852447,DESCENDING,15,20,False,p05279,80.92384329620604,22.415957959037005,0.009838043463958945,0.020841761557384292,0.06288990739825243,0.07926960344530032,-1.1373791650322165,-1.3167943543225142,-38.137462266721684
0.7544200692641847,0.741337638437413,0.396131559734634,0.3916340275918034,0.21521346996001842,0.22028968479920555,0.5270908575830754,0.538366248636012,-9.287904437471985,-9.297946321865297,-15.807013903658993,-15.726731508562986,4.7373231840009,4.6176135805168945,0.012211835055853548,0.012211835055853548,-1.5522444068557726,0.91922744417724,0.0011431284721287324,-0.018705511104639323,0.02165106109103964,-0.04290540990660558,79.55373245750093,28.278772571405067,662.1743100909201,11.322160327826856,218.2277580355999,DESCENDING,15,20,False,p00849,80.73744710777338,22.162993532159522,-0.01308243082677174,-0.004497532142830607,0.005076214839187132,0.011275391052936623,-0.010041884393311662,0.0802823950960061,-51.27495988609586
0.7718725879915936,0.7426731616643848,0.39175399499908553,0.41163561907100693,0.21374500113660777,0.2289919234307823,0.5191326818856793,0.5384440518078981,-8.66347399995065,-8.778306995702097,-15.130121294650214,-15.079465007242714,4.714479713833552,4.545698667898531,0.013053749183432939,0.013053749183432939,-1.5097677560414153,0.8833277736635585,0.0014521211831234533,-0.018561869622275486,0.02077827003189073,-0.042418647721396655,82.57803565378059,28.91610017715524,852.3619627484248,7.548156623035804,133.47098921496467,DESCENDING,15,20,False,p02047,80.7250206952112,22.231983830398836,-0.029199426327208844,0.0198816240719214,0.015246922294174542,0.019311369922218824,-0.11483299575144734,0.0506562874075005,-53.661935476625345
0.6466005551122486,0.648263854790219,0.3037425461834279,0.3042860491672637,0.09839653956618279,0.1003068221569493,0.37141245728204764,0.37958386649038717,-8.463836314303743,-8.823793608647977,-15.427361585592193,-15.961100311311148,5.110260584665095,5.339065762692281,0.011976224969709959,0.011976224969709959,-1.5385839671602357,0.7317898041594493,0.003526674993317699,-0.016592142736017296,0.02060757213517163,-0.03917520945530141,69.22325691400978,24.69092716203094,549.1179315030173,3.8576030052351826,149.7989449706269,DESCENDING,15,20,False,p04516,80.53241130049744,22.375713618397405,0.001663299677970409,0.0005435029838358196,0.0019102825907665183,0.00817140920833953,-0.35995729434423396,-0.5337387257189548,-44.53232975197884
0.6191186100133257,0.626736586637001,0.28371034764007974,0.28287217326784486,0.06245623074663195,0.06453184810196032,0.3259581053446359,0.34008507852024117,-9.402321762062954,-10.11573198967437,-16.24559395820322,-17.01668709083968,5.162214380325402,5.263692962914259,0.011037386560810325,0.011037386560810325,-1.5617542417278123,0.9788634692940112,0.001087411360704971,-0.020800565129455682,0.03064575232945087,-0.04869509876198817,77.5766366425708,27.251013376980126,727.3067474799442,5.097152778894231,190.72817157280426,DESCENDING,15,20,False,p04392,81.0046149778602,22.36421523535752,0.00761797662367536,-0.0008381743722348789,0.0020756173553283658,0.014126973175605295,-0.7134102276114156,-0.7710931326364623,-50.32562326559068
0.6287378819981088,0.6492008013505531,0.29838242732452425,0.3047110531142136,0.06600075493722238,0.08700470338242931,0.34337755918101387,0.37131072690287,-8.549874749440225,-8.95983992157951,-15.503581113113517,-16.10011471807131,5.1012304330393645,5.359737558533522,0.013540234431201448,0.013540234431201448,-1.487644858478285,0.7112518728118022,0.002663738284260406,-0.016620025855947615,0.019302248620023194,-0.03971193816392093,65.60750733389496,23.1233207782836,499.6343178056656,4.48384297719859,196.06927996400609,DESCENDING,15,20,False,p05517,80.53862450677853,22.433205533596833,0.020462919352444375,0.006328625789689346,0.021003948445206935,0.02793316772185611,-0.4099651721392856,-0.5965336049577932,-42.48418655561136
0.7361013060801131,0.7017913044217954,0.32759474893116,0.3282221331880481,0.17721986446968896,0.20836606441676533,0.4914794325078478,0.5320152765632676,-8.85641279102171,-9.076243331663292,-15.563491059123274,-15.926046250632924,4.913405056654889,5.13247396048786,0.012007173342508115,0.012007173342508115,-1.5836064969294081,0.8569527451468772,0.002623422570868107,-0.017695402866179568,0.022457025699269467,-0.04109546792828088,65.18715449773015,25.155166645790345,572.3983624663848,2.866964400051219,187.08342137277495,DESCENDING,15,20,False,p00937,80.66288863240031,22.168742723679465,-0.03431000165831777,0.0006273842568881305,0.031146199947076375,0.04053584405541982,-0.21983054064158303,-0.36255519150964943,-40.0319878519398
0.7276797368226224,0.7241589233382344,0.3276537015138231,0.3343754819490409,0.17329899437315,0.21060861885287122,0.48267643363810464,0.5291020416265321,-7.944988209504965,-8.357075524917189,-15.021085317410108,-15.483730490824142,5.399216941789312,5.468051216009116,0.010123330894024285,0.010123330894024285,-1.496654463525666,1.0460566847230441,-8.712161621676191e-05,-0.020239552626318828,0.0230883298361541,-0.04624003935226316,71.29832613591068,25.80069152923794,693.6674055343053,4.870716834979111,142.71301794087987,DESCENDING,15,20,False,p01568,80.85549802711407,22.20323787279912,-0.003520813484388041,0.006721780435217761,0.03730962447972122,0.04642560798842743,-0.412087315412224,-0.46264517341403355,-45.49763460667275
0.7154606395702807,0.6838370735050354,0.3653018973184834,0.3668277661717555,0.1526687765525319,0.18076458781360688,0.44298661650226734,0.485963456895324,-8.56675059839741,-8.588467056652709,-14.815986620881004,-15.028009240916486,4.496109343300194,4.684544823739013,0.009916098892660652,0.009916098892660652,-1.5064628001300162,0.9981768532122745,1.4666961391512356e-05,-0.01981834476895709,0.021800198970447417,-0.04532588900801923,72.6074789180616,25.80467892826366,815.607163151787,14.914770499019562,130.91389011164912,DESCENDING,15,20,False,p01462,80.81821878942753,22.19748868127918,-0.0316235660652453,0.0015258688532721054,0.028095811261074993,0.04297684039305666,-0.02171645825529822,-0.21202262003548178,-46.80279998979795
0.6066319101804192,0.5756785919285748,0.2810837558940398,0.27360396370933415,0.03691203909478723,0.007518436587454234,0.29588751046485134,0.2635997317689884,-8.65343690363292,-9.137764722420824,-15.696215089509407,-16.43414661386546,5.240239651623418,5.531330879317213,0.011347134072848597,0.011347134072848597,-1.5816010615876313,0.7401440553161438,0.004147490088573623,-0.01585923882481917,0.02279284310536664,-0.03805344437517348,53.836552282573976,21.70310554578492,527.5510114230364,2.6281709533072335,139.0325480495985,DESCENDING,15,20,False,p01207,80.47649244396764,22.185990298239293,-0.03095331825184433,-0.007479792184705625,-0.029393602507332993,-0.03228777869586297,-0.48432781878790365,-0.7379315243560551,-32.133446736789054
0.6073642418810121,0.5841606400810616,0.27324185000621226,0.2632964024899813,0.014302362917104868,0.015075940836285329,0.26609705150084645,0.25499519594984893,-9.848771603840087,-10.782021333868991,-16.39914909645513,-17.611201983838136,4.772479614921976,5.252760597794481,0.01339814028273878,0.01339814028273878,-1.5112095265186782,1.0287148468194962,-8.731897313262535e-05,-0.020061891307788078,0.02353280851688133,-0.04596141865836245,77.4504467807404,27.257269389226565,805.4339766971839,4.999162580219175,193.63250155003175,DESCENDING,15,20,False,p00766,80.84307161455189,22.15724434063958,-0.023203601799950513,-0.009945447516230943,0.0007735779191804602,-0.01110185555099752,-0.9332497300289049,-1.212052887383006,-50.19317739151384
0.6909256402084232,0.6686781952733127,0.31316206270122193,0.32505396202763887,0.12707657203536535,0.12693893403287976,0.4180036100630587,0.42606578131169426,-9.40903888888374,-9.723577006511343,-16.12123747180907,-16.147100997848607,4.82473507213024,4.570819730822977,0.011918477575247666,0.011918477575247666,-1.5743798164366904,0.8014633120391175,0.004294749965058148,-0.01697472308273556,0.02231507486725602,-0.039573969167782025,67.50499828329914,24.617124125946603,596.4152174262778,9.85897456522788,211.63755851928113,DESCENDING,15,20,False,p03125,80.58833015702724,22.295224937118206,-0.02224744493511044,0.011891899326416933,-0.00013763800248559055,0.008062171248635563,-0.31453811762760253,-0.025863526039536566,-42.88787415735254
0.6593769504002271,0.6533665453268995,0.3336390028626706,0.33658793612557075,0.1123086397990916,0.11804397780803783,0.3831319334676478,0.4016859670064792,-8.732645096599748,-8.982511522085844,-15.46909194426856,-15.761571182970336,4.899886448620635,4.9265748578042965,0.011738570341362164,0.011738570341362164,-1.523985806056107,0.7046443709069338,0.0032266038300641404,-0.01650868497014853,0.02013593100449281,-0.039100639617008014,69.57253334687573,24.332126662243894,554.8651305214432,8.345295119912564,112.44951134829297,DESCENDING,15,20,False,p04913,80.51377168165418,22.398710384477177,-0.006010405073327618,0.002948933262900133,0.005735338008946225,0.018554033538831394,-0.24986642548609517,-0.29247923870177495,-45.240406684631836
0.5944415889255368,0.6158100691157533,0.32013870111080117,0.34692690990210173,0.10446955173115263,0.13517294581811576,0.35166518034277255,0.39780251602847655,-9.101640881468834,-9.274909165503034,-15.634973159716335,-16.063081027943905,4.810581442500281,5.245082606208175,0.012438805946592857,0.012438805946592857,-1.4254689936921026,0.849249429355775,0.0011851954681113602,-0.018364349770401474,0.019211129932620124,-0.041679173840953994,71.323779093088,25.634974602582673,730.2122840261289,10.453159354936712,146.1233599577847,DESCENDING,15,20,False,p03849,80.73744710777338,22.335469277757806,0.021368480190216532,0.02678820879130056,0.030703394086963126,0.046137335685703995,-0.1732682840342008,-0.4281078682275705,-45.68880449050533
0.7312484196819297,0.7151402382472652,0.3534377412137985,0.354499194890626,0.21269615427079613,0.22097331598686878,0.5177961775606333,0.5281024452091285,-8.387633697839128,-8.707608879971454,-15.308344307006427,-15.677626412729373,5.210229803883925,5.2998776692517895,0.013325653455992126,0.013325653455992126,-1.5638859403149055,0.9142547258575626,0.0012022597967576004,-0.018594802241218227,0.02195064447937423,-0.04265672986008939,71.8201779757973,26.290257962298213,600.082615347451,3.036234801513809,208.49332474434325,DESCENDING,15,20,False,p00448,80.73123390149229,22.13999676607975,-0.016108181434664415,0.001061453676827473,0.00827716171607265,0.010306267648495182,-0.31997518213232645,-0.3692821057229452,-45.52992001349908
0.5636712887692241,0.5488862538693435,0.26711306901273196,0.2777708818540252,-0.003949885870480242,0.02628273083439809,0.24287453446239501,0.2855435802148525,-9.579417954559263,-10.097507263907463,-16.64859404889673,-17.34564221796407,5.317600133382348,5.558641459669601,0.008657280258770217,0.008657280258770217,-1.596837487615878,0.791709455785547,0.004369378098879743,-0.016701109286937844,0.022582488626878627,-0.03925757274896939,64.46946409608677,24.0617232111491,522.6278385096166,6.463983204227902,175.7827972039222,DESCENDING,15,20,False,p02820,80.5572641256218,22.277977362558378,-0.01478503489988059,0.010657812841293246,0.030232616704878333,0.042669045752457474,-0.5180893093482002,-0.6970481690673402,-40.40774088493767
0.7244728650472595,0.6922402053822511,0.33908860308339944,0.3435069524910396,0.17348648888132268,0.17430206527415693,0.4747320112535124,0.4811009149647996,-8.96574434018679,-9.347679420350575,-15.813186823958993,-16.143813776484446,5.087936694683666,5.064608325239601,0.01185989527207032,0.01185989527207032,-1.594542545538292,0.8220170762515442,0.004223080331378398,-0.016905788349674607,0.022893105969659315,-0.03968297054727824,69.40323310839847,26.052299723110863,576.0782321361431,3.7532703401153724,156.69286405786204,DESCENDING,15,20,False,p02325,80.58833015702724,22.249231404958664,-0.032232659665008434,0.004418349407640132,0.0008155763928342497,0.006368903711287233,-0.3819350801637853,-0.3306269525254528,-43.350933385287604
0.7563739541444435,0.7252422546087548,0.34794828614038387,0.3328939679866357,0.2107982418999434,0.18978434229215302,0.5197381625684694,0.5079634020242063,-8.76996986675824,-9.162975745548641,-15.59936831456123,-15.986209350294425,5.088655837892738,5.087843005765295,0.013495284116394224,0.013495284116394224,-1.527954285929608,0.8067788768877063,0.0035758641551765845,-0.017266972767976285,0.021238147220335218,-0.039954214408321025,71.70011738841669,25.626907797574564,592.7215775963409,4.740146020423666,152.11839169618798,DESCENDING,15,20,False,p03630,80.61939618843269,22.32397089471792,-0.03113169953568873,-0.015054318153748192,-0.021013899607790376,-0.011774760544263074,-0.39300587879040094,-0.3868410357331946,-46.073209590842126
0.6769982835341546,0.7217469577690206,0.33206081684937017,0.3794669557443504,0.0921798659467138,0.19056763006539312,0.376506359510516,0.49757877524220845,-9.210984802174348,-9.515757797132947,-15.569399384012092,-16.100588444711587,4.58734042924987,4.876625806169147,0.012500294533168255,0.012500294533168255,-1.5705462504601642,0.9805896322536186,0.001487436713580708,-0.021097932943315932,0.033212756603593525,-0.049055859218876834,81.80682808795747,28.44072131623108,896.6150005627816,11.618312939171254,190.99386567188162,DESCENDING,15,20,False,p04095,81.02325459670347,22.34696766079769,0.04474867423486606,0.04740613889498024,0.09838776411867932,0.12107241573169247,-0.3047729949585989,-0.5311890606994947,-53.36610677172639
0.6541148965999461,0.6624875749813531,0.30807501076010424,0.3216670180294883,0.10448961820338824,0.12587210694476875,0.3762779949920822,0.4168158704921272,-8.140593606941858,-8.379057117630726,-15.231433734935424,-15.706875679247405,5.3266861466595214,5.57932598761466,0.012075314349472066,0.012075314349472066,-1.5715177076070872,0.715515199458181,0.003806979062246252,-0.01634171703940673,0.021240329197311923,-0.03891184426456629,67.33385377437337,24.317132203697547,512.8680524284331,4.593245416532641,166.53271952396256,DESCENDING,15,20,False,p04010,80.49513206281091,22.34696766079769,0.008372678381406984,0.013592007269384088,0.021382488741380504,0.040537875500045006,-0.2384635106888684,-0.4754419443119815,-43.01672157067582
0.6099366380206908,0.6095529391645291,0.263330362066147,0.2847709495365975,0.0445068777364865,0.06916139290806274,0.2809865763264504,0.3395243759957757,-8.497624441425375,-8.8801881312824,-15.204677544492842,-15.305153402794126,5.019065573264883,4.714144216712645,0.01263052596368952,0.01263052596368952,-1.5149633102365636,1.0261183910903522,0.0006579046876071385,-0.021061934893513674,0.028871284559093015,-0.04833377446507961,73.71884668681211,25.05204272488535,774.3474229855454,11.171523650297175,156.05210024878215,DESCENDING,15,20,False,p02783,80.9486961213304,22.272228171038435,-0.00038369885616162946,0.021440587470450467,0.02465451517157624,0.05853779966932526,-0.38256368985702593,-0.1004758583012837,-48.66680396192676
0.7035086243000022,0.6923696786874328,0.3210024205127743,0.3212339226320053,0.12255968368331431,0.1259400824572134,0.40849103648003365,0.412092314329955,-8.606152783159978,-8.507025725590355,-15.104880471786005,-15.364451823402412,4.720700327229885,5.150769134900349,0.012405501048268652,0.012405501048268652,-1.5289650111000135,0.9979686842502925,1.1348927322467076e-05,-0.019694681547044613,0.022590909189419004,-0.04495426628822796,75.86032998790898,27.055163515453916,788.5225935090212,6.005277023726588,144.63470824224666,DESCENDING,15,20,False,p00361,80.81200558314644,22.134247574559808,-0.01113894561256934,0.0002315021192310085,0.0033803987738990765,0.0036012778499213693,0.09912705756962303,-0.25957135161640643,-48.80516647245507
0.5294584467045806,0.4739448738755334,0.24230873622459018,0.22305888812515887,-0.027981643273131847,-0.06091295846857857,0.1711700423877768,0.1480426977607227,-9.651165645914213,-10.962330923618516,-15.889165707817904,-17.582276299595964,4.455479469528785,5.028021019611357,0.00935882454299608,0.00935882454299608,-1.4218351670537164,0.8109795832726031,0.002038524894431238,-0.01745203466868086,0.01846503638489098,-0.03970774366884197,64.41421928544987,23.39265894585283,639.690189122462,4.947857490991311,174.75589060140473,DESCENDING,15,20,False,p05038,80.6691018386814,22.40445957599712,-0.05551357282904723,-0.01924984809943131,-0.03293131519544672,-0.023127344627054097,-1.311165277704303,-1.6931105917780602,-41.021560339597045
0.4989510879839801,0.4749606055573657,0.2631466647434018,0.2504488774107531,-0.06717947644347093,-0.07861661946805419,0.14125214914097511,0.13545016232298593,-9.435857744309105,-10.215578383060315,-16.207657031814513,-17.273323529934306,4.924372091436762,5.268326396707083,0.009143540361063907,0.009143540361063907,-1.5704511931101144,0.7215515889620866,0.0038169930901865686,-0.015901046480788952,0.02191143941580016,-0.038373661867323106,59.83785337155219,22.81749566643069,530.496283066229,4.991689193538007,127.29430552873782,DESCENDING,15,20,False,p02203,80.45163961884329,22.24348221343872,-0.02399048242661439,-0.012697787332648702,-0.011437143024583263,-0.005801986817989185,-0.7797206387512094,-1.0656664981197927,-37.0203577051215
0.6671944680554427,0.647100781463356,0.30575298864555034,0.29897430638639466,0.08727703900181731,0.08516728374075769,0.3780854893709761,0.3856707820080935,-9.36545234006425,-9.78891776217756,-15.895133400516526,-16.645856220554094,4.736862885170944,5.112166938815264,0.009095127403180192,0.009095127403180192,-1.524853624335566,0.8122787852055966,0.003440870095888685,-0.017417473956283108,0.021275510754164496,-0.04010338892549439,74.0075580424321,26.36603540084044,595.2881380324942,6.283708583855696,130.5162146603557,DESCENDING,15,20,False,p03532,80.63182260099487,22.318221703197977,-0.020093686592086657,-0.006778682259155677,-0.002109755261059623,0.007585292637117436,-0.42346542211330984,-0.7507228200375682,-47.641522641591656
0.7418202902376758,0.7447527661531486,0.33524715753343753,0.34595608227622815,0.19326323262333034,0.2037896893291604,0.4991484823071747,0.5222657602390921,-8.788617557978105,-9.237847983206388,-15.56888320051055,-15.940913889786035,5.008880767911752,4.971749265960314,0.011526944608484802,0.011526944608484802,-1.502388535329793,0.8119486753485708,0.003076475511740055,-0.017503765953198303,0.02069029708107231,-0.040148823067724784,74.8151073368717,26.545945768269227,614.6963362571452,5.9061593008578495,187.3888536030422,DESCENDING,15,20,False,p03734,80.64424901355704,22.329720086237863,0.002932475915472743,0.010708924742790615,0.01052645670583005,0.023117277931917424,-0.4492304252282828,-0.3720306892754852,-48.26916156860248
0.520850773259066,0.5100462721449887,0.2562985085303458,0.2539418335407609,0.011115229417711588,-0.0017609445451089523,0.23132851882904015,0.22403478660458506,-8.548119966889386,-9.06828850590178,-15.68532504291219,-16.40941461716387,5.398308503561505,5.6950927188800735,0.012145652624295122,0.012145652624295122,-1.5803175445478295,0.7189878800628114,0.0038771924598110935,-0.01604325064479953,0.021722226165609898,-0.03869790798935394,59.74594350369713,22.630521427204965,497.434369922296,3.6316784375553017,115.90963496838755,DESCENDING,15,20,False,p02804,80.45785282512438,22.277977362558378,-0.01080450111407738,-0.002356674989584917,-0.01287617396282054,-0.007293732224455091,-0.5201685390123938,-0.7240895742516784,-37.115422076492166
0.5773180884929782,0.5787030473205509,0.27564926939184187,0.2864439618071926,0.08280675616645274,0.08929666433206843,0.32934992107606226,0.3447691218473722,-9.101347163081805,-9.283194172074724,-16.305437822315977,-16.774852807779773,5.497237987591782,5.88792621604015,0.011730475194961953,0.011730475194961953,-1.597329252881552,0.7728325230207462,0.004185181515529513,-0.01625543927302958,0.02352031678441128,-0.03884061280769044,51.53380986628628,21.392232969648443,528.4850412985023,3.759092073248813,192.99603822512472,DESCENDING,15,20,False,p00916,80.53241130049744,22.168742723679465,0.0013849588275727243,0.010794692415350748,0.00648990816561569,0.015419200771309927,-0.1818470089929196,-0.46941498546379634,-30.14157689663784
0.7142451140577083,0.6823690757982226,0.3304901687887662,0.33008968915065057,0.1575968091414129,0.14141512211363666,0.46029620408489347,0.4493280265529585,-8.498833272976315,-8.790563053695953,-15.480076755530321,-15.69050484260717,5.171933532810079,5.06561591889259,0.011731672730979414,0.011731672730979414,-1.5989393416820028,0.8082021815512872,0.004296079384250662,-0.016758210496449422,0.022860237178962756,-0.039424977620675705,65.68453113267023,24.73574962668176,557.0101993472415,3.8570171509023403,147.38663125559964,DESCENDING,15,20,False,p02422,80.56969053818398,22.254980596478607,-0.031876038259485706,-0.00040047963811562504,-0.016181687027776254,-0.010968177531934964,-0.2917297807196384,-0.21042808707684912,-40.94878150598847
0.6809386482736968,0.657901741128653,0.3314108536050064,0.33027786392616215,0.09236188306530259,0.08654454289971229,0.37463217500546014,0.37816531748253984,-9.177797607309948,-9.550864905376828,-15.699699099726073,-15.930464812069324,4.767989826719065,4.620926498672,0.013231277112427331,0.013231277112427331,-1.5891803041175854,0.8421940895242165,0.0038587988863363525,-0.01719497181909383,0.02278879081455655,-0.04016927093021685,72.02409271261156,27.196754021662027,620.0070659219296,6.227877982811321,156.1554902933599,DESCENDING,15,20,False,p02029,80.6131829821516,22.231983830398836,-0.023036907145043806,-0.0011329896788442317,-0.005817340165590296,0.003533142477079698,-0.3730672980668803,-0.23076571234325094,-44.82733869094953
0.7138832821615437,0.7058526111418076,0.3087047647437874,0.31895332318019126,0.13661079069677778,0.15245448644647747,0.44005312449143397,0.46111060511170154,-9.042144220778145,-9.511790309562235,-15.984436689913263,-16.42011619338788,5.2989530774535485,5.277711031612796,0.012329219004163727,0.012329219004163727,-1.523535590890272,1.0538982075090182,0.0004103729772564787,-0.02150081011964881,0.0375836265067599,-0.05109546797636346,61.30023103876132,22.384375756357883,751.052764628216,11.141765690915522,198.05517985379828,DESCENDING,15,20,False,p00489,80.98597535901693,22.13999676607975,-0.008030671019736091,0.010248558436403876,0.015843695749699682,0.021057480620267577,-0.4696460887840903,-0.43567950347461704,-38.915855282403435
0.6861130239249528,0.6736478065903966,0.3508316036221835,0.35171755861886567,0.1398590811234801,0.1444041742309977,0.4240998083730637,0.4429633362137932,-9.294021968934244,-9.379923534126464,-16.047151462862494,-16.14074773193524,4.933597042455009,4.947544233169974,0.011721556807381961,0.011721556807381961,-1.5699062707467917,0.7327801459120213,0.0038760848797926807,-0.016466228839814547,0.021235853208987222,-0.03896715104464857,68.5994125530892,24.75198058615026,560.5873887490857,10.075879756554459,214.2303969255755,DESCENDING,15,20,False,p04013,80.51377168165418,22.34696766079769,-0.012465217334556189,0.0008859549966821478,0.004545093107517578,0.018863527840729477,-0.08590156519221992,-0.09359626907274432,-43.847431966938935
0.6522055705323939,0.5857840172557908,0.29610295326973307,0.27155306895671877,0.08125422053647223,0.04421923627331386,0.3510874075010098,0.30569501556517875,-9.708855806333972,-10.464852621672032,-16.186762788601815,-17.178985127143875,4.754621966704366,5.064638347974935,0.00957007302503532,0.00957007302503532,-1.5342596205126613,1.0235068775343226,0.001066110595938783,-0.021837452536844944,0.040077542603701374,-0.051073307739843164,65.69383768367857,24.146559844405306,797.4810282503165,7.375635008171585,197.59489900250395,DESCENDING,15,20,False,p00794,81.01704139042238,22.15724434063958,-0.06642155327660315,-0.024549884313014303,-0.03703498426315837,-0.045392391935831056,-0.7559968153380598,-0.9922223385420601,-41.547277839273264
0.48753858059697036,0.47369518807572086,0.25778601537455637,0.25028886304115294,-0.06617771768749559,-0.07469904864696103,0.1390082501115443,0.13547501702725998,-9.63874747513615,-10.406709359056636,-16.342555015006152,-17.232177805404405,4.863174520362653,5.052676426880367,0.02188417603092241,0.02188417603092241,-1.564196059711899,0.7302753077042131,0.003896492099821143,-0.015781325892836155,0.023793248403345513,-0.038296704155857696,54.86527678427735,24.448340642157763,561.986824967438,2.6285789483578665,140.9226401970184,DESCENDING,15,20,False,p00011,80.501345269092,22.11699999999998,-0.013843392521249498,-0.007497152333403423,-0.008521330959465445,-0.0035332330842843263,-0.7679618839204867,-0.8896227903982528,-30.416936142119585
0.6347252497411467,0.6080936762907321,0.297979034349123,0.3009271621001682,0.07603371659098691,0.07981866987572801,0.350057623369197,0.35724280991979285,-8.584747198597249,-9.241151570506705,-15.492148747063727,-16.268959011351438,5.1051687682364415,5.231815383270999,0.011769656812171903,0.011769656812171903,-1.5971542760536586,0.7844341636872721,0.004401797775335043,-0.01667667321121794,0.022452986906590106,-0.039195112775021544,64.55840993668524,23.92962569968138,517.7264556061126,6.90559851580554,174.02151922015807,DESCENDING,15,20,False,p03019,80.55105091934071,22.289475745598264,-0.02663157345041467,0.002948127751045193,0.0037849532847410994,0.007185186550595857,-0.6564043719094563,-0.776810264287711,-40.628784237003856
0.6658955881486001,0.6571759810021967,0.33602394921268125,0.35620549763795994,0.1617309136610611,0.18217293467883158,0.4376035031663948,0.47223783295835736,-9.025722048791819,-9.111586545446869,-15.764145551091866,-15.944713925295861,4.919241480696356,4.9769696446227805,0.01335918759378496,0.01335918759378496,-1.5199859276912453,0.6686129405404597,0.002956446770975769,-0.01635089917780109,0.02030777649793254,-0.03890313254127497,67.1821375798135,23.415580746466226,614.7506713769636,4.657453882796762,165.75054349563618,DESCENDING,15,20,False,p04706,80.47027923768655,22.38721200143729,-0.008719607146403408,0.020181548425278695,0.020442021017770484,0.03463432979196257,-0.08586449665505036,-0.18056837420399496,-43.76655683334727
0.7735520452773168,0.7347545831241526,0.4121390740190767,0.3960912550625766,0.21515468923721062,0.19107353074103064,0.5162031136185815,0.5018965197096402,-10.597901433801319,-10.607028700941271,-16.937017431539655,-16.661574450728725,4.601898508480179,4.285209394096893,0.013633376378519468,0.013633376378519468,-1.5501484228345848,0.9866739456371487,0.0009872456977838005,-0.020815476944464836,0.029731576138996362,-0.048421958393823024,77.25098611618,26.781703222861925,872.3368453870329,13.15113555514697,238.03350307371332,DESCENDING,15,20,False,p04190,80.99218856529802,22.352716852317634,-0.03879746215316415,-0.016047818956500093,-0.024081158496179977,-0.01430659390894129,-0.009127267139952266,0.2754429808109293,-50.46928289331808
0.5118912746151048,0.481263053576242,0.2695303873986503,0.2591218973025157,-0.04807304565481125,-0.05708850314362985,0.15558103446681854,0.1554570551776729,-9.598497595948563,-10.439430117395046,-16.71338818579964,-17.744478721444644,5.347184231699679,5.6309580665845935,0.008950357751051574,0.008950357751051574,-1.6073466027683259,0.744038346243722,0.004391686838815592,-0.016130863267874766,0.02244194985243751,-0.03854393175994514,57.98806643878301,21.97139590226754,527.0593317281157,3.3841403418953844,202.11187194521995,DESCENDING,15,20,False,p02609,80.48891885652982,22.266478979518492,-0.030628221038862757,-0.010408490096134593,-0.009015457488818601,-0.00012397928914564815,-0.8409325214464829,-1.0310905356450029,-36.01667053651547
0.5435681866915582,0.5352303499206832,0.27198019185495165,0.27285447222786724,0.07270850130091862,0.08740727712688456,0.2871727501626257,0.3119329662249112,-9.093812154138885,-9.947215072811398,-16.21458035260086,-17.195842759261883,5.556950960059614,5.814252969068292,0.013612713912432683,0.013612713912432683,-1.4089356978916219,0.8433180929420514,0.0011954222482797468,-0.018144420408249373,0.018669791422839893,-0.04104359933265412,68.66003220055227,24.888004442201044,668.9792653218743,5.7646907485870065,142.2884122173001,DESCENDING,15,20,False,p04348,80.73123390149229,22.36421523535752,-0.008337836770874962,0.0008742803729155924,0.014698775825965946,0.024760216062285456,-0.8534029186725132,-0.981262406661024,-43.77202775835122
0.6332438205050094,0.6435562250748335,0.29913090229870765,0.3129882691626924,0.06532022531428491,0.08232438286970688,0.3246562340347678,0.3582847193659952,-7.998539576534842,-8.354925649762418,-14.68968177909714,-15.20898142807909,4.85637196018499,5.055660852087947,0.013437574618421433,0.013437574618421433,-1.5290709267033433,0.7676263433578356,0.0036079885596424664,-0.01684611110497633,0.020732189778286086,-0.039494161768594646,68.92123108188603,24.72464901426413,573.5024945631319,7.986559741588848,117.4829538186005,DESCENDING,15,20,False,p04223,80.57590374446507,22.358466043837577,0.010312404569824074,0.013857366863984755,0.017004157555421964,0.03362848533122742,-0.35638607322757565,-0.5192996489819492,-44.196582067621904
0.7591972554189453,0.7358485680348124,0.3758769072401267,0.39032252128116907,0.23135733903411343,0.23586074160200282,0.52354434458302,0.5262067053439469,-7.997471367269204,-8.248201171017332,-14.503840037431205,-14.948856935670038,4.634320804692507,4.870915913239131,0.013437574618421433,0.013437574618421433,-1.5187087583131929,0.76230706417931,0.003463917154940115,-0.016838779730876267,0.02041844840921857,-0.039504468363592435,68.29734799154271,24.48806729011884,616.5171801942228,12.03802102066099,121.99071254445917,DESCENDING,15,20,False,p04423,80.57590374446507,22.369964426877463,-0.023348687384132982,0.014445614041042387,0.004503402567889392,0.002662360760926852,-0.25072980374812737,-0.4450168982388334,-43.80928070142387
0.6317255804882438,0.6027131626424896,0.3107238631613038,0.3026483028344721,0.09375113994422311,0.07980875697592335,0.3553861949083831,0.3500419982840747,-9.58316774079401,-10.182357614903065,-16.449592870957012,-17.047615614269876,5.126274918946442,5.162931904125511,0.012152163470597221,0.012152163470597221,-1.4442410159033843,0.7859369928309217,0.002318604122161084,-0.016962786486816702,0.01858408401245114,-0.040145876106670524,63.892636477239606,23.038148255108695,587.751488609426,5.898388846478368,257.08095142432416,DESCENDING,15,20,False,p05531,80.62560939471378,22.433205533596833,-0.029012417845754146,-0.00807556032683171,-0.013942382968299763,-0.005344196624308406,-0.5991898741090544,-0.598022743312864,-40.85448822213091
0.7294383312312309,0.7280226044053195,0.33973956821045803,0.354490712336923,0.19668143938445254,0.2149765673453229,0.4976400359944877,0.5206178501550173,-8.32122481331452,-8.536861581542144,-15.400091763238672,-15.843232994091842,5.292950917940796,5.54194021577988,0.013422583807912503,0.013422583807912503,-1.5395203495782899,0.7730432002688317,0.0037528053061449567,-0.016853287049446376,0.02105040538701861,-0.039484676865055635,68.9592059479251,24.79133263432417,583.0655677066585,4.710670633644259,184.20213895143132,DESCENDING,15,20,False,p04023,80.57590374446507,22.34696766079769,-0.0014157268259114009,0.014751144126464943,0.01829512796087035,0.022977814160529575,-0.21563676822762368,-0.44314123085317014,-44.16787331360093
0.6334215218856788,0.6343908394870145,0.2774623175972994,0.27668519951203974,0.07224151858417788,0.08909404587828496,0.3337187927137126,0.38360430855615985,-9.30664505042001,-9.750298330186085,-15.849147566004051,-16.67800867846053,4.800057397471677,5.269850998850754,0.012633439403387348,0.012633439403387348,-1.490652444976796,1.1030181135393582,-5.538145190826467e-05,-0.020938769981817196,0.026551622300511463,-0.04798776738544522,69.23094262588614,25.510741415145848,689.0222060400419,7.584230910807732,159.51866907798916,DESCENDING,15,20,False,p01477,80.91141688364387,22.19748868127918,0.000969317601335673,-0.0007771180852596538,0.016852527294107078,0.04988551584244727,-0.4436532797660764,-0.8288611124564778,-43.7202012107403
0.600913522591656,0.5683099559042561,0.2914944784292502,0.2769836665504056,0.03872560493521194,-0.006914931637567621,0.29799506717106866,0.24612770782397927,-8.343464654784913,-9.119577137092088,-15.197974223434088,-16.23771084018238,5.004034737508095,5.339139636676481,0.013339552789253917,0.013339552789253917,-1.5669695380358921,0.7327801081147199,0.0039062382004118727,-0.0157524729007799,0.022685147622955024,-0.037961072701327224,54.67780825817172,22.174374947382283,530.7962584952332,3.0502789718466565,133.37205318476188,DESCENDING,15,20,False,p01105,80.46406603140547,22.18024110671935,-0.03260356668739983,-0.014510811878844565,-0.04564053657277956,-0.05186735934708939,-0.776112482307175,-1.0397366167482929,-32.50343331078944
0.6646166272020992,0.6407049689638179,0.32406915456221963,0.31930540670455376,0.10595909676398309,0.09670377114096408,0.3762035383115348,0.3694326314239028,-9.655978222209207,-9.973364331540921,-16.458472491715575,-16.645755642057647,5.104706431452496,5.016163099845862,0.011186636493713764,0.011186636493713764,-1.5776857002634992,0.9742132431208794,0.001489304293014012,-0.020909245007097992,0.03369754057320419,-0.04927848436981983,78.15985161212758,28.066219929683825,742.5077941388081,9.718379778406641,181.59993285049657,DESCENDING,15,20,False,p04598,81.04189421554673,22.375713618397405,-0.02391165823828134,-0.004763747857665868,-0.009255325623019006,-0.006770906887631989,-0.3173861093317143,-0.187283150342072,-50.09363168244376
0.6063452705387761,0.5772058474683974,0.3192114992427403,0.30473811625248975,0.068518184680096,0.06067189983590664,0.3258035611597892,0.3299911166146732,-8.137851517980327,-8.644899255786486,-15.392063085075227,-16.079978350369434,5.526632781322551,5.72679151366922,0.015232285274924595,0.015232285274924595,-1.4612576793776808,0.6071810010521509,0.001710046600413137,-0.016573720244498144,0.019167532594359465,-0.03878744003452414,62.190617873720875,20.547904403757876,482.3406183198799,1.7905988034217342,164.7250098571992,DESCENDING,15,20,False,p05700,80.43300000000002,22.44470391663672,-0.029139423070378645,-0.014473382990250527,-0.007846284844189366,0.004187555454883973,-0.5070477378061593,-0.6879152652942064,-41.642713469963
0.7453319110453281,0.7051503414401555,0.35644282078634587,0.35457407778444977,0.18324004494309157,0.18319332176486494,0.4830293813508657,0.4920728716439624,-8.200357887961802,-8.207015673650423,-14.77190897194562,-14.522875710057079,4.772671354002835,4.510001124030074,0.01332959724988958,0.01332959724988958,-1.5225693904948425,1.0268544241663091,-0.00011954119576893231,-0.0200210954310765,0.024397007833123978,-0.045978177641845044,74.19595148794394,25.913563359590075,791.2632138456461,6.744670569949018,153.80650564955818,DESCENDING,15,20,False,p00166,80.84307161455189,22.122749191519922,-0.04018156960517261,-0.0018687430018961004,-4.6723178226626416e-05,0.009043490293096701,-0.006657785688620521,0.2490332618885418,-48.28238812835387
0.5729988651329441,0.5436023708710817,0.26114690594455636,0.2510956818333993,0.016377663773717306,0.007516074774013606,0.2616434572188834,0.2536754764027589,-9.93781180980376,-10.698921884837787,-16.359581814594524,-17.337569567907117,4.723952997648531,4.9912995469840045,0.01162373841520925,0.01162373841520925,-1.5177431201589873,1.0463742558910039,-0.00023609040330332132,-0.02027287234273532,0.026025454850757208,-0.04686555309269115,72.54111933380992,24.988170434222344,789.9599511812398,5.50204121881471,193.6197613647569,DESCENDING,15,20,False,p00070,80.86792443967624,22.11699999999998,-0.029396494261862416,-0.010051224111157053,-0.0088615889997037,-0.007967980816124487,-0.7611100750340274,-0.9779877533125934,-47.55294889958758
0.7221944389329682,0.6710016807288469,0.33504520197802046,0.3197344344934327,0.16102464498950728,0.125079954911579,0.45915125163611487,0.4168220933860953,-8.7647022034368,-9.328898919807008,-15.445152842275917,-15.967709586021103,4.960478716122832,4.962000560308018,0.013487037482958986,0.013487037482958986,-1.5287277080910748,1.0523555069906445,0.0011175490337979482,-0.021635425581821494,0.03396884496753356,-0.04951323642286135,72.47051999908294,25.423652152075384,864.6502703826965,5.424196851401502,146.31349993600418,DESCENDING,15,20,False,p02090,80.99218856529802,22.231983830398836,-0.05119275820412128,-0.015310767484587762,-0.035944690077928276,-0.04232915825001954,-0.5641967163702084,-0.5225567437451861,-47.046867847007555
0.5167097095512745,0.4943427628741123,0.2539077539470459,0.2558248065519377,-0.038477992434447036,-0.02574890563447182,0.19635164462845917,0.21598809595293503,-10.818978627438893,-11.967632281703999,-17.31371664031641,-18.969107155025274,4.72320357203537,5.325983427917987,0.013313161881970514,0.013313161881970514,-1.5611341162799055,0.8190863210538332,0.003934115794868258,-0.017243100491524443,0.02217746669525359,-0.03999598937782131,73.01922960429569,26.573763425868872,610.4017550736359,6.119007431464931,161.06577126446902,DESCENDING,15,20,False,p02929,80.6131829821516,22.28372655407832,-0.022366946677162214,0.001917052604891778,0.012729086799975215,0.019636451324475862,-1.1486536542651056,-1.6553905147088628,-46.44546617842681
0.641930753863224,0.6512136499931751,0.3094537951023511,0.3120411898740174,0.08426275441537526,0.0957359557260942,0.3625350625440989,0.38661362214426503,-8.33406531317638,-8.52707769729543,-15.012312935501427,-15.536343894806247,4.834537710356564,5.181662335304773,0.00874379293830474,0.00874379293830474,-1.4812368660975919,0.727388344397444,0.002658277327517192,-0.016681329505937193,0.019225281976057385,-0.0398886709425864,64.63714944175295,23.001987186038935,499.0635809520763,3.945981354700067,203.90130133648609,DESCENDING,15,20,False,p05620,80.5572641256218,22.438954725116776,0.009282896129951146,0.002587394771666307,0.011473201310718939,0.02407855960016614,-0.19301238411905075,-0.5240309593048202,-41.63516225571402
0.7373390368540301,0.7130210058860497,0.35684547328066885,0.351996766980144,0.17021040316734862,0.1738424043445118,0.47168908608560234,0.4822760544077926,-8.262851605408983,-8.38998496910948,-14.988370311887289,-15.295536838809266,4.953576558706084,5.226245509935232,0.01986002847913204,0.01986002847913204,-1.5649758413838817,0.934593062470432,0.000875602575511604,-0.01880553262780414,0.022194646424737598,-0.04304229532714934,68.35906765729271,25.22461015613168,602.0219772403982,4.927163845085891,138.3920926666529,DESCENDING,15,20,False,p00051,80.74987352033556,22.11699999999998,-0.024318030967980464,-0.004848706300524863,0.003632001177163169,0.010586968322190249,-0.12713336370049788,-0.30716652692197677,-43.13445750116104
0.6375958145490351,0.603635649449185,0.2969251864713885,0.28162815724053414,0.08127199413680025,0.04280504245309737,0.35109571277441015,0.3113925318941501,-9.225449274871037,-10.142374821678278,-16.096845199274536,-17.348099423834203,5.195945449745295,5.638770015906275,0.01251486778153399,0.01251486778153399,-1.5709042949524359,0.9737902840251822,0.0012351698450349371,-0.020784938399724184,0.03191784657076011,-0.04899320816650275,78.12205488540266,27.75295889627988,715.2018878782542,3.9017376152948504,148.85414102338666,DESCENDING,15,20,False,p04495,81.02325459670347,22.369964426877463,-0.033960165099850115,-0.015297029230854353,-0.038466951683702885,-0.039703180880260036,-0.9169255468072404,-1.2512542245596663,-50.36909598912278
0.6481363370970301,0.634372359518272,0.3051440704248764,0.3161771749596374,0.11886612631137733,0.14441913747748455,0.3905190336511112,0.43076973971299337,-8.940862743964898,-9.255693001820358,-16.19350453646732,-16.50791304495947,5.492359876812918,5.479104632282826,0.013240012705124982,0.013240012705124982,-1.6013192871903938,0.7830941788119729,0.004203554422938341,-0.016333010429930662,0.02344290909835212,-0.038917081972596405,52.185484950736594,21.44446361119444,542.0726785369311,6.172765471054157,209.39404501255717,DESCENDING,15,20,False,p01017,80.53862450677853,22.174491915199408,-0.013763977578758135,0.011033104534760974,0.025553011166107226,0.04025070606188219,-0.31483025785546026,-0.31440850849214996,-30.741021339542154
0.6419526543930257,0.643200937627202,0.30098448897220875,0.3234398005653789,0.0706932108240243,0.10386799387985977,0.35173828703664367,0.3924821014751751,-8.894448782361131,-9.218681832726087,-15.47111179470296,-15.857354379773794,4.721225369666796,4.794822577087298,0.013374273914550372,0.013374273914550372,-1.5999918447685249,0.7806972502184133,0.004421058615827853,-0.016630098114546226,0.02244815312754856,-0.03912567424320057,63.80975949786045,23.712125113720866,525.7180196752778,7.673014476525631,206.22232264256573,DESCENDING,15,20,False,p03018,80.54483771305962,22.289475745598264,0.0012482832341762506,0.022455311593170157,0.033174783055835474,0.04074381443853142,-0.3242330503649562,-0.38624258507083375,-40.09763438413958
0.7405991958971164,0.7449324655516593,0.37111755403143326,0.3726937335756284,0.21370695077195492,0.21694891629860832,0.5157470704219927,0.5232453736046667,-9.023923172914424,-9.342950587459029,-15.742662448900337,-16.03567637507302,5.0022922123915645,4.937878115618233,0.00846011151348891,0.00846011151348891,-1.4376214885327603,0.8357300500671482,0.0016228546819351793,-0.01822506719093918,0.019444988643521153,-0.04116010049679558,78.30844543183058,27.88226374746569,771.8584363265013,10.054623233972073,181.81737039747193,DESCENDING,15,20,False,p03745,80.71259428264902,22.329720086237863,0.004333269654542837,0.0015761795441951443,0.003241965526653401,0.007498303182673971,-0.31902741454460504,-0.2930139261726836,-50.42618168436489
0.6822206676175403,0.63953023218759,0.3442934937019355,0.34059412694125846,0.10796706952947806,0.09638598066093607,0.3832822585623107,0.3652616913385257,-9.960739542803296,-10.591959872651604,-16.30574332450559,-17.036806011328107,4.590038387586474,4.75878318500227,0.009337657522411003,0.009337657522411003,-1.5513414823797242,0.8889558722923501,0.0017419040204463283,-0.018365650259681388,0.021289108900491405,-0.042141155444571365,85.7431165284484,30.447178061426122,845.6556512413376,5.860475725513424,231.77995293967004,DESCENDING,15,20,False,p01444,80.70638107636793,22.19748868127918,-0.042690435429950324,-0.0036993667606770586,-0.011581088868541992,-0.018020567223784978,-0.6312203298483077,-0.7310626868225185,-55.295938467022275
0.7222470696444437,0.7076080369485518,0.33767103732764675,0.3629233779417409,0.15833404008013716,0.18523727082031247,0.4476818892410721,0.4899967082463261,-9.477213622124308,-9.758337437137222,-16.009855496549317,-16.100437471664055,4.765780997625911,4.546984269080091,0.013273367242136347,0.013273367242136347,-1.5820062715427234,0.8363987813107641,0.0038734439741811657,-0.0172093973086182,0.022631241956726347,-0.04012854562329876,74.99221984908613,27.725213855450512,618.2519038781518,7.467794061180082,236.68078842954057,DESCENDING,15,20,False,p02429,80.6131829821516,22.254980596478607,-0.014639032695891951,0.02525234061409415,0.02690323074017531,0.04231481900525397,-0.28112381501291317,-0.09058197511473765,-47.267005993635614
0.7394147425497938,0.7210801475938972,0.35385735629211984,0.35882894813439975,0.19108422395019123,0.20099464661638183,0.48662566470370583,0.49959146473920873,-10.028905856655335,-10.468383923489878,-16.748020257323926,-17.065213160680972,5.030808839692942,4.879607607637454,0.012474340825654018,0.012474340825654018,-1.525863941073159,1.053108630039469,0.001033277470757733,-0.02157068218457662,0.033354518354888604,-0.04938654587071464,72.54031781024705,25.471555518754982,843.045053477006,9.223995456254446,235.73279096370607,DESCENDING,15,20,False,p02089,80.98597535901693,22.231983830398836,-0.01833459495589662,0.00497159184227991,0.009910422666190605,0.012965800035502906,-0.4394780668345426,-0.3171929033570464,-47.068762291492064
0.7476546947466931,0.7356873314795644,0.367093584998834,0.3728310125550472,0.18893961085741348,0.20627291067991402,0.4859080742616713,0.5100464363862786,-8.879924580665312,-9.335946232234951,-15.614558507319513,-15.956277308803305,5.0421893170472405,4.905902933902699,0.013510517422992807,0.013510517422992807,-1.5116794252103116,1.0569686140488799,0.0006164579570978492,-0.021251365341816788,0.03031375191016846,-0.04875776365437718,72.8701038325822,25.72222182700715,839.3394576168118,7.91743420262949,212.28899629502186,DESCENDING,15,20,False,p02084,80.95490932761149,22.231983830398836,-0.011967363267128661,0.005737427556213204,0.017333299822500536,0.024138362124607238,-0.4560216515696389,-0.3417188014837915,-47.147882005575056
0.7392395558654783,0.7332045905581585,0.334432469760038,0.3251355022002449,0.17995178012693971,0.16674100634412187,0.48985077745914546,0.48500216675376795,-8.987972394544972,-9.52041694305763,-15.90471220152175,-16.358424831221033,5.202553968119375,5.109932985814001,0.01326268993072377,0.01326268993072377,-1.5146175525131658,0.817186914727239,0.0031513091806444197,-0.017644934530645293,0.021138327209103677,-0.040357543254629785,78.9177955358568,27.95888589007141,620.8718762744807,3.4513838353951583,185.77633125684704,DESCENDING,15,20,False,p03235,80.65046221983813,22.30097412863815,-0.0060349653073198395,-0.00929696755979309,-0.013210773782817847,-0.00484861070537751,-0.5324445485126574,-0.4537126296992824,-50.95890964578538
0.5641612010734948,0.5638505397255363,0.26136602064748027,0.2578611630859339,0.03384262205280661,0.02716095867036136,0.2962577897164515,0.29830419876596315,-10.448605022607588,-10.948094760098341,-17.168550374038375,-17.93765878211601,4.961708093184321,5.318456743200703,0.013426580849424496,0.013426580849424496,-1.496743133050083,1.0718122381262027,-0.00019474226505177605,-0.020487792964942186,0.02473523646968523,-0.046984905221427516,72.10599886148405,25.96493197011424,736.5324502781223,7.979206851014444,214.85214294289483,DESCENDING,15,20,False,p01172,80.88035085223842,22.18024110671935,-0.0003106613479584297,-0.003504857561546393,-0.00668166338244525,0.002046409049511644,-0.4994897374907534,-0.7691084080776349,-46.14106689136982
0.4502645145176128,0.47262403429911864,0.23506609187454838,0.24948227461241293,-0.11363727261497164,-0.07559409802539299,0.09037316220269044,0.15288246181425083,-10.116748507386903,-10.663692644919179,-16.43586560153355,-17.380930093354515,4.514199661338711,5.06633578681001,0.007800515529908014,0.007800515529908014,-1.3543261730936145,0.8660117173256683,0.0004270048966840561,-0.017716505584770774,0.016730811329992098,-0.040094677705677734,56.11112586294647,21.223799577594672,604.8738766086977,4.131571589483861,163.8676055887969,DESCENDING,15,20,False,p05657,80.78715275802209,22.438954725116776,0.022359519781505854,0.014416182737864547,0.03804317458957865,0.06250929961156039,-0.5469441375322752,-0.9450644918209647,-34.887326285351804
0.556250601324699,0.5141918668551647,0.292320197100973,0.27135136667792664,-0.018761006458009627,-0.04097436187255219,0.20136789846911565,0.18748812724821318,-9.454283874738154,-10.11128646115019,-15.970066129417038,-16.585129468348104,4.666992155415627,4.636510748730888,0.009417094564552309,0.009417094564552309,-1.5626322177339735,0.7297842720865738,0.003913331152357469,-0.015705491362371236,0.02355196212752976,-0.038056649073566616,54.85291083101166,24.236610757246655,571.817692016526,4.1798113860947606,165.09011911185576,DESCENDING,15,20,False,p00109,80.48891885652982,22.122749191519922,-0.04205873446953423,-0.02096883042304637,-0.022213355414542564,-0.013879771220902476,-0.6570025864120357,-0.6150633389310656,-30.616300073765007
0.7473354255029145,0.7103677889807939,0.3390895587344404,0.32543773557587485,0.21498745981311176,0.17282607106838335,0.5196449164070689,0.48713690118690683,-8.138700722432661,-8.7231845422956,-15.516892839553892,-15.999801829372828,5.8602168506967915,5.692216958100516,0.013649232754388674,0.013649232754388674,-1.5730918027906815,0.9713802576973474,0.0011858206394218319,-0.020667584865089406,0.031815224404054154,-0.04905109403322259,72.9584978370771,26.653503105153135,677.3050017181168,5.300190990674219,161.8776141349081,DESCENDING,15,20,False,p04896,81.02946780298456,22.392961192957234,-0.03696763652212065,-0.013651823158565557,-0.04216138874472841,-0.032508015220162056,-0.584483819862939,-0.48290898981893626,-46.30499473192397
0.6507470809897682,0.6225953111077843,0.31405084232255376,0.3123960041072735,0.07757589020697739,0.06606005255862298,0.3399538710745219,0.3419449257217016,-9.074995092152747,-9.242196322357936,-15.846845032400585,-15.96661682235989,4.911758280003227,4.891983529865874,0.008596726182132142,0.008596726182132142,-1.5669606672286531,0.7766236623909011,0.004076955535201544,-0.01678412353044277,0.021708061562763583,-0.03935829964443602,67.94754845350708,24.63170401640305,599.0606685695551,9.155213355400443,203.72747115684436,DESCENDING,15,20,False,p03621,80.56347733190289,22.32397089471792,-0.028151769881983868,-0.0016548382152802854,-0.011515837648354413,0.001991054647179691,-0.16720123020518862,-0.11977178995930515,-43.31584443710403
0.7569640088620908,0.7592069156178639,0.3813335482241769,0.3886213200779208,0.19527523772691846,0.20822729267836415,0.4965816925258275,0.5220537814150028,-8.630589784134155,-8.80085912017182,-14.824086108762904,-15.192317271980238,4.384042392805173,4.5994054905857205,0.012311764963132243,0.012311764963132243,-1.462375749094889,0.827270030510726,0.002025557214257231,-0.0182061862833842,0.020038415975430417,-0.04109805047214418,86.838769236549,30.564493534126353,866.2022218489828,6.999592101158909,116.20026233494096,DESCENDING,15,20,False,p03243,80.70016787008684,22.30097412863815,0.0022429067557730997,0.007287771853743852,0.01295205495144569,0.025472088889175293,-0.1702693360376646,-0.3682311632173345,-56.27427570242264
0.7484128588207348,0.6998239401809325,0.341556115504412,0.32844487948530976,0.20529640690254652,0.16578975500129992,0.5217909558752708,0.48322358158006934,-8.577834773050787,-9.271249262105597,-16.011618111624404,-16.382359621081083,5.960421142620746,5.486363272634931,0.013657022454894863,0.013657022454894863,-1.5499301082396522,0.9693964250001721,0.0007316062687469282,-0.020426771292894115,0.028351766159515075,-0.04828930623306514,72.59073406457901,26.028797891235698,687.6655923744007,4.554913480626575,197.95096565747505,DESCENDING,15,20,False,p04690,80.99218856529802,22.38146280991735,-0.0485889186398023,-0.013111236019102246,-0.03950665190124661,-0.03856737429520146,-0.6934144890548097,-0.3707415094566784,-46.56193617334331
0.7388847576861619,0.7029211824342085,0.33419163312358063,0.32902116670440335,0.1728188150790585,0.15935769287142032,0.4797833944178663,0.47962448586506296,-8.814271035163241,-9.448276853005085,-15.696813105151623,-16.097277037583,5.127548548872001,4.906753840486493,0.008549939345733448,0.008549939345733448,-1.5182495953986979,0.8132566399676835,0.0033092960930549463,-0.01748070219647743,0.02113050144467289,-0.040162681535117914,76.08664454020322,27.06824761068441,616.9210002319053,3.4429312840361117,179.824359661258,DESCENDING,15,20,False,p03333,80.63803580727595,22.306723320158092,-0.03596357525195337,-0.005170466419177289,-0.013461122207638176,-0.0001589085528033718,-0.6340058178418442,-0.40046393243137857,-49.018396929518815
0.7534706902460936,0.7283632799219034,0.3952625515609812,0.3754110639537224,0.22316381590486173,0.20735629475544315,0.530267541559437,0.5222810241473254,-8.678957536481214,-8.806775436227316,-15.381066308433264,-15.248624774904686,4.93020707307534,4.641423038526364,0.01991932714592437,0.01991932714592437,-1.548865320986769,0.9742871960640153,0.0002996552133716506,-0.019298060457793705,0.022117005716346966,-0.043996105344705515,71.78019888671763,26.038414698380688,663.094220167169,11.696938129378834,198.26700982494845,DESCENDING,15,20,False,p00057,80.78715275802209,22.11699999999998,-0.02510741032419017,-0.0198514876072588,-0.01580752114941858,-0.007986517412111649,-0.12781789974610192,0.1324415335285778,-45.741784188336936
0.7537026477577166,0.7323753182639777,0.37906027977249784,0.39914122197628793,0.19361853031399998,0.22045241527006745,0.48949223112054663,0.5292265829773963,-9.221937966831755,-9.256030210872122,-15.677756216032906,-15.494013899148792,4.649581686547273,4.4623565668570215,0.013403931989327988,0.013403931989327988,-1.564588996535146,0.8540717037599979,0.002914492150553965,-0.01769006526986883,0.021936276995118898,-0.04085689653443173,79.30112511023184,29.565893084437935,836.4112107659198,9.882067735044448,158.47316120876593,DESCENDING,15,20,False,p01836,80.65667542611922,22.22048544735895,-0.021327329493738834,0.020080942203790086,0.026833884956067477,0.0397343518568497,-0.0340922440403677,0.18374231688411413,-49.735232025793906
0.69655004728059,0.7073723802269163,0.32569495054532027,0.3391223934673289,0.1355187100683174,0.16161826102656776,0.4245816468113742,0.46093179310969656,-8.415899485825612,-8.740994929928917,-15.29135445184174,-15.774122620132795,5.049536393082563,5.259928581353382,0.013422583807912725,0.013422583807912725,-1.5548206879628101,0.7529594663915394,0.003816582215548386,-0.0166596690876079,0.02114493920900486,-0.03922626523862285,69.5369614737608,25.120729525271095,576.9306367209792,4.272461275049634,177.65831209858266,DESCENDING,15,20,False,p04018,80.54483771305962,22.34696766079769,0.010822332946326285,0.013427442922008648,0.026099550958250367,0.03635014629832234,-0.3250954441033045,-0.48276816829105584,-44.4162319484897
0.7783608249534897,0.7419096133408856,0.3951182195302537,0.3937403020996584,0.25760964394176217,0.26534539985713307,0.5674519269480077,0.579230623992225,-9.35148275073951,-9.593942568275875,-16.13242446358221,-16.12575401538462,5.063320235073555,4.757422918410477,0.012261778786834099,0.012261778786834099,-1.5431028379784018,0.918433122357563,0.0011767595146361693,-0.0187407555016029,0.021368335048748553,-0.043002775690631614,82.42097785137251,28.705836987146725,764.116780317582,9.477445895761296,244.96981047509274,DESCENDING,15,20,False,p01249,80.73744710777338,22.185990298239293,-0.03645121161260412,-0.0013779174305953434,0.007735755915370901,0.011778697044217301,-0.24245981753636414,0.006670448197592549,-53.71514086422579
0.6928574197383196,0.6700263896053998,0.3130773119222357,0.3142174815100607,0.13591797575477255,0.17898452576722174,0.4349242987542687,0.48758184225109735,-8.691771063905474,-9.018804607911843,-15.456260648418157,-16.038933367060405,5.021125182829284,5.324441347149737,0.011323080724801371,0.011323080724801371,-1.5919237943953812,0.8501515860928089,0.0029868621415947818,-0.017467967175867655,0.022843808612619875,-0.04081444077203536,60.17280894092929,23.965037521104275,557.949368811188,5.166166358476819,158.11735228900997,DESCENDING,15,20,False,p00934,80.64424901355704,22.168742723679465,-0.02283103013291976,0.0011401695878249796,0.04306655001244919,0.05265754349682866,-0.32703354400636897,-0.5826727186422485,-36.20777141982502
0.625033926926794,0.6045286331424676,0.2983453765084905,0.2856772289142677,0.06113286569824014,0.038046227890383935,0.3208774699200051,0.30110702520265403,-8.957812997325584,-9.571857748175239,-15.66102204673475,-16.358125941017857,4.938777515619597,5.02918807064004,0.012162123174075834,0.012162123174075834,-1.4567110708232145,0.7875620528794921,0.0025981427830137492,-0.017091518217117522,0.019000851869954975,-0.03988906040444461,64.65001400239277,23.304551765213912,599.8419731973763,5.643015255280216,190.04869063506396,DESCENDING,15,20,False,p05131,80.62560939471378,22.410208767517062,-0.020505293784326417,-0.0126681475942228,-0.023086637807856206,-0.019770444717351066,-0.6140447508496543,-0.6971038942831065,-41.34546223717885
0.7868068383973401,0.7552133980190445,0.3834810583885739,0.3940868057243697,0.22625423024514127,0.2248405899953088,0.5351260893558003,0.537574493264217,-9.486390237140606,-9.69872999890348,-16.277056053738214,-16.21370693348507,5.086775674880032,4.793420188994691,0.010425967225049404,0.010425967225049404,-1.5040673611293405,1.0823405590919928,2.7035544078642766e-05,-0.021050176672202915,0.03001728906094733,-0.048891957422340426,67.79000891995257,24.40459564828525,780.322861123121,11.69653808585931,209.982738466958,DESCENDING,15,20,False,p00880,80.93005650248713,22.162993532159522,-0.03159344037829559,0.010605747335795834,-0.0014136402498324818,0.0024484039084167186,-0.21233976176287328,0.0633491202531431,-43.38541327166732
0.7597029355328936,0.7138434356609872,0.3539101138492147,0.33771220114797873,0.22193654757015716,0.18871348944109184,0.5379193518560954,0.5063295877787456,-8.64030072330209,-9.212395574511968,-15.80133580636625,-15.926664684395032,5.522355160249556,5.020792182494308,0.010033028201428373,0.010033028201428373,-1.5270079302172825,0.9459688731615251,0.0004140302880876752,-0.01983312398110439,0.02573467467989979,-0.04734281940270341,64.80964111455918,24.20280500575425,673.0263666725261,4.885752408955083,192.79320538838908,DESCENDING,15,20,False,p05188,80.97976215273584,22.410208767517062,-0.045859499871906406,-0.016197912701235995,-0.033223058129065314,-0.03158976407734981,-0.5720948512098776,-0.1253288780287818,-40.606836108804934
0.7289600119005087,0.7284585940145133,0.3337603974586787,0.3430345787987305,0.17713914083395146,0.19448720273483158,0.47995755966437886,0.4978640419732328,-8.478385380901765,-8.81914502996137,-15.441736185694914,-15.623937081595997,5.255019413400477,5.07939788213362,0.012405501048268652,0.012405501048268652,-1.5247817136280932,0.9963418321347504,1.6118419719118802e-05,-0.019704882793844733,0.02238904457332161,-0.04499612012353698,78.5510741865254,27.938554866999798,773.3023786458298,5.933148122943404,203.09063032913556,DESCENDING,15,20,False,p00561,80.81200558314644,22.145745957599694,-0.0005014178859954477,0.009274181340051812,0.01734806190088012,0.017906482308853944,-0.34075964905960454,-0.18220089590108302,-50.6125193195256
0.6062639160072224,0.5704628664851173,0.3003516434496638,0.2991668891718611,0.08609961658131668,0.09327809944566758,0.32175208895476237,0.3419862880714978,-9.939943944131382,-10.541931551496203,-16.805657035794393,-17.57472906132032,5.2073245466789455,5.480728181844856,0.013614680264928958,0.013614680264928958,-1.469851223880356,0.9562623274563227,3.676263245434995e-06,-0.020023330048371993,0.022688919770185643,-0.04649309404875609,67.63409358884124,23.62087218852976,713.5395625603092,10.026037311032491,221.84757156642007,DESCENDING,15,20,False,p03472,80.88035085223842,22.312472511678035,-0.035801049522105055,-0.0011847542778027353,0.007178482864350896,0.020234199116735407,-0.6019876073648209,-0.7690720255259258,-44.01322140031148
0.7192303913394573,0.6880840036448245,0.33703767169622534,0.3358527206716031,0.1613807871756793,0.15089151891236238,0.4603666824593841,0.4529093090193017,-8.916671768121882,-9.338069524777744,-15.698547704075661,-15.949178857741275,5.019105358955631,4.81040431196268,0.008747748604249317,0.008747748604249317,-1.5927977829076634,0.8265367561880785,0.004182913924045915,-0.016965013644026684,0.022888209081158278,-0.039782010396270655,70.63518830379286,26.453064657517036,569.2156447018921,4.439962236374685,157.57953563542094,DESCENDING,15,20,False,p02326,80.59454336330833,22.249231404958664,-0.03114638769463285,-0.0011849510246222383,-0.01048926826331692,-0.007457373440082404,-0.4213977566558622,-0.25063115366561384,-44.182123646275826
0.5578664018682825,0.5557802177797951,0.26411565712775736,0.27665093863422996,0.07215545299352207,0.08524639318198592,0.3108812376143789,0.3337235110486959,-8.864189085100843,-9.079147931656804,-16.261170035536516,-16.64231101944514,5.7558555299220995,6.056542134005357,0.011730475194961953,0.011730475194961953,-1.6001941329255247,0.7775071384416408,0.0042317517997552765,-0.0162776213026804,0.02341940235930959,-0.03880407366221497,52.053829958059666,21.41845323115424,528.6876433797784,4.131816828056957,156.01035151690778,DESCENDING,15,20,False,p01016,80.53241130049744,22.174491915199408,-0.002086184088487375,0.012535281506472595,0.013090940188463851,0.022842273434316995,-0.21495884655596065,-0.3811409839086224,-30.635376726905427
0.5723833630908527,0.5857610976997997,0.2680023461393494,0.2797412181265732,0.0013441990255857802,0.01633583408210955,0.2542749450068306,0.2816231436466739,-8.830893847221278,-9.224524888711953,-15.770075845550112,-16.584159105666068,5.1294468570778635,5.643703317290925,0.012181404723237366,0.012181404723237366,-1.5727323986392037,0.7061873506364131,0.0036951200161973634,-0.016150786181708416,0.021326244079402118,-0.03890621626068388,60.96615638907099,22.696377393861884,486.7702824795514,2.901807773184832,120.35991556795739,DESCENDING,15,20,False,p03504,80.45785282512438,22.318221703197977,0.013377734608946978,0.011738871987223787,0.014991635056523768,0.02734819863984328,-0.39363104149067496,-0.8140832601159556,-38.26977899520911
0.7732987097661375,0.7332879463928792,0.3699538710138801,0.3394885118798533,0.23419749403409146,0.16997644763255404,0.549218357249815,0.48887120189710553,-8.147112839102766,-9.030921444055332,-15.603204710559448,-16.00813547864322,5.964285079194477,5.301399910030161,0.011199131617227964,0.011199131617227964,-1.5770255456708147,0.9728671412480243,0.0012171540347571306,-0.02060025257562127,0.03229846396038147,-0.04920777641445837,71.77447079853577,26.474060582464393,688.8458496753043,4.404921880023148,172.05273098437607,DESCENDING,15,20,False,p04998,81.04189421554673,22.398710384477177,-0.04001076337325826,-0.030465359134026815,-0.06422104640153742,-0.060347155352709514,-0.8838086049525664,-0.40493076808377104,-45.300410216071384
0.634520695409336,0.6316892324334078,0.31135966993649766,0.3180718764802106,0.10420036272362387,0.11564968494232965,0.35748404926359884,0.3720093853431968,-9.401335024539103,-10.375814695012,-16.669243455965944,-17.586489429296833,5.708921931008006,5.593501638213575,0.010582221462381747,0.010582221462381747,-1.4353981307107462,0.8950590003571619,-4.1695361736555376e-05,-0.01917400006536637,0.020408777571739523,-0.044720840828266106,62.721865580899866,22.908258428538797,665.4873858251356,4.611649632003318,203.4264206429751,DESCENDING,15,20,False,p04570,80.86792443967624,22.375713618397405,-0.0028314629759281784,0.006712206543712962,0.011449322218705774,0.01452533607959794,-0.9744796704728973,-0.9172459733308891,-39.81360715236107
0.7355911909403482,0.7207115495179581,0.340060131241366,0.3376510326312945,0.1947815003066208,0.1697180277977183,0.499321081240687,0.48304762317918415,-8.732704336390743,-9.314516687902222,-15.557965361659797,-15.896887933722008,5.0673898784561375,4.808648401155112,0.013506720321826537,0.013506720321826537,-1.498731533989342,0.8161702199765014,0.002919268941428031,-0.017668252940596114,0.020701328393778817,-0.040338940226139264,78.37982921156976,27.739761068045066,618.9769942103566,4.8028867803152115,180.9682775812157,DESCENDING,15,20,False,p03436,80.65667542611922,22.312472511678035,-0.014879641422390066,-0.0024090986100715472,-0.025063472508902507,-0.016273458061502877,-0.5818123515114788,-0.3389225720622111,-50.64006814352469
0.6394856137199462,0.6070342494411155,0.288025811885373,0.28436209855758715,0.08804599911816517,0.06534380021675114,0.3648205394610516,0.3446785508040594,-8.436432848454452,-9.012058213038081,-15.761917914267064,-16.407220302536278,5.619407990248124,5.691220639203487,0.013331661132638617,0.013331661132638617,-1.619369748523517,0.7576553068782096,0.004547423050352308,-0.01637802911230548,0.02234228617404445,-0.038775537262964364,59.94114173415803,22.424076288938522,493.8050805193134,3.1227255908235327,180.5402677005744,DESCENDING,15,20,False,p03112,80.50755847537309,22.295224937118206,-0.03245136427883066,-0.003663713327785867,-0.022702198901414034,-0.020141988656992182,-0.5756253645836296,-0.6453023882692133,-37.51706544521951
0.6326402100376683,0.6029507327039025,0.2897636650347296,0.2855857397355974,0.07369342037674752,0.07064526598411605,0.31653987450195187,0.3253327946596134,-8.508839047241633,-9.32013078223115,-15.419510645715443,-15.955389604068017,5.226228755214617,4.942565903671367,0.012921143886368669,0.012921143886368669,-1.4056741816826415,0.884150586170679,-6.018493395565112e-05,-0.01842776545622714,0.018429530695820696,-0.04292369053003871,62.26954221725464,24.222400009849643,697.2215147908195,5.834005703832113,113.55994216282289,DESCENDING,15,20,False,p05673,80.88656405851951,22.438954725116776,-0.029689477333765812,-0.00417792529913219,-0.0030481543926314664,0.008792920157661532,-0.811291734989517,-0.5358789583525745,-38.047142207404995
0.7954022521054448,0.7691547655845974,0.4165924175398583,0.4097900776766266,0.2600395376746276,0.26179011609831127,0.567693286468396,0.5747149490928508,-10.0797137735989,-10.000450656420481,-16.589750136027888,-16.410160663159562,4.7322174851498735,4.623820840010418,0.013387914565140102,0.013387914565140102,-1.5609117396030936,0.8731922209727815,0.0020904638876757305,-0.01813722583811639,0.021425674174493935,-0.04163272368677878,85.05196065068897,30.557643701035683,725.7348993557157,13.439361318980344,232.70007603345465,DESCENDING,15,20,False,p01442,80.69395466380575,22.19748868127918,-0.026247486520847407,-0.006802339863231699,0.0017505784236836464,0.007021662624454805,0.07926311717841905,0.17958947286832583,-54.49431694965328
0.7665104032787743,0.736868679268954,0.38111190349673607,0.38676338272186506,0.20710845594393176,0.21287544181026075,0.5078169439663945,0.5194403375109874,-7.314906343425055,-7.664528432919216,-13.845846119056246,-13.983026531111772,4.735461782074846,4.560252488436364,0.009425453431990305,0.009425453431990305,-1.4919214251152322,0.8533085073377684,0.0018090407671996116,-0.01832722023810328,0.020461921381815754,-0.041636707151521464,86.28082512852922,30.432411215146676,855.4189331882767,11.443003647766538,99.77244656341998,DESCENDING,15,20,False,p02644,80.70638107636793,22.266478979518492,-0.029641724009820236,0.005651479225128986,0.005766985866328983,0.011623393544592853,-0.3496220894941606,-0.13718041205552645,-55.848413913382544
0.7154787616449462,0.6838768465739994,0.362732333034477,0.3583481773198323,0.17619764285972672,0.16911304844628444,0.46366166670234144,0.46834183028327264,-9.184116989105267,-9.235698465433769,-16.02762634738061,-15.965435957839963,5.020210727899828,4.86476536180145,0.008422551471760409,0.008422551471760409,-1.5784509625458831,0.7436171375422853,0.004026752144460733,-0.01649457768640733,0.021499575333342274,-0.03898706115947761,68.46025059170967,24.734404318741642,603.9548099828933,9.387292755847609,213.1706796489042,DESCENDING,15,20,False,p03914,80.51998488793527,22.34121846927775,-0.031601915070946784,-0.0043841557146446775,-0.00708459441344228,0.004680163580931207,-0.05158147632850252,0.06219038954064793,-43.72584627296803
0.7092035524904163,0.6920849342935611,0.3402739472825285,0.3392624594944136,0.13624283024597925,0.12741127651734765,0.43118847041362235,0.42530076389840826,-8.26026203482564,-8.517607824462635,-14.904804404120997,-15.163075438462814,4.762613312443769,4.79855472834078,0.013294621212886715,0.013294621212886715,-1.6016136566085564,0.8174116350520615,0.004257711577508143,-0.01678872048821672,0.023012777789311885,-0.039527483208231365,65.0063058065976,24.780025819537844,581.7652150262387,5.098209714578265,117.02103865352612,DESCENDING,15,20,False,p02123,80.57590374446507,22.23773302191878,-0.01711861819685523,-0.0010114877881149398,-0.008831553728631591,-0.005887706515214086,-0.25734578963699484,-0.2582710343418171,-40.226279987059755
0.6714757671463191,0.6554362278198275,0.2880563086267435,0.28935233873847965,0.10992538712508977,0.10933022694407775,0.4042567086598609,0.41195311032808046,-9.438553716309393,-9.689825224596664,-16.26173853523922,-16.788088031392405,5.087806979563415,5.5495349231056075,0.01061817063563486,0.01061817063563486,-1.5146689973960628,1.0690459940111714,0.00040694575808570253,-0.021399832248244672,0.034234686912437425,-0.05003032738056041,64.22597689820383,23.398286283125174,715.0936339480086,9.001936867716738,207.41497791010383,DESCENDING,15,20,False,p00886,80.96733574017367,22.162993532159522,-0.016039539326491603,0.0012960301117361794,-0.0005951601810120222,0.007696401668219555,-0.25127150828727096,-0.526349496153184,-40.82769061507865
0.7740194431336971,0.756517467634972,0.3669073148198262,0.3712045491074922,0.20135857656577055,0.1944733626362637,0.5087017174043899,0.508129242627229,-9.040871474694,-9.28444394656834,-15.821112414354184,-15.792376546453276,5.082706601809968,4.742096059172011,0.010850804991406449,0.010850804991406449,-1.536895352932041,1.0381625820843359,0.0013734738093580383,-0.021771192048848104,0.03574149817796171,-0.049734954036539304,72.78373561860877,25.4072863774243,855.1726609497001,7.663805516446945,213.71721809804163,DESCENDING,15,20,False,p02092,81.0046149778602,22.231983830398836,-0.01750197549872512,0.004297234287665985,-0.0068852139295068615,-0.0005724747771608252,-0.24357247187433906,0.028735867900907763,-47.376449241184474
0.5921239161609935,0.5711513126428212,0.2840809185871931,0.29554884190765096,0.027689846949817267,0.0724592206168348,0.261899647013069,0.3271267643801126,-9.45463154791254,-9.843463866599247,-16.689520219961427,-17.320833464394482,5.5201821609633885,5.857629353609035,0.013285305307704665,0.013285305307704665,-1.6100353433790002,0.7945732240885343,0.004376723563553942,-0.01640853833183465,0.023256034049245273,-0.03888796668226617,54.48359750088651,21.678265904813625,536.4759092545914,3.313535790021204,172.3768175089024,DESCENDING,15,20,False,p01417,80.53862450677853,22.19748868127918,-0.020972603518172317,0.011467923320457873,0.044769373667017526,0.06522711736704362,-0.388832318686708,-0.6313132444330556,-32.80533159607289
0.756821826669379,0.7342208232929205,0.34657117268378285,0.34123692525736465,0.19993743811363246,0.18912357141239286,0.5067158720596016,0.5001881727687936,-8.43425965413196,-8.708209954910519,-15.459880717276299,-15.629363964630752,5.359529255011736,5.199356842600348,0.009177166720135022,0.009177166720135022,-1.545523267020052,0.8497392935409923,0.0026648764165810974,-0.017837572983048586,0.021489945971701455,-0.04096627865470332,84.31708860615073,30.60332694837492,665.5916261359272,5.122360168949187,176.29474913605515,DESCENDING,15,20,False,p02138,80.6691018386814,22.23773302191878,-0.02260100337645854,-0.005334247426418193,-0.0108138667012396,-0.006527699290807987,-0.27395030077855864,-0.16948324735445297,-53.71376165777581
0.6505169760391236,0.6796814166139975,0.28905523951117784,0.3177793236703269,0.08385339594015724,0.15869771197656457,0.3530140947770397,0.4479318583806843,-8.676230771580839,-9.400649408846027,-15.811031809218104,-16.412661164756724,5.455960090094359,5.434735987472931,0.00844188064075102,0.00844188064075102,-1.5646779550287058,0.9891610182497951,0.001426114668616812,-0.021176889145820815,0.03257659653972078,-0.04888797238619699,79.70189081685416,27.413176831205323,731.3638253139662,4.523170760953845,202.73626821644694,DESCENDING,15,20,False,p03893,81.01082818414129,22.335469277757806,0.029164440574873884,0.028724084159149066,0.07484431603640733,0.09491776360364457,-0.7244186372651882,-0.6016293555386198,-52.28871398564884
0.524535046789354,0.5073557184734058,0.23969501019928072,0.2351591275775496,-0.04311352808274057,-0.026138210383629967,0.20702533276044835,0.22719098490881942,-10.67914736104977,-11.608910368526308,-17.11390426899727,-18.52105178989588,4.654150598977025,5.238391782753269,0.011298129078259223,0.011298129078259223,-1.5938993051604866,0.8516210315618395,0.002953308595986647,-0.01745765242658809,0.02285002903187217,-0.04078682358768499,57.82768330857089,23.19280019960447,547.3821714175934,4.962713031227229,181.67985078808542,DESCENDING,15,20,False,p00834,80.64424901355704,22.162993532159522,-0.01717932831594826,-0.00453588262173113,0.016975317699110603,0.02016565214837107,-0.929763007476538,-1.407147520898608,-34.63488310896642
0.6385914868209986,0.6280611240620554,0.2678558263550888,0.28800762471035646,0.04885110463428786,0.09298345518059993,0.2933963871428442,0.36070377927309094,-8.943831756307832,-9.1759976160259,-15.793035370204741,-16.120046295729548,5.201777323048612,5.281641603730263,0.012401714629592941,0.012401714629592941,-1.5511452284473535,0.9632573757064181,0.0011275006773142592,-0.02187950850167245,0.04397892823485308,-0.05155846459754672,70.71034711015845,26.23143515386171,851.0914502648502,7.298927585016393,127.08218971172097,DESCENDING,15,20,False,p00299,81.04810742182782,22.128498383039865,-0.010530362758943257,0.020151798355267647,0.04413235054631207,0.06730739213024672,-0.23216585971806758,-0.3270109255248066,-44.47891195629674
0.7573348663859019,0.7586283565491961,0.3970227412023081,0.403884512009502,0.192146803610712,0.22440162512766296,0.49294174367389987,0.5384041009623716,-9.900437250961263,-9.882644242258245,-16.163794641577475,-16.133421719342696,4.5135007410744965,4.4976531580888786,0.00844188064075102,0.00844188064075102,-1.5652528463166084,0.9838118394297489,0.0013052680622194634,-0.02101757303293142,0.031956473367352176,-0.04885857782926131,80.3138148589717,27.822970755128974,881.2801048383205,14.078869932948498,208.63013136949073,DESCENDING,15,20,False,p04093,81.01082818414129,22.34696766079769,0.0012934901632942752,0.006861770807193857,0.03225482151695094,0.0454623572884717,0.01779300870301803,0.030372922234779054,-52.49084410384272
0.7802409872509531,0.7493980599405744,0.36629059734758007,0.3746611146935394,0.20425318416762547,0.20744875527134732,0.5115693197271962,0.5189891223371992,-7.302300890946756,-7.4715697256185365,-13.808389474534598,-13.822404585278777,4.737471463277953,4.577783130497376,0.01255985084052158,0.01255985084052158,-1.5014269761723529,1.0843349637317568,-0.00019757036310895116,-0.020856537992007908,0.028387392211853824,-0.048441306997675744,70.58871053210996,24.996221329873837,794.9398344567014,10.501144714301724,95.67777493155738,DESCENDING,15,20,False,p00677,80.91141688364387,22.151495149119636,-0.030842927310378743,0.008370517345959338,0.003195571103721845,0.007419802610002968,-0.16926883467178033,-0.014015110744178827,-45.59248920223612
0.5750166168019409,0.5571855189459634,0.27623482669733257,0.27739040071058235,0.05435658619438418,0.05993660108924322,0.30009532790328247,0.3143196265412136,-8.879028091960976,-9.460049398142887,-15.96020050488138,-16.79017199109126,5.2982826591384855,5.620738439252017,0.013201777011338955,0.013201777011338955,-1.6024850452585626,0.7884864242420384,0.004177479354796335,-0.016386214761320975,0.023467931081013253,-0.039025914230108545,52.3140804789402,21.46903588784896,534.8286928593856,4.715767952154424,149.66244073635843,DESCENDING,15,20,False,p01018,80.54483771305962,22.174491915199408,-0.017831097855977585,0.0011555740132497827,0.005580014894859042,0.014224298637931121,-0.5810213061819116,-0.8299714862098799,-30.845044591091238
0.597692203862232,0.5834162453995025,0.29322524414641654,0.286666126436064,0.031069027339427263,0.01836911559213002,0.28500471846743697,0.2859975954526786,-9.27314458501004,-9.913471482715112,-15.860021447094706,-16.621572534971424,4.8118339053376324,4.979494913840806,0.00914247556916492,0.00914247556916492,-1.4450194366686946,0.7904114910444706,0.002372291931224925,-0.017060271086239153,0.018686857511043896,-0.03998130749634267,64.39783624016172,23.234589673047523,584.9522443631258,3.524752712571311,198.82721040604702,DESCENDING,15,20,False,p05332,80.63182260099487,22.421707150556948,-0.014275958462729443,-0.006559117710352558,-0.012699911747297243,0.000992876985241642,-0.6403268977050711,-0.7615510878767182,-41.1632465671142
0.5994052842979024,0.5641569819485853,0.31637776025105635,0.30053698541844065,0.10738903583445174,0.09285058871538422,0.34371409330232344,0.3314321165460007,-11.14514293500302,-11.364854332394358,-17.991884448651827,-18.548523750091622,5.183640577355872,5.678014072487073,0.013095752303477037,0.013095752303477037,-1.4871084380454886,0.8680919120443573,0.0014787287582748497,-0.018536239532679574,0.020463580296222708,-0.04223870366811775,81.11961651065924,28.513046386685684,741.530251458459,10.03761013880507,258.19784349225506,DESCENDING,15,20,False,p02547,80.7250206952112,22.26072978799855,-0.035248302349317084,-0.0158407748326157,-0.014538447119067516,-0.012281976756322754,-0.21971139739133783,-0.5566393014397946,-52.606570123973555
0.7426528164984652,0.7196708749293076,0.38922527708273225,0.4003840183246917,0.2060862179653003,0.21833295791666296,0.4906676921311949,0.5142375084577282,-9.126212337855396,-9.06087116092677,-15.493911563618994,-15.482333900944937,4.544727672397151,4.626221631997802,0.009017453603925696,0.009017453603925696,-1.5779835410541525,0.8514766400957989,0.003309199554136743,-0.017473420355283344,0.022363565645325986,-0.04058063515640262,76.10832349618856,28.659200596330816,809.6449084691212,11.816753168376586,173.32978475155906,DESCENDING,15,20,False,p01933,80.63803580727595,22.226234638878893,-0.02298194156915756,0.01115874124195948,0.012246739951362662,0.02356981632653332,0.06534117692862651,0.01157766267405691,-47.44912289985774
0.6795245188720402,0.6391063521544385,0.315669394859408,0.31657727752652826,0.13593184383370108,0.13806409889355747,0.3982725529481036,0.41933965179326116,-9.220915813759778,-9.401413597965348,-15.728295278761609,-15.729221753453247,4.818236485304172,4.609742606304675,0.01279611767114841,0.01279611767114841,-1.4785891998828835,0.9869846585892286,-1.4446820285764591e-05,-0.020278209008259315,0.02339194884740706,-0.04693554729775932,69.98843537890998,24.32887411248075,789.2485785799397,15.231721457645275,190.58734436349965,DESCENDING,15,20,False,p03073,80.88656405851951,22.289475745598264,-0.04041816671760179,0.0009078826671202744,0.002132255059856397,0.02106709884515756,-0.1804977842055706,-0.0009264746916386457,-45.659561266429236
0.7607646898480622,0.7228699311317587,0.3484000950431458,0.35315534730055886,0.18920116636698545,0.18485023187268715,0.4986036879546187,0.4975034906765865,-8.439985673830762,-8.856811296666107,-15.326226480200004,-15.537425928813256,5.176893729516895,4.995089015863109,0.013437150089985361,0.013437150089985361,-1.4952904327887604,1.0960538268297748,-1.70991900412744e-05,-0.02098015951623049,0.027699173870327803,-0.048272255088970734,69.23593667525479,25.269589422171908,756.268510144464,8.846796590499826,190.1047260794751,DESCENDING,15,20,False,p01278,80.91763008992496,22.185990298239293,-0.037894758716303545,0.0047552522574130784,-0.0043509344942982975,-0.0011001972780321778,-0.4168256228353453,-0.21119944861325202,-43.96634725308289
0.7069789360350215,0.6837195705234868,0.3336583796016408,0.34166124267552256,0.15111954796991045,0.14899037298180984,0.445337937539326,0.4470802568375386,-8.779732821396168,-9.171602849946092,-15.69087368850717,-16.056253652803314,5.092978971643126,5.0588954663637,0.013393140699014539,0.013393140699014539,-1.6029761898882686,0.7769476433881154,0.0044416943146847665,-0.016582671399084096,0.022446394520699624,-0.03905692964564516,62.565057703520296,23.382347488534077,537.7697414199909,4.6002367450751365,224.06002607395084,DESCENDING,15,20,False,p02917,80.53862450677853,22.28372655407832,-0.023259365511534735,0.00800286307388176,-0.002129174988100613,0.0017423192982126134,-0.39187002854992414,-0.36537996429614417,-39.182710214986216
0.5109194131534673,0.48300000113313796,0.2504926501361574,0.2437502975992033,-0.04002237423663295,-0.049854622385363014,0.18494806547238474,0.17552031903070958,-9.715792843905582,-10.681188598581832,-16.72497628627737,-18.032206069971522,5.22068547140823,5.656511368558878,0.009024040106396458,0.009024040106396458,-1.6134448459539148,0.7407867159071541,0.004385438852044155,-0.016230755542519095,0.022158233813112344,-0.0388032563766039,59.12220392479513,22.228414572938515,485.8706140703681,3.492615711320968,196.16539841374544,DESCENDING,15,20,False,p03109,80.48891885652982,22.295224937118206,-0.02791941202032938,-0.006742352536954099,-0.009832248148730065,-0.009427746441675156,-0.9653957546762495,-1.3072297836941509,-36.89378935185661
0.7427510216952138,0.7237431369703219,0.34292290463963826,0.355302063067875,0.1806018506361832,0.18168748221542377,0.4820875304557685,0.4883203943548369,-9.170755643739225,-9.424663801380566,-15.962797487136017,-15.85991648768267,5.062191346707328,4.723517367913253,0.012676140966561222,0.012676140966561222,-1.5073674589267163,1.0753534305886296,-0.00012627104117309015,-0.020946043812166762,0.03029511557473477,-0.04897605727756325,68.19171481943219,24.030566220527593,783.3659875996453,9.582220790723888,191.71568564296638,DESCENDING,15,20,False,p00479,80.92384329620604,22.13999676607975,-0.0190078847248919,0.012379158428236725,0.0010856315792405757,0.006232863899068353,-0.2539081576413409,0.1028809994533475,-44.1611485989046
0.7611361619201251,0.7234180623172076,0.3415180010318532,0.3479867052299842,0.18320612886699844,0.20073784009143408,0.49372252722700527,0.5164887836588553,-8.755506048303138,-9.152873090902006,-15.43671468516528,-15.907348724453788,4.881943944817766,5.021186096778941,0.012056362350267413,0.012056362350267413,-1.5798080061689224,0.8671531926300268,0.0027491295698950026,-0.01775856665565419,0.022111430200873954,-0.04110366537405134,77.36881265065965,29.079493139347022,588.1212899611897,4.376545432721153,187.73589405033405,DESCENDING,15,20,False,p01437,80.66288863240031,22.19748868127918,-0.0377180996029175,0.006468704198131003,0.017531711224435642,0.02276625643185004,-0.39736704259886757,-0.4706340392885089,-48.28931951131263
0.7531944469977707,0.7462751331120567,0.40715762810995326,0.41980915017915854,0.21494826089418342,0.21339314988662006,0.5167682231314328,0.5223592388199152,-8.825002902987684,-8.845326657881369,-15.12828454588268,-15.00294060094707,4.494173380509046,4.346721391137769,0.013579547598723263,0.013579547598723263,-1.435086428649603,0.8471365578229986,0.001323208410907545,-0.018394957297149017,0.01947207351324194,-0.041730945569186,74.69611236251468,26.666787040298992,847.2974386450329,11.610438940912108,150.31597508216663,DESCENDING,15,20,False,p03648,80.73123390149229,22.32397089471792,-0.006919313885713985,0.012651522069205279,-0.0015551110075633645,0.005591015688482415,-0.020323754893684765,0.12534394493560974,-48.02932532221569
0.790527522432298,0.7632651202480493,0.39468516182921637,0.39850036259852906,0.24347291616031874,0.2574548531017545,0.5523453823949707,0.5710898618373029,-8.145136179915571,-8.49137907165227,-14.886513423589834,-14.997345375552923,5.00288263790424,4.732077275762308,0.00909564745503133,0.00909564745503133,-1.551047115160969,0.8567194220660441,0.002516196179219177,-0.01790878347281081,0.02150487455485703,-0.0411364077901684,82.77037903680129,30.203501181982027,734.5252866298091,9.501196124396936,128.02528262939344,DESCENDING,15,20,False,p01839,80.67531504496249,22.22048544735895,-0.02726240218424869,0.0038152007693126877,0.013981936941435735,0.018744479442332262,-0.34624289173669887,-0.11083195196308893,-52.56687785481926
0.6598517235764039,0.6955470102044166,0.28827586429028723,0.32212259010758837,0.06478147788731425,0.161983410275577,0.3371307038543038,0.4571747249370962,-8.732163745374208,-9.099007572092189,-15.4579105095802,-16.14981466197166,5.003792168670483,5.469276587319614,0.009130385352777881,0.009130385352777881,-1.4871065575950009,1.0697792246775597,-0.00010301609966922633,-0.020670467235791787,0.024861905507409483,-0.04743315168814906,71.1229050279208,25.61807835461342,684.0980004023334,6.60295312814323,153.1760128746731,DESCENDING,15,20,False,p01975,80.89899047108169,22.226234638878893,0.03569528662801269,0.03384672581730114,0.09720193238826275,0.12004402108279238,-0.36684382671798055,-0.6919041523914604,-45.50482667330738
0.6199278026832253,0.5806535670060052,0.3062381322095727,0.3000936632547476,0.0688683145135682,0.06849685411674389,0.313823468740175,0.32855987874009634,-9.285204672751423,-9.892790706135173,-15.806180816808052,-16.442810693462604,4.743349329851855,4.853899829510754,0.01250426081693401,0.01250426081693401,-1.5007089409530174,0.980279135131429,4.6607275943479956e-05,-0.019714072620930747,0.021476135663049973,-0.04514845652433428,71.63452245024241,25.39312555082313,706.1418143480297,7.9185861219759595,179.67847312762586,DESCENDING,15,20,False,p01661,80.81200558314644,22.208987064319064,-0.039274235677220104,-0.006144468954825066,-0.00037146039682431353,0.014736409999921318,-0.6075860333837504,-0.6366298766545526,-46.241396899419286
0.6480215740537458,0.6422081261847237,0.32443716086512847,0.3421933585211542,0.11414206415923311,0.13364773587660458,0.3667407809191696,0.4151098439598075,-8.336864629195862,-8.249169041004878,-15.378720976415085,-15.565887940400629,5.290705587521652,5.595517512948659,0.015385679732405677,0.015385679732405677,-1.5321843017935037,0.7219702467332653,0.003336337848553935,-0.015451905424853573,0.022509409241357175,-0.037511911405721375,54.89598900781919,23.900678895053254,604.0350234981937,5.495472897517394,126.13893995361234,DESCENDING,15,20,False,p00300,80.43300000000002,22.134247574559808,-0.005813447869022159,0.017756197656025707,0.01950567171737147,0.04836906304063787,0.087695588190984,-0.18716696398554333,-30.995310112765935
0.45330818680939156,0.44025478828088527,0.23913083434588386,0.2372376527590277,-0.03515881329228466,-0.04372825504236758,0.1487081423972419,0.14531996186899193,-9.583711327905352,-10.142415174879432,-16.650549321702663,-17.51658055031319,5.335056927787447,5.766882833402287,0.01345355867058573,0.01345355867058573,-1.5846876067785063,0.7259181918285326,0.003991620726988275,-0.016030495201914748,0.021951138834530086,-0.038579954031831384,59.45623172310194,22.530947291872835,499.2577254437679,3.826220512123127,138.55997568175087,DESCENDING,15,20,False,p02605,80.46406603140547,22.266478979518492,-0.013053398528506288,-0.0018931815868561686,-0.008569441750082923,-0.003388180528249962,-0.5587038469740797,-0.8660312286105274,-36.92528443122911
0.5810248748636286,0.5680998697420471,0.2865810058045371,0.28579368930754734,0.04669424461894549,0.06091034898542267,0.2871375287150747,0.3157855250493148,-9.071701115246505,-9.41977206370519,-16.102148128176616,-16.694028520189132,5.262579912824588,5.5840438248385125,0.013564967856887322,0.013564967856887322,-1.5163978337467006,0.6869735612346776,0.0029987905797374086,-0.016466606945470214,0.019950454056784906,-0.03915898767551331,67.74156482171752,23.44488823566402,539.3452047089071,3.8772630479328187,158.65485154084126,DESCENDING,15,20,False,p05211,80.501345269092,22.415957959037005,-0.012925005121581568,-0.000787316496989765,0.014216104366477182,0.02864799633424009,-0.3480709484586857,-0.5918803920125164,-44.29667658605349
0.5610368696486218,0.5258404713027519,0.28439243941281855,0.28020238935296643,0.022548767130423565,0.03196618860474048,0.25887200628591434,0.27223686975377204,-9.644044442198673,-10.466016927673023,-16.645225814878533,-17.670095730912603,5.234522643861928,5.516668535336209,0.011594897477358201,0.011594897477358201,-1.6107582686992867,0.7669606542815063,0.004504882800892978,-0.01628046968536154,0.02284775592178073,-0.03858673096757049,56.25693701215812,21.687577339369373,544.9553792126967,3.9288531225751724,164.35018278683933,DESCENDING,15,20,False,p02113,80.51377168165418,22.23773302191878,-0.03519639834586985,-0.004190050059852124,0.009417421474316914,0.013364863467857702,-0.8219724854743493,-1.0248699160340706,-34.56935967278875
0.6898171859520149,0.6654615127275877,0.34182193653536214,0.3599672408896533,0.15575047824620084,0.18553981593084626,0.4249454432344971,0.4707345092243868,-8.223772279301988,-8.379742372872201,-14.83872437847546,-14.80610072065146,4.913502194990271,4.6983572189578995,0.010305052208219756,0.010305052208219756,-1.4893780788096966,1.0040187256372353,7.763090930671849e-05,-0.02053929547828932,0.02483355711543612,-0.0475820723582306,72.4050220086994,24.885987266585733,788.012354959177,13.686655844415473,92.7633525521587,DESCENDING,15,20,False,p03076,80.90520367736278,22.289475745598264,-0.02435567322442722,0.01814530435429118,0.029789337684645423,0.04578906598988969,-0.15597009357021285,0.032623657824000674,-47.519034742113675
0.675096865311013,0.6503326996100418,0.3098035240001126,0.3133758552840923,0.11112656278810139,0.1300273947152914,0.39411954684094824,0.41875747998842905,-8.977187962628044,-9.35294354000943,-15.683872701714066,-16.014988884726712,5.0145440208487,4.99641601698729,0.012842929549755189,0.012842929549755189,-1.525961927965188,1.0478956349565427,0.0006586857746431519,-0.02165197346082035,0.03843767956942047,-0.05112420611282329,60.99859076243013,22.43561869908686,768.7197313545145,8.96196857264074,129.50248553108707,DESCENDING,15,20,False,p00591,80.99840177157911,22.145745957599694,-0.024764165700971175,0.0035723312839797128,0.018900831927190012,0.024637933147480806,-0.375755577381387,-0.33111618301264656,-38.562972063343274
0.5334471893923589,0.4777390670439821,0.2630745142330271,0.23541834668187886,0.015285770205597344,-0.03169972815023726,0.26008015326189277,0.20702058897111777,-10.899467072645749,-11.863577654078911,-17.27249751777358,-18.803814492312938,4.685585494627184,5.272625011692189,0.013443463338274952,0.013443463338274952,-1.554879904718211,0.8197818198283781,0.0038016775507795997,-0.01730867577592066,0.022030959413865202,-0.040066372598011976,73.83576462560859,26.690161369400446,600.1148844277376,6.542989682476203,170.67037510997355,DESCENDING,15,20,False,p03030,80.61939618843269,22.289475745598264,-0.0557081223483768,-0.02765616755114822,-0.0469854983558346,-0.05305956429077499,-0.9641105814331627,-1.531316974539358,-47.14560325620815
0.775568832146674,0.7502605582444405,0.35564403254282706,0.35778705886657697,0.2213018874211395,0.21852093612087778,0.528855858857405,0.532166715796244,-8.96377824850124,-9.269548423379941,-15.96241072430523,-15.982794261745227,5.276201825050807,4.997505343771802,0.010278179959121392,0.010278179959121392,-1.493211560724948,1.0860299481617166,-0.00023390241834040848,-0.020625521063520173,0.025233093094824157,-0.04732742426494943,71.76992563345047,25.793670950309735,784.3681952460294,8.058486875467866,236.8022586591324,DESCENDING,15,20,False,p01074,80.8927772648006,22.174491915199408,-0.025308273902233558,0.002143026323749908,-0.002780951300261708,0.003310856938838924,-0.30577017487870073,-0.020383537439997212,-45.97625468314074
0.6365635767034649,0.6167721097773171,0.3033790401747939,0.30100904782493704,0.1412249785549526,0.1280268936499533,0.4172748668303989,0.40768175361432146,-8.415627066803276,-8.757839005287725,-15.74940787903493,-15.972244906576563,5.603506829004736,5.442483527958026,0.013199194289885918,0.013199194289885918,-1.5997045419513345,0.7832030357687291,0.004132462408023957,-0.016364162718911758,0.023565510859923828,-0.03906110564922507,51.677045197112044,21.37850231836657,530.681705404021,3.8168459469842486,160.1474660647972,DESCENDING,15,20,False,p00918,80.54483771305962,22.168742723679465,-0.01979146692614775,-0.002369992349856853,-0.013198084904999324,-0.00959311321607742,-0.3422119384844482,-0.22283702754163315,-30.298542878745472
0.6437873498267833,0.6788918007107789,0.28535437893244026,0.316760312346716,0.07753591256323841,0.12954948943534056,0.35682469012395124,0.4240439906931298,-8.672095770577789,-9.416064008988993,-15.832649896814488,-16.47139877107692,5.486799022736854,5.400887345541276,0.01305602502835923,0.01305602502835923,-1.554586523321599,1.0002623238647164,0.0013100629019660158,-0.021204817540437845,0.03162409634282471,-0.048668217085129487,77.29577996240903,26.23205216028919,698.8136601275846,3.9910387388683692,186.9663213263626,DESCENDING,15,20,False,p03691,80.99840177157911,22.32397089471792,0.03510445088399561,0.03140593341427572,0.052013576872102146,0.06721930056917857,-0.7439682384112043,-0.6387488742624328,-51.06372780211984
0.6957544305478452,0.6758762841273682,0.31547767101023505,0.3387500288558873,0.12517700386231242,0.15945138438551296,0.4215130935003945,0.4629034048824419,-9.027116302163778,-9.459687355850447,-15.671679795377601,-16.08387986568359,4.869155581019515,4.855681673165415,0.011532995500979415,0.011532995500979415,-1.6067671655971416,0.8524862911369187,0.003940300024868104,-0.017100017283388134,0.023215813307865752,-0.040157878543729764,67.28897916541251,25.94698585549446,573.5739081030046,4.268457020309521,189.4496903157659,DESCENDING,15,20,False,p01728,80.60696977587051,22.214736255839007,-0.019878146420477028,0.023272357845652236,0.03427438052320053,0.04139031138204741,-0.4325710536866687,-0.41220007030598715,-41.34199330991805
0.7318178003389417,0.7493282355932925,0.38348270860827105,0.3899004435429702,0.19381611534845075,0.19746522217115572,0.4974718657945885,0.5089807593410034,-9.676176491481185,-9.738987073477142,-16.135744822624392,-16.156159395469764,4.669622335239448,4.648047898458618,0.013146436876235734,0.013146436876235734,-1.4446476870465808,0.8442428673598831,0.0014715857897448603,-0.01841790507761843,0.019729451006203807,-0.041755022079328505,77.31628975759358,27.49478622941666,833.2584524837677,9.723099190736646,244.2678005949524,DESCENDING,15,20,False,p03547,80.7250206952112,22.318221703197977,0.01751043525435081,0.00641773493469916,0.0036491068227049728,0.011508893546414878,-0.0628105819959579,-0.020414572845371737,-49.82150352817692
0.5494270848021979,0.5322537611541405,0.27534774999832107,0.274960127863315,0.005419120925602283,0.021925516603507278,0.2236538112529748,0.2554948095196187,-9.623355342380409,-10.691079965873888,-16.598532413294098,-17.843922763204958,5.398169887298261,5.693575631346617,0.012904226754675396,0.012904226754675396,-1.4962804537941556,0.9737948197805869,0.00028388611228531436,-0.02039592188665146,0.025362957840904633,-0.04743085819044077,68.79966165224711,23.836084586626864,689.0868446445805,5.193872627854615,164.43935348986818,DESCENDING,15,20,False,p03779,80.92384329620604,22.329720086237863,-0.01717332364805746,-0.00038762213500609377,0.016506395677904996,0.03184099826664394,-1.0677246234934792,-1.2453903499108598,-44.96357706562024
0.5919329887682157,0.6026591862492895,0.2881426350585575,0.2921842906855759,0.04645632147819845,0.06041713878371639,0.3066640195984081,0.33528335813817983,-8.718440135559035,-9.093491530042654,-15.639504323315613,-16.200151515011505,5.135804871640801,5.338229246270059,0.009269152367844646,0.009269152367844646,-1.5260182240565685,0.6675898086540686,0.00297508868047566,-0.01625886180663233,0.02050215842604853,-0.03885612477841034,63.377392382517364,22.858977276695914,477.8420253366906,2.922695120489145,176.32283898813074,DESCENDING,15,20,False,p04203,80.45163961884329,22.358466043837577,0.01072619748107384,0.0040416556270184145,0.013960817305517945,0.02861933853977172,-0.37505139448361824,-0.5606471916958924,-40.51841510582145
0.6765624929503206,0.6405486535066819,0.32114316029596146,0.31782864467859817,0.13178089707581458,0.11301722112208597,0.4173053999687243,0.3948099803441724,-9.289959907775488,-9.928701450804619,-16.049488966696885,-16.624289222609544,4.981460769619639,4.924971413316825,0.011880644519856709,0.011880644519856709,-1.594542545538292,0.8220170762515442,0.004223080331378398,-0.016905788349674607,0.022893105969659315,-0.03968297054727824,69.13422651936567,25.84837429128649,562.6246889676524,5.220622944786258,161.37207869618436,DESCENDING,15,20,False,p02425,80.58833015702724,22.254980596478607,-0.03601383944363867,-0.0033145156173632895,-0.018763675953728617,-0.02249541962455187,-0.6387415430291306,-0.5748002559126597,-43.28585222807918
0.6761630288989329,0.6782200997151963,0.29758068771936974,0.3098243525260102,0.12150443263447665,0.16212215952047854,0.40623629733566324,0.45603896205004624,-8.385234235029689,-8.857637655091432,-15.424549644009685,-16.25607804023278,5.430603173513592,5.792823913763819,0.013087069660611905,0.013087069660611905,-1.4731299901749386,0.9352688329022835,0.00015683112779192487,-0.019007076110629913,0.02204062027904444,-0.04521741827080689,57.18497165174789,22.488837397588444,642.3002476433933,8.523486179900937,146.26005751717523,DESCENDING,15,20,False,p05785,80.96112253389258,22.44470391663672,0.0020570708162633844,0.012243664806640464,0.04061772688600189,0.049802664714382994,-0.4724034200617435,-0.8315283962230939,-34.696134254159446
0.7827557593853351,0.7583764608940724,0.4023260728895956,0.39575181630152084,0.25364875913103274,0.24064815361674194,0.5647618922375385,0.5582716474033962,-9.126502095715434,-9.096497761751587,-15.759061375706597,-15.479018623130525,4.836365479068127,4.5841707207309135,0.01332267054017,0.01332267054017,-1.5524585505468436,0.9533340317731431,0.0005969784248323684,-0.019065910292980697,0.022014142371699835,-0.04358114755251838,74.78675408289178,26.968031499545067,744.676570431217,11.111015035788057,202.9850682935422,DESCENDING,15,20,False,p00254,80.76851313917882,22.128498383039865,-0.024379298491262746,-0.006574256588074756,-0.013000605514290803,-0.006490244834142289,0.03000433396384672,0.2800427525760725,-47.81872258334671
0.6648949616108899,0.6544391103987842,0.32259841335088,0.3243702090032979,0.1064067299032192,0.11424529768803517,0.378449298208201,0.3992492449511671,-8.70459280677425,-9.025988442901106,-15.687256085466593,-16.05976466135996,5.16123266196698,5.2534300316189695,0.013362587667490877,0.013362587667490877,-1.5846261102491197,0.7358616984171603,0.004054403556868173,-0.01641386760580018,0.02152678110424454,-0.038881857270429504,67.9960965853538,24.56360991027233,544.4787683992544,6.888185299784921,177.1522870643544,DESCENDING,15,20,False,p03912,80.50755847537309,22.34121846927775,-0.010455851212105682,0.0017717956524178624,0.007838567784815967,0.02079994674296609,-0.32139563612685507,-0.3725085758933666,-43.43248667508146
0.7240285038614984,0.702561231812143,0.3206176122391792,0.33044117044513033,0.14943471882326106,0.1528298857575325,0.44387762847943246,0.4497600045218361,-9.7062281058468,-9.854934190347423,-16.319642729394513,-16.36317934941929,4.927479806834052,4.806986655519822,0.012283232743706352,0.012283232743706352,-1.5387536581056356,1.0147365076445736,0.0012205875199554222,-0.02188768746737963,0.0405242280892348,-0.051033572288548906,68.33395540495933,24.944116048105467,833.0711998975548,9.461526763990273,230.96620085798443,DESCENDING,15,20,False,p00995,81.02325459670347,22.168742723679465,-0.02146727204935539,0.009823558205951155,0.003395166934271443,0.005882376042403659,-0.14870608450062406,-0.04353662002477776,-43.389839356853855
0.7575419374892395,0.7196778866920847,0.3569164393888965,0.3690232783338736,0.18918675710303057,0.22096803482244884,0.490474155558198,0.5286231385551041,-9.03865598430466,-9.243007788077723,-15.805778648665735,-15.915117046897763,5.037436223099656,4.904043776439511,0.010548084156111193,0.010548084156111193,-1.5070990305754792,1.0146289466162985,-2.8712624467305383e-05,-0.019948184611938233,0.022486652092342727,-0.04562199046295178,73.98179371367848,26.36726241960917,776.6235280933046,7.1426478710885855,231.8489229365288,DESCENDING,15,20,False,p01264,80.83064520198971,22.185990298239293,-0.037864050797154825,0.012106838944977105,0.03178127771941827,0.03814898299690611,-0.20435180377306317,-0.10933839823202796,-47.614531294069316
0.5892636507560556,0.573408682512738,0.27536044186010267,0.2820581432572755,0.019128848268786074,0.031227216715870358,0.2707282918275286,0.3013759874721784,-9.158331826399019,-9.610506334673964,-16.098907378648324,-16.62749802444049,5.145833806965431,5.234452537512817,0.008657280258770439,0.008657280258770439,-1.5943622650758265,0.7957993395364016,0.004347624281262051,-0.016749577004646538,0.022587941727040067,-0.03933294940888199,65.24094838372532,24.296581688267224,532.8478498688845,6.742466899403143,162.66107884618478,DESCENDING,15,20,False,p02821,80.56347733190289,22.277977362558378,-0.015854968243317558,0.0066977013971728505,0.012098368447084284,0.03064769564464981,-0.4521745082749451,-0.5285906457921676,-40.9443666954581
0.7138173451741824,0.6942438148324319,0.3167478109543764,0.33242021993987125,0.12798447700160714,0.1458545065793673,0.427614145087734,0.45337098659930136,-8.535323398692052,-9.031265272374831,-15.342749228151106,-15.83138523185592,5.124813424743457,5.073717388633382,0.013417701966140227,0.013417701966140227,-1.5111865970641054,1.0741417868206244,0.0003209032360810959,-0.021293929158591678,0.03265071922848008,-0.04958734480714724,65.45549695393811,23.82399590527086,737.0440991650848,12.179086317171379,121.72886498082815,DESCENDING,15,20,False,p00984,80.95490932761149,22.168742723679465,-0.019573530341750467,0.01567240898549488,0.017870029577760155,0.025756841511567374,-0.49594187368277964,-0.48863600370481386,-41.631501048667246
0.7494971199842098,0.7362294234663462,0.3733728096406452,0.38266376780958666,0.20158194243995964,0.22485325430864353,0.508804076659314,0.540569703175589,-9.343983524748735,-9.406893410021597,-15.960981803632045,-15.99597376725904,4.842646744795541,4.802584477044765,0.01335193410001867,0.01335193410001867,-1.5547611902759209,0.9133540580283684,0.0012430251687987539,-0.01862845881358845,0.02166489755209794,-0.04274042545677348,77.48725474359347,27.8300738545665,629.0643610596662,7.2904179080441205,245.21215878895228,DESCENDING,15,20,False,p00748,80.73123390149229,22.15724434063958,-0.013267696517863525,0.009290958168941488,0.02327131186868389,0.0317656265162749,-0.06290988527286245,-0.03499196362699486,-49.65718088902697
0.6284277859602064,0.6101666181587917,0.2813866171382133,0.30024648420741956,0.07383941660524555,0.09290386085964202,0.3243965953142762,0.3742950175396633,-9.454840735976157,-9.356964303200298,-15.983537127024581,-15.749784935426325,4.774791420102429,4.653543193903511,0.010583986575978588,0.010583986575978588,-1.5028690672518183,1.0355700313539635,0.0003553995011311705,-0.020907690890957432,0.027450902235613105,-0.04812472398851359,73.42787011856359,25.26765341018433,784.4015425480848,12.101329727653845,203.55170896406042,DESCENDING,15,20,False,p02680,80.93005650248713,22.266478979518492,-0.018261167801414735,0.018859867069206282,0.019064444254396462,0.049898422225387096,0.097876432775859,0.23375219159825633,-48.16021670837926
0.6552044069376719,0.6332461786556168,0.31197343464815763,0.3127942310552639,0.13088508436873078,0.11192225510635724,0.39535712029923376,0.3921102169029936,-10.4921744169323,-11.071383363109545,-17.77121674908582,-17.97749397138247,5.754583492497347,5.311395492556298,0.009872863751522964,0.009872863751522964,-1.526475504939175,1.046000011305052,0.0010027719138547035,-0.021469147675477945,0.03238348568692763,-0.049110245017481735,75.03825445933577,25.816786776948895,754.0399894406759,9.650382375527961,250.0293981185204,DESCENDING,15,20,False,p02388,80.97976215273584,22.249231404958664,-0.02195822828205507,0.0008207964071062501,-0.01896282926237354,-0.003246903396240175,-0.5792089461772445,-0.2062772222966487,-49.22146768238688
0.48973617940217923,0.48337962586292804,0.2448864772240589,0.25387310551369036,-0.05319008287254133,-0.05013963058732841,0.15990313715068805,0.17451908581053446,-9.429410143916357,-10.211965938668579,-16.4878845738308,-17.62193736959427,5.305280904150827,5.758221218268823,0.013294956555869986,0.013294956555869986,-1.5927228968139426,0.7507735687820867,0.004321525961153742,-0.01598955840917032,0.023271765268412188,-0.03825246024789468,51.84108070394457,21.229957308368228,536.7600624274687,3.7197646964664464,148.16019848733455,DESCENDING,15,20,False,p01111,80.501345269092,22.18024110671935,-0.006356553539251186,0.008986628289631454,0.003050452285212918,0.014615948659846417,-0.7825557947522217,-1.1340527957634698,-30.611123395576342
0.7462537025264928,0.7326523860402164,0.3308063734343962,0.3302156214185242,0.1862537039376506,0.18083015121603255,0.501995035667588,0.5013169934064516,-8.632982032339145,-9.087795422468409,-15.46209158951683,-15.925905761199413,5.1827473269982836,5.169962395889059,0.010521714062492249,0.010521714062492249,-1.4991719060166313,1.0719210965197419,0.00024732946555683155,-0.02103743098520424,0.02809004053272676,-0.04831980569827483,70.93690941605938,25.557078575325885,707.2703050966841,4.424790306057115,198.59168107312078,DESCENDING,15,20,False,p01880,80.93005650248713,22.22048544735895,-0.013601316486276382,-0.0005907520158719981,-0.005423552721618041,-0.0006780422611363246,-0.4548133901292637,-0.4638141716825839,-45.37983084073349
0.6214146047283686,0.6133751605898045,0.28714083136930635,0.29975407153519157,0.06903548335864185,0.09203975392177623,0.3049185956533774,0.3515197688563632,-8.740255073163304,-9.452564944597906,-15.808929161103931,-16.259205553459644,5.402540247585459,5.143856047518819,0.010507632171154913,0.010507632171154913,-1.4566417952813502,0.9156044558669688,-9.655312983569162e-05,-0.019537030922684516,0.021520049752821426,-0.04578910587115498,64.79022100130429,23.320864325560763,702.3115278570455,6.271231401172,137.902534504795,DESCENDING,15,20,False,p04374,80.8927772648006,22.36421523535752,-0.008039444138564167,0.01261324016588522,0.02300427056313438,0.04660117320298579,-0.7123098714346021,-0.45027639235571293,-41.469356675743526
0.6744412470827439,0.6620138716868237,0.3322843976689778,0.3388932638360239,0.1364258779281509,0.14401554454033957,0.41510205300834807,0.4381049814067793,-9.180534207659626,-9.527206011142722,-16.00728730575292,-16.268368758585012,4.99760855364789,4.880612958643504,0.008437586274497089,0.008437586274497089,-1.5669535322748764,0.736793815661398,0.0038644513041877914,-0.01650435551458767,0.02121895095369368,-0.03901999781080494,69.40720644179922,24.98610933309924,590.8522207655175,10.94898954369584,209.74063888977722,DESCENDING,15,20,False,p04114,80.51998488793527,22.352716852317634,-0.012427375395920204,0.00660886616704609,0.0075896666121886835,0.02300292839843121,-0.3466718034830958,-0.26108145283209083,-44.42109710869998
0.7579619288145242,0.727932990923981,0.3808897123990195,0.3947870167943222,0.19768991714724152,0.20352600973349727,0.494801499281486,0.5097303015664729,-8.484393150307914,-8.591447742931308,-14.87532903251774,-14.93447978013399,4.639020060828323,4.543082228352985,0.008985566984363147,0.008985566984363147,-1.5132852875517657,0.8731586503554436,0.0016620962736161036,-0.018421500696465778,0.020779918177999818,-0.04204143763498637,84.9349178200012,29.932094516876194,841.5171353852344,7.75928384630859,130.7551317642326,DESCENDING,15,20,False,p02245,80.71259428264902,22.24348221343872,-0.030028937890543173,0.013897304395302734,0.005836092586255753,0.014928802284986942,-0.10705459262339367,-0.0591507476162505,-55.00282330312501
0.6454745406543764,0.6755971645232054,0.31546603360839914,0.32315594462629005,0.11978621384343459,0.13656750440129117,0.39634619972821444,0.4250124930282019,-8.705061963816638,-8.851078065444046,-15.473623159823891,-15.86765836314815,4.920965778316607,5.233697106814261,0.012022655445477981,0.012022655445477981,-1.4852216047488473,0.7585419962383414,0.0029912879044146825,-0.016852393367259324,0.01950716606690196,-0.03979873050896061,65.35194405804585,23.428255718989963,515.8165370753657,7.415200939770008,214.41663137201635,DESCENDING,15,20,False,p05125,80.58833015702724,22.410208767517062,0.030122623868829024,0.007689911017890905,0.016781290557856585,0.028666293299987433,-0.1460161016274082,-0.39403520332425934,-41.923688339055886
0.7084997393069692,0.690785312953685,0.32392561733834013,0.3281022223260253,0.14146483748010225,0.14860932885797146,0.42510001459881674,0.4511556376600102,-9.790794482714107,-10.075300584954498,-16.64972123440434,-16.681302531119353,5.188626200375811,4.937526051134181,0.013542734545292312,0.013542734545292312,-1.5163695310996048,1.036911297359376,0.0007051312665341464,-0.02116969917050754,0.02972736724742861,-0.04853951639342557,74.74883613003963,25.58409005398085,808.7393098787578,7.570745874799874,215.13942412125792,DESCENDING,15,20,False,p02584,80.95490932761149,22.26072978799855,-0.01771442635328424,0.004176604987685184,0.007144491377869211,0.026055623061193467,-0.28450610224039075,-0.03158129671501442,-49.16474607605878
0.5274174758898067,0.5094882275939706,0.2627293802717828,0.2668464966968942,0.021850677452245067,0.05260125353652404,0.25399495357915824,0.29790816769606054,-10.203036989970368,-10.74982723444839,-17.291802966440553,-18.135289699636182,5.36628184763664,5.889753142421863,0.011101918749496398,0.011101918749496398,-1.5848354524164376,0.8639087594353609,0.002146834407639819,-0.017872169650851553,0.022356409762645416,-0.0413217548039297,58.874151043573434,22.86827273054725,555.0603112840455,4.929000336263627,184.96155385822465,DESCENDING,15,20,False,p00340,80.68152825124358,22.134247574559808,-0.017929248295836087,0.004117116425111422,0.030750576084278974,0.0439132141169023,-0.5467902444780215,-0.8434867331956291,-36.00587831302619
0.7318629618895149,0.7042741912372548,0.34045372184779404,0.3441214935328722,0.1751756480576971,0.19630271283230225,0.48666741595350294,0.5096266937786305,-8.681396325686137,-9.091939747586517,-15.405016147384103,-15.864468014962359,4.966016024364288,5.041707892542028,0.009172443519811946,0.009172443519811946,-1.5834365671876502,0.8614211759839143,0.002470091649029588,-0.017763778847012114,0.02234209149231778,-0.04116595916543557,64.43980747259548,24.76120648794183,572.905684992357,4.453502797275553,182.6598048710212,DESCENDING,15,20,False,p00838,80.6691018386814,22.162993532159522,-0.027588770652260175,0.003667771685078147,0.02112706477460516,0.022959277825127522,-0.41054342190038007,-0.45945186757825596,-39.67860098465364
0.7466995882665864,0.7265731527505839,0.349696840661359,0.36016832612783317,0.20524602224038652,0.23528699756531887,0.5004318541268189,0.5405679549608119,-8.05294100016739,-8.327302779352962,-15.167509175135628,-15.247085612808956,5.452199235950984,5.22304579745253,0.013025212838932987,0.013025212838932987,-1.5565947760485424,0.9965435778573357,0.0019010612473155779,-0.021966487973526717,0.039600474657197106,-0.05028918171212653,74.79288342496851,25.76438386754675,807.5202695133083,10.863626906518565,120.18774706720221,DESCENDING,15,20,False,p02097,81.03568100926564,22.231983830398836,-0.020126435516002572,0.010471485466474195,0.030040975324932356,0.040136100833992994,-0.2743617791855719,-0.07957643767332812,-49.02849955742175
0.7201175494398493,0.7025285407476823,0.3234952378772217,0.32068946060016784,0.15612630519130993,0.1509546036205552,0.459890910924629,0.4659093363984573,-8.859520375817047,-9.491022965450597,-15.69273761088327,-16.323531355025064,5.050734963677748,5.07651110274278,0.011492785329090704,0.011492785329090704,-1.5119154895676872,0.8142180792653277,0.0031819367500048753,-0.017542027220208187,0.020990817781705483,-0.040220571403277734,77.24934194728706,27.42343162880084,617.6811380956572,3.8847430248458603,174.6671198151153,DESCENDING,15,20,False,p03334,80.64424901355704,22.306723320158092,-0.017589008692166952,-0.0028057772770538336,-0.005171701570754722,0.006018425473828248,-0.6315025896335502,-0.6307937441417941,-49.82591031848622
0.6730710543016365,0.6526872709888575,0.333135056671716,0.3091953079868026,0.1512156579159348,0.1257829598505167,0.42014781570241794,0.39346339185895796,-8.372138998165273,-9.328406151491695,-15.216105206034328,-16.139888690768323,5.115829332576226,5.093358889123123,0.011432273682562388,0.011432273682562388,-1.4099957695629384,0.8175031209315629,0.001836987046663705,-0.01753789317058655,0.018251645287437692,-0.03969367693515739,64.47525617594276,23.479527388548373,650.4616256177433,5.827473984491147,178.59944553818966,DESCENDING,15,20,False,p04940,80.68152825124358,22.398710384477177,-0.020383783312779014,-0.023939748684913387,-0.02543269806541809,-0.02668442384345998,-0.9562671533264222,-0.9237834847339954,-40.995728787394384
0.6883274587979501,0.6394886432453409,0.3357824051415497,0.31879354811618965,0.13464216111924787,0.10671535062307308,0.4148941529981542,0.38668400573463657,-8.420461978355311,-9.097168037442646,-14.969682285191077,-15.421631417963807,4.7763357074238,4.567401021247829,0.010278179959121392,0.010278179959121392,-1.4900185591022368,1.089926989877241,-0.00021201289637828814,-0.02064262756060575,0.02480069669382898,-0.04724116169118911,70.86648352535182,25.752905497033705,821.0196488026634,6.807369701626319,143.41236874119593,DESCENDING,15,20,False,p01274,80.8927772648006,22.185990298239293,-0.04883881555260916,-0.01698885702536007,-0.027926810496174792,-0.028210147263517615,-0.6767060590873353,-0.4519491327727305,-45.113578028318116
0.7643641004477211,0.7190023473355368,0.38655897108023046,0.38675310695826975,0.2399968664607219,0.23676288573787246,0.5442771223474846,0.5348704869152947,-9.222856739465149,-9.529459103293105,-15.993388896430307,-16.001074434594585,5.054677916958562,4.718845731176159,0.012709373116188138,0.012709373116188138,-1.4917645418149246,1.070016745282962,-0.00013926800695059346,-0.020449380938221726,0.023728025716619167,-0.04669840111206254,70.86705749562277,25.866068147872003,784.9506981954954,9.7364221982155,224.42094186372182,DESCENDING,15,20,False,p01471,80.87413764595733,22.19748868127918,-0.04536175311218427,0.0001941358780392921,-0.0032339807228494444,-0.009406635432189892,-0.306602363827956,-0.007685538164277972,-45.000989347750775
0.7389425141159586,0.7303675545109639,0.3412640705037128,0.3522482117402842,0.15718433340662544,0.17775019347823387,0.4653233013389945,0.4898500598104885,-9.199753427748925,-9.53972618775002,-15.944967626112865,-16.160624126341343,5.069465253322044,4.982241103131886,0.012749517133412769,0.012749517133412769,-1.5170177250197128,1.0625165280688924,0.0001942714512581392,-0.021277691580294796,0.03465343626288521,-0.050243238276700554,63.088780505907586,22.631968553752117,774.477666559898,6.866367713004485,232.4445868033313,DESCENDING,15,20,False,p00385,80.96112253389258,22.134247574559808,-0.008574959604994659,0.010984141236571376,0.020565860071608433,0.024526758471493992,-0.33997276000109444,-0.21565650022847827,-40.45681195215547
0.6943394149500692,0.6576992811617234,0.33560077156037854,0.3240844230398925,0.1703744661312618,0.16778668663152127,0.4487526590883674,0.4473453193565289,-8.791542357082035,-9.323172860300305,-15.845704617322868,-16.357378819365678,5.364123102714901,5.442839787876949,0.012261778786834099,0.012261778786834099,-1.5431028379784018,0.918433122357563,0.0011767595146361693,-0.0187407555016029,0.021368335048748553,-0.043002775690631614,83.164657649436,28.821061320453065,721.0865872996706,5.9422214709457215,173.08272359196025,DESCENDING,15,20,False,p01349,80.73744710777338,22.191739489759236,-0.03664013378834585,-0.011516348520486053,-0.002587779499740539,-0.0014073397318385417,-0.5316305032182704,-0.5116742020428102,-54.343596328982926
0.7147440531096325,0.698791586456045,0.3247922682386913,0.32960961689038765,0.12263515937636157,0.1339641978893882,0.4039647322865725,0.4145069948945023,-8.893931748872804,-9.39522580405403,-15.654554854239406,-16.228652004627044,5.025609791429947,5.165364155002048,0.01273768648364837,0.01273768648364837,-1.5130954938269512,1.021930461273446,-6.592988943656493e-05,-0.019992560637673115,0.023263332964075623,-0.045777304918962036,76.96498136154258,27.199858238099917,791.3493003746278,7.361283660465554,159.85150171304153,DESCENDING,15,20,False,p00865,80.8368584082708,22.162993532159522,-0.015952466653587516,0.004817348651696363,0.011329038513026635,0.010542262607929842,-0.5012940551812264,-0.5740971503876384,-49.76512312344266
0.6237469096634438,0.6000718413897865,0.2789591554125841,0.28236007251326584,0.05867849214667765,0.08632634407461028,0.30228513545758245,0.33798013651237324,-9.233382787456007,-9.776963734914226,-16.390015630960267,-17.153346415526777,5.524201826077485,5.957929189226512,0.009697729481790707,0.009697729481790707,-1.5576116902390547,1.008927352778847,0.0017669904768903215,-0.02175497110551288,0.03597975541597152,-0.049429483641271504,76.56394267016834,25.75692021694218,714.9459852957737,5.488674206470505,151.98677584903228,DESCENDING,15,20,False,p02894,81.01704139042238,22.277977362558378,-0.023675068273657285,0.003400917100681744,0.027647851927932628,0.03569500105479079,-0.5435809474582189,-0.7633307845665094,-50.80702245322617
0.6224219727208621,0.6410946786884194,0.29671672110173347,0.31777801924496024,0.06908891651941261,0.10915241378605023,0.3409555182457205,0.39924762469794467,-8.714669184293893,-8.999351719201158,-15.644261587236112,-16.221586302791994,5.10092518764463,5.455495186386492,0.01222711223448969,0.01222711223448969,-1.5311738240095678,0.6733155491137056,0.0030744497914767647,-0.016271823845601913,0.020576302292030755,-0.03886954505342849,64.02795274979877,23.081543699233208,486.027198976941,2.710282540063141,199.1787155816648,DESCENDING,15,20,False,p04204,80.45785282512438,22.358466043837577,0.018672705967557324,0.02106129814322677,0.04006349726663762,0.05829210645222416,-0.28468253490726525,-0.577324715555882,-40.94640905056556
0.7683937959246537,0.7655094675742642,0.36218048883401216,0.3680178518978849,0.2276490033006517,0.24115854688008942,0.5290397351834917,0.5487623078763195,-6.743351019332295,-7.077964366153779,-13.547388854278427,-13.72746508720847,5.086538998971534,4.856248114873925,0.0088410515090116,0.0088410515090116,-1.4782516480301584,0.8510425887237678,0.0017058425062515786,-0.018390063455464626,0.020291741508766115,-0.041740704955158366,84.44852909252171,29.763038691968294,758.7549856410337,11.144061627562817,119.83081218152299,DESCENDING,15,20,False,p02745,80.71259428264902,22.272228171038435,-0.0028843283503895423,0.005837363063872725,0.013509543579437733,0.019722572692827844,-0.3346133468214836,-0.18007623293004293,-54.68549040055342
0.770076274438229,0.7536353309043888,0.35954218992297676,0.3593911209099926,0.20345301749880354,0.20970867483568853,0.5113652173264985,0.5244946034370205,-8.160663995029923,-8.402013202222644,-15.057006022081714,-15.44545221121987,5.18353013337401,5.318887591069685,0.009177166720135022,0.009177166720135022,-1.545523267020052,0.8497392935409923,0.0026648764165810974,-0.017837572983048586,0.021489945971701455,-0.04096627865470332,83.40425929587725,30.394563973004416,675.7697360525489,4.573563650619661,141.8996375623065,DESCENDING,15,20,False,p02038,80.6691018386814,22.231983830398836,-0.01644094353384018,-0.00015106901298417297,0.00625565733688499,0.013129386110521946,-0.24134920719272124,-0.3884461891381559,-53.00969532287284
0.7939870203419271,0.7715172154940104,0.3911436756877835,0.4161657719716491,0.24493006906703332,0.2689418390580059,0.5566326868954435,0.5838147919604884,-9.253796850917459,-9.271105665526061,-15.866115457741993,-15.750656049486452,4.854702933340754,4.696329258198467,0.01109748840216529,0.01109748840216529,-1.511604513283634,0.8780629924901373,0.0015604948537076772,-0.01848925087292072,0.020779421351794555,-0.04222438769661855,83.80363143919155,29.44897980463145,823.8549129109433,10.390712634113944,213.95146695256307,DESCENDING,15,20,False,p02046,80.71880748893011,22.231983830398836,-0.02246980484791672,0.02502209628386559,0.02401176999097257,0.027182105065044815,-0.017308814608602674,0.11545940825554091,-54.3546516345601
0.7301566620720149,0.69676822731317,0.3207739386557947,0.3184003409584975,0.16731021606985114,0.15936509495560364,0.4778145396297382,0.4787260883703354,-9.38023906079369,-9.658437615689332,-16.280410875554093,-16.811122871507298,5.2698438733166055,5.535435893264608,0.012522688329913989,0.012522688329913989,-1.50486604905431,1.084605199343585,0.000341690745696803,-0.021280205920589823,0.03104255473148416,-0.04909966072333498,67.64544139570903,24.73406066885814,718.8295796516842,8.782062363939044,198.72330003841725,DESCENDING,15,20,False,p01283,80.9486961213304,22.185990298239293,-0.0333884347588449,-0.0023735976972971695,-0.0079451211142475,0.0009115487405972345,-0.27819855489564205,-0.5307119959532045,-42.911380726850886
0.7512795198345672,0.7495387967943721,0.33940274928657665,0.37362405389596226,0.17506725603715045,0.24633375891941173,0.4766066199934359,0.5567868561255683,-8.185849421452684,-8.62379133104289,-14.93200073768054,-15.293521717959846,4.972671551573163,4.924941144555456,0.012834280600314107,0.012834280600314107,-1.5237102254770223,0.9790317600775718,0.00014959455665914181,-0.019533180676748717,0.021719701535622762,-0.0446851285447283,78.12453664353478,27.679176522043598,773.0597627737226,6.609833205275961,128.70778908951203,DESCENDING,15,20,False,p00959,80.79957917058427,22.168742723679465,-0.0017407230401951246,0.034221304609385605,0.07126650288226127,0.08018023613213243,-0.4379419095902062,-0.3615209802793071,-50.445360121491184
0.5276210059099732,0.5283310733322968,0.2720065745967023,0.268035589437031,-0.004274379496066911,-0.0016869289703954832,0.222333612146349,0.2330634452710176,-9.217957174469198,-10.182022174168782,-15.856674989599952,-16.66330044294287,4.8500126874706,4.727353276472272,0.008004659115116608,0.008004659115116608,-1.372251298114112,0.857034706938718,0.00038003654801761175,-0.018220385091469813,0.017815357643486403,-0.041417756228822364,57.393099922208016,21.455760113195392,619.7309487277857,3.89291650684056,158.10088224012281,DESCENDING,15,20,False,p05057,80.78715275802209,22.40445957599712,0.0007100674223236014,-0.003970985159671314,0.002587450525671427,0.010729833124668603,-0.964064999699584,-0.8066254533429174,-35.93733980901263
0.6991611297840907,0.6706065815317873,0.3394118550159175,0.3408920602937106,0.13981337725146423,0.12908240401872645,0.42652936572638916,0.42438865959039873,-8.645964002727574,-8.874239550811033,-15.202558491844806,-15.386380816547748,4.692309278584569,4.626423008927072,0.013314973725651269,0.013314973725651269,-1.6060768073814453,0.7921088579809011,0.004379057118097244,-0.016534503493200316,0.022925944077015665,-0.03905570307902893,59.81083247826917,22.962518676789138,582.1184067592034,10.000120700060352,170.15851941259305,DESCENDING,15,20,False,p02218,80.54483771305962,22.24348221343872,-0.028554548252303413,0.001480205277793134,-0.010730973232737778,-0.0021407061359904334,-0.2282755480834595,-0.18382232470294113,-36.84831380148003
0.7611139174258496,0.7501391822086273,0.3288588648352204,0.3527836486188169,0.15852319414139163,0.19154019223179017,0.4691021903647514,0.5049640280732353,-8.519472669777013,-8.896101736893975,-15.285281956735954,-15.473711219190903,5.0079772346106,4.869710641319576,0.01333803913386089,0.01333803913386089,-1.5175029765586454,1.0603082097960286,7.096409856511856e-05,-0.02119153276167402,0.034462655045242964,-0.05021822349739413,63.56790451720427,22.71396035211816,780.0449387817193,7.830670798600258,171.71865215685318,DESCENDING,15,20,False,p00284,80.95490932761149,22.128498383039865,-0.010974735217222253,0.02392478378359647,0.03301699809039854,0.035861837708483835,-0.3766290671169621,-0.1884292624549495,-40.853944165086105
0.5973835471493775,0.5780034776855008,0.2659839209239355,0.2656121220900599,-0.0011293434197103915,-0.0066048403971005675,0.2503148606817611,0.25383012207426753,-9.489966507739423,-9.832471412180679,-15.540653575576501,-16.009030597792584,4.242461453073017,4.435676099894092,0.0101007715726249,0.0101007715726249,-1.5030061219022484,1.0800525267213628,-0.0002731045636565956,-0.020766580313036128,0.028098700914824384,-0.04829418758562458,70.9487320899091,24.61445026951762,796.7768490496544,6.18487294038526,205.86275640101832,DESCENDING,15,20,False,p00376,80.90520367736278,22.134247574559808,-0.019380069463876715,-0.00037179883387561397,-0.005475496977390176,0.003515261392506408,-0.34250490444125603,-0.46837702221608346,-46.33428182039148
0.7362772624194704,0.7185671838920511,0.3594505475374252,0.3785082879324886,0.15900966004775657,0.18343268470049193,0.44781510597697005,0.48071738633350314,-8.979057669151072,-9.308056529373994,-15.591425908132226,-15.70859862911912,4.850863394834459,4.642062192394709,0.013428211858278694,0.013428211858278694,-1.5376783798328673,0.8604598074641688,0.00211830799226804,-0.01813020963053298,0.02109449137737478,-0.04143724868005169,86.27710567947722,30.849112078003643,847.8374117760033,5.17716018757102,163.73516796568666,DESCENDING,15,20,False,p01842,80.69395466380575,22.22048544735895,-0.01771007852741935,0.01905774039506336,0.024423024652735353,0.03290228035653309,-0.3289988602229226,-0.11717272098689335,-55.427993601473574
0.6103709671735063,0.5987290168469537,0.2987452064077473,0.30519875582450323,0.08847265772516145,0.09636332871817443,0.3430803104349331,0.36166521908378213,-8.932449887342576,-9.35095527156606,-16.323490917119138,-16.747199599191113,5.687938797050164,5.741536052068357,0.01320853689104029,0.01320853689104029,-1.6070178853291495,0.7645566693102189,0.0045158852874946686,-0.016141446155431397,0.023120003931235283,-0.03832407360181322,52.97351573955562,20.97267495111092,524.6856191573828,3.6161960558330106,189.00788353182222,DESCENDING,15,20,False,p01512,80.50755847537309,22.20323787279912,-0.011641950326552575,0.00645354941675591,0.00789067099301298,0.01858490864884904,-0.41850538422348293,-0.4237086820719753,-32.000840788444705
0.667497270400343,0.6388894913807264,0.3182495038440147,0.33420855976175134,0.1184398507050868,0.13218684601491662,0.37234432892167213,0.4087151920391215,-8.669115903549088,-8.988983417134133,-15.526839340843678,-15.781680072946457,5.046279000359463,4.939446773466758,0.011952635835425496,0.011952635835425496,-1.5642247395028661,0.7964365511652459,0.004154700686761767,-0.016964129905103296,0.021991277250718956,-0.03957865507642251,67.82284481797589,24.498323295540995,678.5795429101486,8.515825416626678,121.52818027700472,DESCENDING,15,20,False,p03525,80.58833015702724,22.318221703197977,-0.02860777901961664,0.015959055917736664,0.013746995309829826,0.03637086311744936,-0.31986751358504506,-0.2548407321027799,-43.32452152243489
0.7837487367735955,0.7582573285240467,0.3647702576979197,0.3704762948260445,0.22371657271464693,0.21639752716593474,0.5401185962198634,0.5369694646920273,-8.309280710870732,-8.57006658915236,-14.998041850741068,-15.203219452815928,4.952541777042972,4.946044436446982,0.012545602507910147,0.012545602507910147,-1.5026318828747358,1.0890761796401869,0.00040632204122708655,-0.021309127128637726,0.030504056549464094,-0.04891960810313283,69.34416214625041,25.27232284152631,769.0263317966449,10.370814124727879,166.8839560122935,DESCENDING,15,20,False,p01583,80.9486961213304,22.20323787279912,-0.025491408249548764,0.005706037128124786,-0.007319045548712183,-0.0031491315278360243,-0.26078587828162725,-0.20517760207486013,-44.0718393047241
0.7698015199772424,0.7467652657893898,0.35393066867383866,0.3497215808798984,0.20475536631986224,0.21121460737423958,0.51414899549421,0.5295639642376168,-7.6612596284146885,-8.079562518743032,-14.615559087391432,-14.97363112535251,5.231355622671275,5.178734094404489,0.012122109027736139,0.012122109027736139,-1.5504040235889074,0.8488947886997809,0.002798252601672605,-0.017765753025360233,0.021634942326519482,-0.04087711460281879,84.51548162777058,30.6924311807991,678.5179893158265,8.19914558795134,110.75556735534533,DESCENDING,15,20,False,p02237,80.66288863240031,22.24348221343872,-0.0230362541878526,-0.004209087793940247,0.00645924105437734,0.015414968743406754,-0.4183028903283432,-0.3580720379610778,-53.82305044697148
0.5849078848115359,0.5708500516264008,0.2795841633973589,0.27854285444440063,0.030697238014666357,0.0417457262177194,0.2727872410917723,0.29007190815090617,-9.889859775911948,-10.732100362505257,-16.836831069504274,-17.673243320868174,5.277364681984158,5.315345423989056,0.009705815622885416,0.009705815622885416,-1.5341811820462854,0.9621107586204611,0.0004205425357221724,-0.019264090594872947,0.02156930275912194,-0.04410561606115206,80.3008537183514,28.34813416614393,704.4289236483554,5.0451241574742545,217.42598581514855,DESCENDING,15,20,False,p00856,80.780939551741,22.162993532159522,-0.014057833185135094,-0.0010413089529582864,0.011048488203053045,0.01728466705913384,-0.8422405865933094,-0.8364122513638996,-51.952719552207476
0.6138129832331417,0.6364510275953272,0.2621437773379527,0.30311511910124933,0.08288804495433329,0.1639390429757785,0.3343015166543068,0.42056264690235823,-8.944555355200567,-9.446569338326388,-16.433924467729554,-17.352780636893076,5.954521479905906,6.558548000469016,0.011007977714937445,0.011007977714937445,-1.5489341228116615,0.9940241219601347,0.0018196344892469482,-0.022100146626266227,0.041819479327048,-0.05094198426287159,73.82432537139768,26.311119278417017,789.2279082796434,7.820745127856249,152.37707791428224,DESCENDING,15,20,False,p01498,81.04189421554673,22.19748868127918,0.022638044362185528,0.04097134176329664,0.0810509980214452,0.08626113024805143,-0.5020139831258206,-0.9188561691635222,-47.51320609298066
0.7414406656210513,0.6932100309616289,0.3727942667879507,0.3502184579740784,0.1712168896123347,0.13482304482798835,0.46661092899629386,0.43477334839171683,-9.855648117021678,-10.143132601904945,-16.592155215829383,-16.66152958275715,5.11133396200526,4.7918301303899,0.011010284585801888,0.011010284585801888,-1.5623141961099545,0.9727812179869912,0.0009728080851491386,-0.02064314588169483,0.030051373970573534,-0.048660980616024155,75.38830213190323,26.833136804775428,744.2988108937479,11.092962856412232,241.97944636235772,DESCENDING,15,20,False,p04592,81.0046149778602,22.375713618397405,-0.048230634659422345,-0.022575808813872278,-0.036393844784346346,-0.03183758060457703,-0.28748448488326694,-0.069374366927768,-48.5551653271278
0.740058783604712,0.7577235439952006,0.3635400628242974,0.37093521768581783,0.21876525502144548,0.23148220322498714,0.5171667239529716,0.5379807754980449,-7.789939645844213,-8.178447325853911,-14.551141502769715,-14.880422076581308,4.959872763969397,4.94263674501589,0.009514485620356616,0.009514485620356616,-1.4310828156470945,0.8318106613919116,0.0016769245479135691,-0.018093815742122377,0.01919719135519277,-0.04079099802905786,78.57272678347424,27.99131102614111,757.6326814525794,8.274165693909191,128.48679181924294,DESCENDING,15,20,False,p03844,80.70638107636793,22.335469277757806,0.017664760390488587,0.0073951548615204254,0.012716948203541661,0.02081405154507332,-0.38850768000969804,-0.3292805738115927,-50.58141575733313
0.7496379652932756,0.707369206441091,0.3289755291240279,0.3150038958251287,0.1826973530226389,0.16421292989994016,0.4933703128173731,0.4810273564837293,-8.7027475728893,-8.943060648280275,-15.562168701911197,-15.931921162094538,5.183720597138478,5.2865448743283405,0.01341183025740611,0.01341183025740611,-1.50053083842554,1.0867362818314177,-9.838172626891697e-05,-0.020935316657704463,0.028630923765627564,-0.04851728812797623,69.42941393102548,24.885053483398135,725.4971297727038,6.839275277615427,165.54595966469995,DESCENDING,15,20,False,p00878,80.91763008992496,22.162993532159522,-0.04226875885218462,-0.013971633298899166,-0.01848442312269874,-0.012342956333643795,-0.24031307539097568,-0.3697524601833404,-44.54436044762734
0.6517430404032903,0.648129427882289,0.3146750815657579,0.32095225959214285,0.09160838790331405,0.09390126530961629,0.3711740866410928,0.3860957656977845,-9.100501730226622,-9.265583032530083,-15.93891525411666,-16.065554154177427,4.988706522600237,4.972023453434581,0.00865285307019692,0.00865285307019692,-1.5593506174189846,0.767094465364567,0.003940958490181267,-0.016740779932257716,0.021411705188348527,-0.039316360458580626,68.92310850991915,24.90761208838512,592.8796345148454,6.866836139223296,219.6680496266807,DESCENDING,15,20,False,p03820,80.5572641256218,22.335469277757806,-0.0036136125210013414,0.006277178026384944,0.0022928774063022406,0.014921679056691672,-0.16508130230346119,-0.12663890006076706,-44.015496421534024
0.6025208970759314,0.6051720270597023,0.28432357270028163,0.30027902884215135,0.050354502923885144,0.07231320833457505,0.3162612852455887,0.34234148210736726,-8.862214769041106,-9.562625811206633,-15.88202033724495,-16.738734355690543,5.21085306345435,5.429926151185397,0.008822499663776684,0.008822499663776684,-1.5978619892295176,0.7609735876352272,0.004331485579962423,-0.016521932143147497,0.02205503028568916,-0.03898767665220086,64.37335557398134,23.67620226827851,502.63667577999377,3.381449018977165,185.3615712447733,DESCENDING,15,20,False,p03415,80.52619809421635,22.312472511678035,0.002651129983770928,0.015955456141869717,0.021958705410689908,0.026080196861778537,-0.700411042165527,-0.8567140184455919,-40.697153305702834
0.6683718661926475,0.65256322620228,0.30122117153789285,0.30736355950923816,0.11413330052700812,0.1229672477525516,0.3799813592319713,0.4019195932951425,-9.04901275063241,-9.508974249827636,-16.018033515929382,-16.538754447426605,5.335784529230837,5.425355594452893,0.00972960245753085,0.00972960245753085,-1.5576116902390547,1.008927352778847,0.0017669904768903215,-0.02175497110551288,0.03597975541597152,-0.049429483641271504,76.56394267016834,25.75692021694218,734.2457509857711,7.181269945372673,166.76184725143767,DESCENDING,15,20,False,p02794,81.01704139042238,22.272228171038435,-0.015808639990367523,0.006142387971345309,0.008833947225543481,0.02193823406317119,-0.45996149919522544,-0.5207209314972232,-50.80702245322617
0.548463042426501,0.550280804096359,0.26979822488439964,0.282325669359525,0.024263378743650983,0.05010210336456326,0.25671292555301123,0.29661167498126195,-8.89465444311418,-9.211531320164882,-16.516809877453415,-16.86642320881163,6.108242883831733,6.286815325391926,0.01333890741115884,0.01333890741115884,-1.604166680798062,0.7590219450341987,0.004491109255744955,-0.016074585592986544,0.02306247383552504,-0.03823754542691309,52.83315012385467,20.90661518958176,524.6471887630564,3.6422185761735175,161.5288887110329,DESCENDING,15,20,False,p01511,80.501345269092,22.20323787279912,0.0018177616698580312,0.012527444475125382,0.025838724620912273,0.039898749428250724,-0.3168768770507029,-0.3496133313582135,-31.92653493427291
0.6825909626750073,0.6877423028022636,0.30971227579353877,0.32630941465998226,0.1111168163150608,0.15061409005176996,0.3930435455314171,0.45079309855547006,-8.264466807375598,-8.908536786984437,-15.424628236476401,-15.96947981567567,5.592660284958009,5.449212340133438,0.008601993098394156,0.008601993098394156,-1.5354211081706008,1.0038015302030803,0.0010297766835578803,-0.021090975747585075,0.02987731856218612,-0.04833719846776347,73.75681200658894,24.92892290533405,694.2181143661245,7.187803824996797,145.67903287706287,DESCENDING,15,20,False,p03587,80.97354894645476,22.318221703197977,0.005151340127256265,0.016597138866443484,0.03949727373670915,0.057749553024052935,-0.6440699796088385,-0.5448515791992694,-48.8278891012549
0.7652344772174569,0.7082148704702523,0.3620175300163534,0.3421797590877361,0.22073266239426484,0.17816243255430259,0.5389417504089427,0.4935305252511303,-8.42926453201374,-9.233625747516276,-15.844224355369523,-16.1973864607495,5.868336461983232,5.338358873330077,0.010020947059777074,0.010020947059777074,-1.5383613108136425,0.9453789119642841,0.0004772958286869403,-0.020045714902127837,0.026609576295686208,-0.04781892397937622,67.73656518202628,24.96372360969982,681.2482863915793,5.714950379685807,151.94276186267038,DESCENDING,15,20,False,p04988,80.97976215273584,22.398710384477177,-0.05701960674720452,-0.01983777092861727,-0.042570229839962254,-0.045411225157812374,-0.8043612155025368,-0.35316210537997605,-42.77284157232646
0.6675700574221505,0.6642231853478021,0.311440320800213,0.3172905506026804,0.10778002348318641,0.11401599041933268,0.38664749331656756,0.40488182485092833,-8.236570329983746,-8.648716714723808,-15.218500730349973,-15.656282431228531,5.179031662406246,5.20319211334307,0.011948915315508013,0.011948915315508013,-1.560804225158713,0.7449408010395537,0.003839393766351165,-0.016582696124290298,0.021181217145614807,-0.03912471946314566,69.74410329639477,25.12276096391852,590.5322825583079,6.81806992023274,128.78648272775231,DESCENDING,15,20,False,p04116,80.53241130049744,22.352716852317634,-0.0033468720743483615,0.00585022980246741,0.006235966936146267,0.01823433153436077,-0.41214638474006193,-0.43778170087855806,-44.621342332476246
0.6361494472499344,0.5997572560924767,0.2961877551679484,0.2825875784961618,0.08147151859761302,0.08038306485403432,0.3651989156948953,0.3659048690006901,-9.756610075124389,-10.294082062318571,-16.36889124883882,-17.29730111163039,4.81770760056682,5.359107825000236,0.013314040428258789,0.013314040428258789,-1.5863064310909007,0.8548254114591838,0.002740819785921598,-0.017622174098650377,0.02258130149254617,-0.041005016404510514,63.52170946395191,24.780638876031105,559.1530113249831,4.577646164312299,214.93857297210786,DESCENDING,15,20,False,p00936,80.65667542611922,22.168742723679465,-0.03639219115745773,-0.01360017667178659,-0.0010884537435787017,0.0007059533057947598,-0.5374719871941824,-0.9284098627915682,-38.7410705879208
0.5484888944628651,0.5063307375584041,0.2726354972362491,0.25250574938785497,0.02946281121998616,0.012814476224040462,0.24318970012963165,0.23480168862800685,-9.639104728320412,-10.0567865983643,-16.80948838746771,-17.375518676303006,5.490449851216793,5.745000129883566,0.012054199269207255,0.012054199269207255,-1.463241585656361,0.7519041327533895,0.002477768406480553,-0.016749299047271713,0.018890623704461085,-0.040379083178290684,63.15690074511314,22.62074838903941,561.255147452441,3.792607802874741,178.23086633801802,DESCENDING,15,20,False,p05725,80.58833015702724,22.44470391663672,-0.04215815690446101,-0.02012974784839411,-0.016648334995945698,-0.008388011501624798,-0.41768187004388757,-0.5660302888352966,-40.53615235607373
0.7696084960573779,0.7699735728129183,0.3729840556275067,0.38026416612581077,0.24565292437091926,0.2560028183155163,0.5462552520422878,0.5647683456874618,-6.479868273415974,-6.550244806568554,-13.260542520836891,-13.278156395570216,4.997187529460105,4.939301083194021,0.008799284914172145,0.008799284914172145,-1.4782516480301584,0.8510425887237678,0.0017058425062515786,-0.018390063455464626,0.020291741508766115,-0.041740704955158366,84.44852909252171,29.763038691968294,778.6625803389722,12.835243771970047,96.34083834069358,DESCENDING,15,20,False,p02845,80.71259428264902,22.277977362558378,0.00036507675554042773,0.007280110498304071,0.010349893944597038,0.01851309364517406,-0.0703765331525803,-0.017613874733324764,-54.68549040055342
0.5940690725692898,0.5722725339460475,0.2987395310841011,0.2943261990423532,0.05937917197486573,0.0503787554722926,0.3054834079885358,0.31063329511751697,-9.397925811268673,-9.9409606045673,-16.2976666502038,-16.800487144404343,5.109563644748027,5.043666370030298,0.009091695519141685,0.009091695519141685,-1.5137093524043592,0.67274460047672,0.0028932166027786648,-0.01642852178400829,0.019975622401842544,-0.039104613385794414,67.86927582747745,23.402887479884775,543.5792451473176,3.358870677737196,216.4817280260831,DESCENDING,15,20,False,p05109,80.48891885652982,22.410208767517062,-0.021796538623242268,-0.0044133320417479305,-0.009000416502573133,0.005149887128981179,-0.5430347932986272,-0.5028204942005416,-44.46638834759268
0.7142618848490123,0.6732844098521925,0.33920120858205227,0.3338496015862193,0.1794803758366122,0.17360300124354422,0.46675551361909157,0.46694739053586815,-9.281151885351155,-9.844238483521782,-16.051797059115756,-16.3962459494344,5.040794739096422,4.782901813761723,0.008832897607781942,0.008832897607781942,-1.5528841338996582,0.8336378245276681,0.00336481101209778,-0.017494216591514167,0.021899230528424973,-0.04040237859525833,80.09754077622488,29.187344821700208,635.61643174358,4.906465212074404,171.93936248954105,DESCENDING,15,20,False,p02533,80.63803580727595,22.26072978799855,-0.04097747499681981,-0.00535160699583298,-0.005877374593067974,0.0001918769167765788,-0.5630865981706261,-0.34444889031864534,-50.91019595452467
0.703261435189021,0.6842101842722783,0.30532471335719613,0.3050293023975986,0.14611731177342566,0.12891527833636843,0.455550429739671,0.4399194078909761,-8.893337520845083,-9.377103772548999,-15.992421766090288,-16.449155679653952,5.481967425646976,5.51373317101059,0.009759703612985393,0.009759703612985393,-1.5163847534428003,1.0688095209105024,0.0006209025906793032,-0.021551700800942607,0.03505208606129154,-0.05018027099974522,65.27090735753958,23.840256913255796,737.6607315345484,8.633097752591922,190.0628018545946,DESCENDING,15,20,False,p01088,80.97976215273584,22.174491915199408,-0.019051250916742646,-0.0002954109595975085,-0.01720203343705723,-0.015631021848694915,-0.48376625170391563,-0.45673391356366366,-41.430650444283785
0.6126836475980698,0.5882089163651502,0.281469210751287,0.2840322169528096,0.060734307161545084,0.05660869984538755,0.3238126950226848,0.3155880212816584,-9.028202505048128,-9.905365296108773,-15.673591828496857,-16.72167065266005,4.826028845250074,5.176042205563597,0.012546340859420857,0.012546340859420857,-1.5078894153045104,1.034231941809962,-9.435495855111351e-05,-0.020135755312858765,0.0237453077862931,-0.04616580515044206,75.52024480430555,26.7441266411941,797.210185474252,6.517694900058433,118.44193623271929,DESCENDING,15,20,False,p00967,80.84928482083298,22.168742723679465,-0.024474731232919655,0.0025630062015226107,-0.004125607316157534,-0.008224673741026367,-0.8771627910606448,-1.0480788241631913,-48.77611816311145
0.7078744094719578,0.6674711583291189,0.3216799789744838,0.32597651727305993,0.1480460935635443,0.13396355738359259,0.44750600446321764,0.4360331851938677,-7.377092308521394,-7.690001491011474,-14.551981926552966,-14.93707371133863,5.402053601658512,5.48037913530453,0.008750686479610748,0.008750686479610748,-1.5974106083361572,0.7995375570899602,0.004335090324528936,-0.0167281858903154,0.022718876190630895,-0.0393349908324134,64.78527277577531,24.348457277691278,554.9833169774288,9.986269084122974,112.86009266558341,DESCENDING,15,20,False,p02521,80.56347733190289,22.26072978799855,-0.040403251142838936,0.004296538298576125,-0.014082536179951727,-0.011472819269349954,-0.3129091824900794,-0.38509178478566497,-40.43681549808403
0.6957321461418662,0.6410944407711884,0.3284645549905586,0.3042562389520303,0.11449909205124861,0.07159266735736225,0.4058573259311395,0.36318884387451283,-8.84464264305754,-9.582528693807255,-15.399701152824882,-16.26788251026895,4.813214749724213,4.952107604689788,0.009859349948776575,0.009859349948776575,-1.516269997527985,1.0693749331211793,0.0008492216048261685,-0.02158402396950175,0.0334840207798218,-0.04955855331858276,70.15538426421897,25.22275468679843,860.0212743827317,5.390803770022238,117.3230361800522,DESCENDING,15,20,False,p01788,80.97976215273584,22.214736255839007,-0.0546377053706778,-0.0242083160385283,-0.042906424693886364,-0.042668482056626655,-0.7378860507497151,-0.8681813574440689,-44.932629577420535
0.7735105950122492,0.7453533279509883,0.3616867245827363,0.36628119147048555,0.20242895166918223,0.19939070238102202,0.5105806504239234,0.512605731566333,-8.014226047105602,-8.374347819028165,-14.915873684523701,-14.863809967487931,5.2223003465069455,4.721459200489303,0.012869126673167197,0.012869126673167197,-1.5245707721753898,1.0517531831642295,0.000764226908429575,-0.021692044055846193,0.03785418892314657,-0.050877208945338884,63.06585872238689,23.125212070710912,799.6072700783682,7.1758683348942895,137.71894687127264,DESCENDING,15,20,False,p00891,80.99840177157911,22.162993532159522,-0.02815726706126087,0.004594466887749227,-0.0030382492881602108,0.0020250811424096238,-0.3601217719225627,0.05206371703576984,-39.940646651675976
0.5850419987995596,0.534493232822822,0.27565944616967664,0.2606342915920307,0.030903599438729293,0.01433529831246701,0.259865965074944,0.23936277189683428,-9.237289257085802,-10.351765936378781,-16.078857154271724,-17.655488397243545,5.152049792973773,5.96761103761935,0.011157617092246941,0.011157617092246941,-1.465460967772043,0.848128912912144,0.0016119023517278481,-0.01844542314992586,0.02013707448109851,-0.04184988696184448,82.44286866205483,29.070756333401693,702.5709475401711,4.737068999991997,101.56175767221998,DESCENDING,15,20,False,p03046,80.71880748893011,22.289475745598264,-0.05054876597673763,-0.015025154577645916,-0.016568301126262282,-0.020503193178109752,-1.114476679292979,-1.5766312429718212,-53.372112328653145
0.6403823188286047,0.6109606593437694,0.2912685396840189,0.31326073091636014,0.08161392270451559,0.11169465907092258,0.3309275386357895,0.3886246838387643,-6.83831795825645,-7.192934732292801,-13.904952606395268,-14.12619523399211,5.437259947149092,5.233670019341376,0.010340582602910153,0.010340582602910153,-1.485354290994358,0.9771938626532671,7.860389445009203e-05,-0.020336460560950776,0.024258158018623046,-0.04730575628173039,70.80217674045858,24.36061806013721,792.2003859761978,14.920513026696687,128.31589739466065,DESCENDING,15,20,False,p03476,80.90520367736278,22.312472511678035,-0.029421659484835327,0.02199219123234125,0.030080736366406985,0.05769714520297481,-0.3546167740363506,-0.2212426275968422,-46.441558680321364
0.6678123420052,0.6558014093874892,0.3281853846064102,0.3310397773642757,0.11734021255580177,0.12320763379761503,0.39060752028038964,0.4158049360505317,-8.723299765323835,-8.876643333820194,-15.507733185446186,-15.562444575714185,4.908482026007866,4.817475503713532,0.01351075121075429,0.01351075121075429,-1.560706974776868,0.7144099719875464,0.0036829056039978086,-0.01639861733752442,0.020985171680850526,-0.038949079848141395,68.83226146063376,24.662377191220184,599.9599034164046,9.427830147194031,190.21045309539204,DESCENDING,15,20,False,p04211,80.501345269092,22.358466043837577,-0.012010932617710801,0.002854392757865476,0.0058674212418132615,0.025197415770142062,-0.15334356849635888,-0.05471139026799854,-44.16988426941357
0.6896744307273027,0.6486349336934603,0.3208148882871454,0.3134508598250805,0.14775082143944313,0.11392299335369005,0.43534631831561427,0.41574686806274397,-8.763982872708853,-9.21760519375013,-15.884380024708719,-16.071527732769084,5.492320377970202,5.1296473737108785,0.009460810957933719,0.009460810957933719,-1.6030184860571104,0.8018880940548461,0.0035910382402047658,-0.01671272746722246,0.02393685305328491,-0.039971070790281706,50.16753598540967,21.027812878000237,566.8800586297713,2.800183620710484,194.09143183886496,DESCENDING,15,20,False,p00126,80.59454336330833,22.122749191519922,-0.041039497033842465,-0.007364028462064909,-0.033827828085753076,-0.0195994502528703,-0.4536223210412764,-0.1871477080603654,-29.139723107409434
0.7633583028194828,0.7472045048053011,0.34873623882565374,0.3675497147472008,0.19668014265564573,0.22222655291266163,0.5105250665713017,0.5342782690601775,-9.177345122501562,-9.560880307578689,-16.14219219614583,-16.279576606568178,5.350064862058349,5.077017479723176,0.015494789730532754,0.015494789730532754,-1.516675034168418,1.0601423160001853,-8.542720983919799e-05,-0.02105552677348076,0.03348328281324816,-0.049935316258894136,65.20653132328822,22.866395363206184,791.175564647011,6.34787941509036,216.5273769140842,DESCENDING,15,20,False,p00082,80.94248291504931,22.11699999999998,-0.01615379801418171,0.01881347592154703,0.0255464102570159,0.023753202488875802,-0.38353518507712714,-0.13738441042234584,-42.34013596008204
0.6957152132537603,0.6338989863098842,0.3260232519532868,0.3218719916196237,0.12561601245930384,0.11297756805307971,0.40082919345711543,0.39633877575818166,-9.793410309984097,-10.213764957499976,-16.6787238916492,-16.882641931525274,5.260184411791735,5.032121243639554,0.009566380335023661,0.009566380335023661,-1.5335211091675325,1.027383778358597,0.001180652477321406,-0.021877933693324202,0.03960752432950076,-0.05088121751986201,68.60620687863766,24.923491673591805,879.5685747214766,9.830388013830195,203.09960462287114,DESCENDING,15,20,False,p01194,81.01704139042238,22.18024110671935,-0.06181622694387612,-0.004151260333663087,-0.012638444406224136,-0.0044904176989337685,-0.4203546475158788,-0.2039180398760756,-43.68271520504586
0.6835549252927773,0.6568336198228091,0.3177552207962222,0.3163773970858936,0.1283423703133457,0.12581520660963358,0.4226126688855622,0.4221514259824988,-8.448317804633996,-8.969944687083983,-15.511755662671046,-16.094263999817418,5.262526525285883,5.344759151696357,0.011769656812171903,0.011769656812171903,-1.599095206864256,0.7876751766037721,0.004388860561288611,-0.016654473130837434,0.02257402223877386,-0.03918376370895316,63.61214664043524,23.799808087584736,538.5411686159681,5.711514020495818,163.77037918885426,DESCENDING,15,20,False,p02819,80.55105091934071,22.277977362558378,-0.026721305469968204,-0.0013778237103286295,-0.0025271637037121153,-0.0004612429030634302,-0.5216268824499863,-0.582508337146372,-39.812338552850505
0.6887606280295464,0.6895734259341267,0.30697841453079505,0.3128187164065711,0.1353639418194131,0.14942445604103707,0.42868063451519867,0.45347810109638403,-8.376102100327786,-8.748308857344318,-15.386704726795527,-15.864425940264235,5.232376868787427,5.359500186492039,0.008396480741956314,0.008396480741956314,-1.514985615533553,0.7858784672235296,0.0034904131706727562,-0.017026810073676957,0.02057690072922361,-0.03973224746827677,68.46971168839727,24.4952576690733,555.2407869282292,5.1191184229459425,166.21128911058864,DESCENDING,15,20,False,p04227,80.60075656958942,22.358466043837577,0.0008127979045803313,0.005840301875776055,0.014060514221623965,0.024797466581185368,-0.3722067570165315,-0.47772121346870833,-43.97445401932397
0.7847344035379757,0.7578528603674013,0.3704367564103926,0.369142343199535,0.22785722313723256,0.23362343304469596,0.5380677872062941,0.5494208806462144,-7.579816538352625,-7.742083521496755,-14.165590577482696,-14.275321111042128,4.797732895409306,4.779039070787336,0.011074582810748357,0.011074582810748357,-1.5460182947448482,0.9005264570656888,0.0015170440273578956,-0.01852497876896698,0.021255474717624148,-0.042507387950651516,85.00354608321321,29.839610016542117,775.6847733002521,7.987466485253505,123.67251990875985,DESCENDING,15,20,False,p01446,80.71880748893011,22.19748868127918,-0.02688154317057445,-0.0012944132108576034,0.005766209907463404,0.011353093439920303,-0.16226698314413035,-0.10973053355943208,-55.16393606667109
0.7252309740409266,0.7001002053266161,0.370194520499902,0.37813866395178003,0.17254497089784157,0.17745367777273113,0.4494465202963699,0.4707139549206916,-8.120879694919857,-8.150769514005422,-14.659436196738586,-14.638415735902308,4.796973034038979,4.745238174405184,0.010413807551946319,0.010413807551946319,-1.4573143125047554,0.888589902057814,-0.00010822917509262616,-0.019242779195319245,0.02125947990884107,-0.045563775567624726,62.931390523259104,23.533444607192703,830.1111253967607,15.570316203945511,165.89807545502012,DESCENDING,15,20,False,p04976,80.90520367736278,22.398710384477177,-0.025130768714310525,0.00794414345187805,0.004908706874889562,0.021267434624321735,-0.02988981908556454,0.02102046083627762,-39.397945916066405
0.7331585825749651,0.7243410059783277,0.3381756120489913,0.3394295183217278,0.13872095465587678,0.14099504708639735,0.4431925391470747,0.4549090518849215,-9.086643438973107,-9.486497163491245,-15.626439442063196,-15.990153196292233,4.754058158460397,4.762983566943726,0.009237046385461078,0.009237046385461078,-1.5046925075269482,0.825248267159308,0.0027284695226339286,-0.01784173398784281,0.020847409356254756,-0.0406439368605143,83.15329435122068,29.51366074292083,647.1328497972829,5.019536029300043,190.0184324795484,DESCENDING,15,20,False,p03038,80.6691018386814,22.289475745598264,-0.0088175765966374,0.0012539062727364714,0.002274092430520569,0.011716512737846796,-0.39985372451813816,-0.3637137542290372,-53.639633608299846
0.5610798532627336,0.5312918363421175,0.2804910096115652,0.27301775240226067,0.0021102348339985828,-0.018589796008881193,0.24629148591860428,0.2169651149780082,-8.946423434254228,-9.815369436224143,-15.855118774079298,-17.142447034824265,5.081299133821509,5.607933285190394,0.013114989811585764,0.013114989811585764,-1.5716803458750201,0.7353263736323965,0.003990313032478349,-0.015784071523642588,0.022796478484332153,-0.03799375933109566,54.175684688732,22.008608480694086,530.883913419359,3.1063366526848304,190.35556018058963,DESCENDING,15,20,False,p01106,80.47027923768655,22.18024110671935,-0.029788016920616056,-0.007473257209304529,-0.020700030842879774,-0.02932637094059609,-0.8689460019699151,-1.2873282607449674,-32.16707620803791
0.7769266623276898,0.7482103598093622,0.4019699572841162,0.4117170321265966,0.25961374910765406,0.27978776508058056,0.5634937972417661,0.5851085820232824,-9.00386588061978,-9.106864507018113,-15.757647929998086,-15.515561782284376,5.00837066574336,4.637948698236021,0.013474457034272191,0.013474457034272191,-1.4901199814440054,1.078054775164997,-0.00015649149991194794,-0.020519986383733858,0.023943726611295735,-0.04685196889992753,70.55805996116796,25.706965199436052,761.3874653905857,10.305603124049739,224.7364323095882,DESCENDING,15,20,False,p01572,80.88035085223842,22.20323787279912,-0.028716302518327574,0.009747074842480385,0.020174015972926507,0.02161478478151635,-0.1029986263983318,0.24208614771371018,-44.8510947617319
0.7211301963597326,0.7315629115464222,0.33570146979728477,0.34034925156944085,0.1750246333783051,0.18897809860117856,0.47380300493656113,0.4964204259496191,-8.516287042300204,-9.045169981971611,-15.501491431070487,-15.980412468458251,5.2611255958564405,5.209487478083676,0.012109793754660259,0.012109793754660259,-1.5018918777742656,0.8015095676835481,0.0032110802887881902,-0.017270212915560548,0.02046578899792205,-0.03992059395845205,71.32372176196567,25.411952108452,586.8264876165971,5.47609359922805,186.8579848825989,DESCENDING,15,20,False,p04031,80.62560939471378,22.34696766079769,0.010432715186689534,0.004647781772156079,0.013953465222873468,0.02261742101305797,-0.5288829396714068,-0.4789210373877637,-45.91176965351367
0.7326759467377014,0.6884318204203563,0.3497224319032592,0.35244421398296777,0.19217856068776007,0.1791828158910179,0.4846045301864877,0.47459702276328103,-9.081580591319373,-9.448217859438335,-15.78654265240936,-16.08614855942092,4.988638651108552,4.874322485613638,0.008653798336131335,0.008653798336131335,-1.5716496804705535,0.8142891650761485,0.004151512381133144,-0.017094810717251205,0.02238172283568638,-0.03980174626884417,70.11471025468663,25.664697613533065,640.209194611545,7.892334890567,166.73663285549716,DESCENDING,15,20,False,p02927,80.60075656958942,22.28372655407832,-0.04424412631734509,0.002721782079708579,-0.012995744796742176,-0.010007507423206663,-0.36663726811896247,-0.29960590701156065,-44.45001264115356
0.6582232514621602,0.7091848881084064,0.2751683745445828,0.3262357457293325,0.0803254757128798,0.19514204920050718,0.3456407425305514,0.4805658073831343,-8.392192875147028,-8.826883681367638,-15.62508253741346,-16.175878617168642,5.605763890042562,5.814515485646987,0.012979641526665309,0.012979641526665309,-1.5448259461838312,1.0007804833111602,0.0015927269302022675,-0.02202323767531766,0.041360491560157246,-0.05096181129765156,72.59435113169376,26.04081176992309,824.3764692622287,8.582600714906771,156.44815315750483,DESCENDING,15,20,False,p01397,81.03568100926564,22.191739489759236,0.0509616366462462,0.05106737118474969,0.11481657348762737,0.13492506485258293,-0.43469080622061007,-0.5507960797551821,-46.55353936177067
0.6682812017401631,0.6462480240193935,0.32617629941583154,0.323529646318206,0.11589510386395048,0.09816179333574072,0.3919275988812172,0.39237322008058323,-8.5839987003513,-8.77863769181271,-15.151598205484314,-15.247972035813909,4.703807976518446,4.623427884524081,0.01181539159917211,0.01181539159917211,-1.532045174979081,0.7633809286897444,0.003618779893795062,-0.01680869849220999,0.020755334158718535,-0.03944418205298302,69.15795938986064,24.827559609482766,615.2397576203308,7.107408088382239,155.01507678287354,DESCENDING,15,20,False,p04222,80.56969053818398,22.358466043837577,-0.022033177720769626,-0.0026466530976255176,-0.017733310528209756,0.00044562119936603084,-0.19463899146141017,-0.09637383032959512,-44.330399780377874
0.7482159664332301,0.7234003683263285,0.3668559723809089,0.36785243233960246,0.1907166391334168,0.19740693908307988,0.48180037137180576,0.4963727876634193,-8.628863726166305,-9.046713501336237,-15.15306434050499,-15.471070532202061,4.764724607891327,4.571627380213116,0.01198784687496135,0.01198784687496135,-1.5640481714678582,0.8321402126313636,0.00363263595910553,-0.01735567503482524,0.022193863893716987,-0.040240961708070754,77.28707699619069,28.308599088313805,653.0596373815539,5.084098843288987,154.25714699399936,DESCENDING,15,20,False,p02531,80.62560939471378,22.26072978799855,-0.024815598106901593,0.000996459958693574,0.006690299949663081,0.014572416291613544,-0.41784977516993216,-0.3180061916970711,-48.978477907876886
0.5955636035561086,0.598438105216497,0.2866325844750067,0.2851088353106577,0.06433026485935806,0.06158720078826615,0.3288621507496996,0.33305752307544756,-10.25949755902508,-11.03194288896688,-16.871804042298017,-17.857548558916037,4.858480775732081,5.11774789354846,0.012093988128367372,0.012093988128367372,-1.511561490514068,0.8048203858955081,0.0033272451022686115,-0.01730004894751641,0.0207790232761148,-0.039962998744477646,71.90949931762513,25.624735888991044,572.8349990405532,6.008635026224891,207.24754541384166,DESCENDING,15,20,False,p03831,80.62560939471378,22.335469277757806,0.0028745016603883844,-0.0015237491643489975,-0.0027430640710919066,0.004195372325747959,-0.7724453299417995,-0.9857445166180199,-46.28476342863409
0.7552417809135838,0.7471187112309315,0.35731341299392444,0.37272400558976193,0.19270386450093227,0.22302763275949766,0.5001911671196837,0.541192386948864,-8.821814737642727,-9.178449071162854,-15.523988185334543,-15.780476278420123,4.933794689413104,4.8803313978834835,0.009131618428690813,0.009131618428690813,-1.5658797234708737,0.8620007158953299,0.0026330812493731023,-0.01783496524316697,0.021810132872788702,-0.04112454991038191,79.82059533143567,29.582074421600712,617.6105089519211,6.797344598672301,196.7823375578355,DESCENDING,15,20,False,p01638,80.6691018386814,22.208987064319064,-0.008123069682652306,0.015410592595837491,0.030323768258565392,0.04100121982918026,-0.35663433352012675,-0.2564880930855793,-50.23852090983496
0.7407511206915431,0.7355671941305946,0.3682890907518326,0.3801164604947541,0.20245369516162665,0.19806596597385714,0.4946905265132194,0.5019367383770487,-6.667677175526764,-6.985037966949573,-13.232823348641858,-13.49155562911929,4.856652458162335,4.70421133402227,0.013152291925888848,0.013152291925888848,-1.4446476870465808,0.8442428673598831,0.0014715857897448603,-0.01841790507761843,0.019729451006203807,-0.041755022079328505,79.34927178342849,28.09786208332891,792.443453571143,12.99113812684955,118.8917219867232,DESCENDING,15,20,False,p03347,80.7250206952112,22.306723320158092,-0.005183926560948571,0.011827369742921534,-0.004387729187769501,0.007246211863829288,-0.31736079142280893,-0.2587322804774317,-51.251409700099586
0.7029072097136857,0.6763062949339048,0.3483615652047958,0.3435824326414428,0.19880009595159648,0.19869883252347406,0.47562008122907057,0.4822435796538827,-9.224668506683875,-9.68036369617466,-16.1364337905194,-16.44291147679129,5.217742099119305,5.026010751690037,0.012872443294487779,0.012872443294487779,-1.4450999798216602,0.9078752305561497,-4.490470968572557e-05,-0.019373416924689843,0.020963982503345666,-0.045202755258089374,64.30194628847778,23.09697445291673,696.6868321144549,7.817088278783521,214.19670702953275,DESCENDING,15,20,False,p04271,80.87413764595733,22.358466043837577,-0.026600914779780882,-0.004779132563352995,-0.00010126342812241673,0.006623498424812135,-0.45569518949078613,-0.3064776862718901,-41.204971835561054
0.6756254961265253,0.6804747335716208,0.3119933758989379,0.31442908356830707,0.12301459007641609,0.12602006418177436,0.40480488176704177,0.41590519687020916,-8.558609562342628,-8.869427945307448,-15.581505241398252,-16.121647605973386,5.22193796669257,5.506827293051099,0.011968911344405253,0.011968911344405253,-1.5334280427992666,0.7811087761292933,0.0037274413725257314,-0.016930952192266542,0.021012012957325146,-0.03958836905067155,68.61152165861884,24.616331043112318,566.6315937600513,5.362930202637501,132.541822129302,DESCENDING,15,20,False,p04025,80.58833015702724,22.34696766079769,0.004849237445095467,0.0024357076693691804,0.0030054741053582718,0.01110031510316739,-0.3108183829648201,-0.540142364575134,-43.99519061550652
0.7746542831207988,0.7457541561268143,0.3576723749626349,0.3730452920273606,0.22534004048837933,0.2464461882916646,0.5394785026283205,0.558517219407786,-8.61471434174321,-9.233569610910006,-15.611315844902348,-15.846737706127785,5.312913094204218,4.831901375477063,0.010543236150949764,0.010543236150949764,-1.5004044630418056,1.0598876422198138,0.0002832414214707595,-0.02099471280413098,0.027888180632672194,-0.04825873079467288,73.5319879559705,25.795015938960724,731.8913055723194,6.2507342587004615,212.2390022128345,DESCENDING,15,20,False,p02280,80.93005650248713,22.24348221343872,-0.028900126993984476,0.01537291706472571,0.021106147803285263,0.019038716779465448,-0.6188552691667955,-0.2354218612254364,-47.73697201700977
0.670698629140661,0.6377318476901281,0.28451099439949806,0.279912934912511,0.08710173614816331,0.07105894920409318,0.3787153647760586,0.36657701389111264,-9.025330160648213,-9.493632456821697,-15.959549315706614,-16.59516075928065,5.272659574754458,5.497274301664288,0.009945455234505074,0.009945455234505074,-1.5074777751980584,1.0780541903408962,0.00015109074423548465,-0.021164658417929874,0.03139284171784825,-0.04926291011702604,66.14828959112847,23.924565155501778,719.6424585478323,9.344323194799154,173.2785761751118,DESCENDING,15,20,False,p00882,80.94248291504931,22.162993532159522,-0.03296678145053289,-0.0045980594869870495,-0.01604278694407013,-0.01213835088494597,-0.4683022961734835,-0.6356114435740352,-42.22372443562669
0.6578531207972965,0.6627499568212094,0.3254241444587841,0.3194229399568553,0.1658977602140762,0.15872580705266312,0.44734973259068406,0.4439530380609796,-8.329061383535565,-8.61206126398002,-15.27167536970254,-15.831756267936825,5.148353547482614,5.433970437254891,0.008733410177676038,0.008733410177676038,-1.4893243090292423,0.7308749275144908,0.002835321883449516,-0.0166983679418804,0.0194451322046644,-0.03972750425452285,65.58723293069292,23.371697191125183,486.64549964450845,4.157294753912394,190.98061176395393,DESCENDING,15,20,False,p05420,80.5572641256218,22.42745634207689,0.004896836023912887,-0.006001204501928814,-0.007171953161413086,-0.0033966945297044804,-0.28299988044445534,-0.5600808982342844,-42.21553573956774
0.6818100535181767,0.699056350188669,0.3224052778200001,0.32854005591808727,0.13028759058246303,0.13383874699859077,0.41668088914530754,0.431977066744105,-8.408193707448712,-8.83604804303712,-15.299838988732187,-15.608861324149546,5.165576739002392,5.077153162285696,0.012104845873161518,0.012104845873161518,-1.4823963511161822,0.7948989295150606,0.0029743418574723086,-0.017212085098207396,0.019836060721413473,-0.039839855648511543,68.95101263751721,24.650127077973593,604.4828209186702,6.164316434041598,183.02661998177382,DESCENDING,15,20,False,p04431,80.62560939471378,22.369964426877463,0.017246296670492267,0.006134778098087157,0.003551156416127743,0.015296177598797478,-0.4278543355884086,-0.30902233541735846,-44.300885559543616
0.7243884277729479,0.6992591749677268,0.35039570206947074,0.35190572273631926,0.16438858264261233,0.16254975433565416,0.4589405426450596,0.46473153076782775,-9.134156843618578,-9.390150455069069,-15.795084582549027,-15.689224896944642,4.92926117051554,4.539350104755584,0.013530838928264455,0.013530838928264455,-1.5140244781549586,1.0469399557041281,0.0006607946118159979,-0.02121053225616217,0.030020559578798536,-0.04864864002390139,75.33126940275585,26.024562024027922,847.0773514257374,5.2645854001984125,184.82425512849233,DESCENDING,15,20,False,p02384,80.95490932761149,22.249231404958664,-0.025129252805221047,0.0015100206668485217,-0.001838828306958168,0.005790988122768126,-0.2559936114504904,0.10585968560438452,-49.30670737872793
0.7321941625745031,0.6851209160915723,0.3440183510719942,0.32364461060712046,0.18779356972075498,0.1598425297724109,0.48927871991971883,0.46365163822394956,-8.784489653605299,-9.41722248548646,-15.647305867770303,-16.375079776240327,5.126535757472095,5.28168565120554,0.012061386207629643,0.012061386207629643,-1.5411535466968516,0.8146058398200138,0.0036908321733713357,-0.017382558340710407,0.021735090587526998,-0.04008411805772606,74.60706566111016,26.788392398044145,607.8700166480351,4.738014621317529,163.7768037381675,DESCENDING,15,20,False,p03131,80.62560939471378,22.295224937118206,-0.047073246482930764,-0.020373740464873724,-0.02795103994834408,-0.02562708169576927,-0.632732831881162,-0.7277739084700237,-47.81867326306601
0.7326005180568985,0.7571739260089028,0.3440867430954636,0.3826355754211469,0.2069927690271921,0.25006470986027796,0.5062453348696576,0.5632228081163958,-8.037340985688271,-8.013405228027787,-14.714467030861586,-14.992797216542884,4.803013511229529,5.152122257984845,0.01345113926401853,0.01345113926401853,-1.5142134596379544,0.7600612997030785,0.0033983468813620268,-0.016833052319613493,0.020323039245956943,-0.03954508622572203,67.66899997632797,24.250927527092358,580.7176653108475,6.224481921512519,131.92525039790362,DESCENDING,15,20,False,p04623,80.57590374446507,22.38146280991735,0.024573407952004245,0.03854883232568329,0.04307194083308585,0.056977473246738186,0.023935757660483503,-0.2783301856812983,-43.41807244923561
0.633416819036269,0.630704381494108,0.29043995034651454,0.29729309812138155,0.12070339209839337,0.13043648574819747,0.3791578140510642,0.3951966615368719,-9.195007537858794,-9.937330207059954,-16.685563467020096,-17.628414311614648,6.030113211391391,6.35726945653592,0.011211119613227072,0.011211119613227072,-1.5671336355564922,0.9758696028389885,0.0010833386894483963,-0.020397522873858494,0.031191834305107125,-0.0488444852155787,66.18579293535055,24.883499420840018,657.5260078441461,4.666744358001674,195.45612582781462,DESCENDING,15,20,False,p05298,81.04189421554673,22.415957959037005,-0.0027124375421609948,0.006853147774867008,0.009733093649804098,0.016038847485807695,-0.74232266920116,-0.9428508445945525,-41.30229351451053
0.5836217178455009,0.5739143604992215,0.2863400253226083,0.29487616425270347,0.02334929963504317,0.0415240830071363,0.25266137947065714,0.2828846878062473,-9.485931074168933,-10.361965275005144,-16.456749457345136,-17.245974059276136,5.335927827964227,5.27382442468006,0.01292399123511323,0.01292399123511323,-1.4082051911633169,0.8801532546130236,-4.1777159827417885e-05,-0.01853822136884054,0.01873044235049019,-0.043150730227929396,61.550666969769615,23.40872121706401,638.1008715519382,4.244354084950351,203.92367729411498,DESCENDING,15,20,False,p05371,80.87413764595733,22.421707150556948,-0.009707357346279366,0.008536138930095138,0.01817478337209313,0.03022330833559017,-0.8760342008362105,-0.7892246019310001,-38.14194575270561
0.723501939187614,0.7182324612220086,0.3873429068007761,0.3803214136941974,0.1638905707000356,0.15223196659220384,0.45994368734668184,0.45573499918494104,-9.933495123092309,-9.979202422404489,-16.120259538060953,-16.006997161609142,4.368323873079528,4.225987043314851,0.009305322404180694,0.009305322404180694,-1.4582351068219894,0.8150285054783515,0.002392751222598284,-0.017647167309108966,0.019577361926759324,-0.04013433812314093,75.25176282928572,26.73563881100658,749.1279053874788,11.198478867351122,196.07460142626292,DESCENDING,15,20,False,p04038,80.6691018386814,22.34696766079769,-0.005269477965605396,-0.00702149310657868,-0.01165860410783176,-0.004208688161740803,-0.04570729931218054,0.11326237645181081,-48.51612401827914
0.5140686281066709,0.4825393685297886,0.2639564161612796,0.2619557098634423,-0.043590518186421345,-0.016038825185911158,0.16780821388036318,0.2070232887266895,-10.112062732065395,-11.00040119114502,-17.138570853647693,-18.420713725976633,5.306263190413531,5.848472015313351,0.013285305307704665,0.013285305307704665,-1.6100353433790002,0.7945732240885343,0.004376723563553942,-0.01640853833183465,0.023256034049245273,-0.03888796668226617,54.834838637994054,21.74252196395592,528.0225463448197,4.039308088041151,188.55494571435412,DESCENDING,15,20,False,p01517,80.53862450677853,22.20323787279912,-0.03152925957688224,-0.0020007062978372736,0.027551693000510188,0.03921507484632633,-0.888338459079625,-1.28214287232894,-33.09231667403813
0.5193117687797586,0.5524880642587539,0.2690876283959488,0.2757912884473609,-0.041284019979373865,-0.02697003739260725,0.18752712709653369,0.22306316183487385,-9.481731149284226,-10.280895025515449,-15.456442048204737,-16.413889955824025,4.230677207927124,4.419035091267109,0.009940052939672817,0.009940052939672817,-1.3733520404411832,0.855158487092227,0.00045369878673592743,-0.018185260015768565,0.01781989223470173,-0.041302250548679066,58.161266494969844,21.675722265504092,625.5527872436188,6.635263293255324,173.9942615572559,DESCENDING,15,20,False,p04956,80.780939551741,22.398710384477177,0.033176295478995255,0.006703660051412097,0.014313982586766614,0.03553603473834016,-0.7991638762312228,-0.9574479076192883,-36.48554422946575
0.49785748446487865,0.4811585933710711,0.2525218010115478,0.23924282371127595,-0.04333747309597154,-0.06190213841217299,0.18221832879319905,0.16783899752739356,-9.822006600497481,-10.4828666507541,-16.78075083584251,-17.88062105370964,5.171285353107022,5.730230880884011,0.01533588006969977,0.01533588006969977,-1.5493198809192854,0.6848054231929542,0.003274827907689711,-0.016069757972160363,0.020857138785075096,-0.03896679737640636,60.25237893100199,22.585186154221837,500.6865173050671,4.287512083966302,192.22619458638312,DESCENDING,15,20,False,p03400,80.43300000000002,22.312472511678035,-0.016698891093807566,-0.01327897730027186,-0.018564665316201455,-0.014379331265805484,-0.6608600502566198,-1.099870217867128,-37.667192776780155
0.6000009309169482,0.5822997614193536,0.2863514612712045,0.2918207259022889,0.034236177193465105,0.03969856060668462,0.29420994290806757,0.3034620669357329,-9.295612442096786,-9.878933530923586,-16.14403562924776,-16.919387823161312,5.021583850430036,5.249114994013373,0.008524658366913074,0.008524658366913074,-1.5883039260661815,0.7881382380161343,0.004374871571609154,-0.01679181430226934,0.022327631295792114,-0.03933060057856896,66.18430997681445,24.20442438190871,520.4065173930429,5.847469012395037,177.00901239504202,DESCENDING,15,20,False,p03221,80.56347733190289,22.30097412863815,-0.017701169497594593,0.005469264631084436,0.005462383413219515,0.009252124027665343,-0.5833210888267999,-0.7753521939135517,-41.97988559490574
0.7375891568263099,0.7101712440534816,0.3584766331132497,0.3436714323687098,0.16309401790651396,0.13429596655099998,0.4637263120918886,0.44243094879133354,-8.973687752969457,-9.8052596910951,-16.02270564746408,-16.536924323599756,5.44512767164819,5.079356887881236,0.010041960989085164,0.010041960989085164,-1.5386241563270835,0.9627036082402224,0.0006593151456404975,-0.02036209352378231,0.02767667889259125,-0.04798510801055144,71.86494261097148,25.50395466355973,708.8358390280943,5.194940654597765,189.56510410422416,DESCENDING,15,20,False,p04488,80.97976215273584,22.369964426877463,-0.027417912772828235,-0.014805200744539893,-0.02879805135551397,-0.021295363300555037,-0.8315719381256432,-0.5142186761356768,-46.36098794741176
0.6815292548941358,0.6421123518339872,0.3538890622157456,0.33631756008693064,0.12601338221133018,0.11030477946168388,0.4146486360714158,0.4050256321134634,-10.451791715342999,-10.64105887564726,-16.789893922255423,-16.981230599628404,4.603539679555211,4.5554259958753,0.01134569328319135,0.01134569328319135,-1.4723540823772068,0.8200825286586796,0.002395302215544058,-0.017919749173892694,0.02012308494131699,-0.04057385652830524,83.36658204669709,29.42267216908213,716.852572917999,10.139007931431495,226.02850358193686,DESCENDING,15,20,False,p03340,80.68152825124358,22.306723320158092,-0.03941690306014867,-0.017571502128814975,-0.015708602749646305,-0.009623003957952403,-0.1892671603042615,-0.19133667737298055,-53.943909877614956
0.7111174137464366,0.7040156806734823,0.33481199127506356,0.3430982574577959,0.17638624690747376,0.20778468868126226,0.46699527200966146,0.5042570732011628,-9.631702763426562,-10.196608283672365,-16.75712276634621,-17.352005418656685,5.5050468663890415,5.620497313378913,0.013528691092767331,0.013528691092767331,-1.536716682586273,1.0388382183939164,0.001230285528850789,-0.0215624184826007,0.033163548334742776,-0.04917043473532774,75.05579920301899,25.552555191375607,754.2222901598587,8.427749664110959,209.77852241003401,DESCENDING,15,20,False,p02590,80.99218856529802,22.26072978799855,-0.007101733072954253,0.008286266182732316,0.031398441773788505,0.0372618011915013,-0.5649055202458033,-0.5948826523104742,-49.50324401164339
0.59706603496056,0.5816199118341999,0.29254078146967877,0.28914646678553596,0.04633300010899315,0.02853593677945821,0.30690038263089614,0.30297245966637076,-9.125811841099743,-9.354991270052974,-15.767171625733683,-15.965662255405588,4.782951937607574,4.750890972023192,0.013434743404177607,0.013434743404177607,-1.467980298077612,0.7806919970807928,0.0027837737097983193,-0.017014839867513138,0.019210815479755273,-0.03993149854854663,64.71918751502947,23.29429255569784,606.2861503791845,6.147957838209319,185.99721904792352,DESCENDING,15,20,False,p05129,80.6131829821516,22.410208767517062,-0.015446123126360067,-0.0033943146841428073,-0.017797063329534936,-0.003927922964525377,-0.2291794289532305,-0.19849062967190534,-41.42489495933164
0.7519513507578872,0.7228295781468289,0.36299488016651843,0.3655844376211404,0.2124506789052208,0.22852208481400374,0.5233414177787291,0.5433292795671518,-9.03444899060548,-9.25357388981626,-15.828690183502493,-15.90950554941214,5.015084572252203,4.8902040337553485,0.012186095803825792,0.012186095803825792,-1.5613687041533644,0.9203113422758574,0.0011058311095986362,-0.01867295999322811,0.021937751963233634,-0.04281363385996986,73.23451475556632,26.67568337067389,622.3604402151159,5.742408140920363,230.93561813673384,DESCENDING,15,20,False,p00449,80.73744710777338,22.13999676607975,-0.029121772611058305,0.0025895574546219713,0.01607140590878295,0.01998786178842271,-0.2191248992107795,-0.08081536590964689,-46.55883138489243
0.7438678089722733,0.7286913737292635,0.3309303685978741,0.3407638138626613,0.18596568195165447,0.199704144875727,0.48561291928703854,0.5076227865311986,-7.68377138675886,-8.435306730228945,-15.114423720844158,-15.636925280313827,5.869268589158342,5.557521092716963,0.008979722532339807,0.008979722532339807,-1.5234792467524145,1.0462949579310925,0.0009206534553019276,-0.02140757123574298,0.031814819313259045,-0.048998650370071346,75.11137390703344,25.868992715256738,757.8038525534362,7.356921157045942,125.46029054140534,DESCENDING,15,20,False,p02387,80.97354894645476,22.249231404958664,-0.015176435243009823,0.009833445264787188,0.01373846292407252,0.022009867244160097,-0.7515353434700849,-0.5225015594696689,-49.2423811917767
0.6435503439191304,0.7103859159303412,0.2905440583338538,0.3507270615532484,0.06789175282486538,0.17764001453026512,0.34298816072880534,0.48366720198630847,-8.226644926726769,-8.273002346188315,-14.840589454567473,-15.169398146768005,4.743792946291919,5.097530849592084,0.008896101111148691,0.008896101111148691,-1.518872651035586,0.7139242996370819,0.003217231590492063,-0.016570859179460617,0.02006729329759512,-0.03918510955112814,68.9913597998828,24.282144488209354,540.3274378239383,6.032681104102216,144.26881754992178,DESCENDING,15,20,False,p04915,80.52619809421635,22.398710384477177,0.06683557201121082,0.06018300321939457,0.10974826170539974,0.14067904125750313,-0.04635741946154681,-0.328808692200532,-44.70921531167345
0.7434020317857258,0.7473806022892716,0.3575650094513506,0.37842873189435117,0.23019757132178115,0.2488850586397409,0.5301748645001629,0.56033729693528,-8.030202254223633,-8.092981193392745,-14.914087584253021,-15.042760188895025,5.040912218439644,5.1383676516361305,0.008669093498135272,0.008669093498135272,-1.5029792661216859,0.7421218816928431,0.0031830250317866063,-0.01676116420236225,0.019852223730305773,-0.039437143633497165,66.77426672633823,23.861788948123422,577.243797789977,4.38984635298065,134.72278817804846,DESCENDING,15,20,False,p05021,80.56347733190289,22.40445957599712,0.003978570503545775,0.020863722443000554,0.018687487317959744,0.03016243243511707,-0.06277893916911204,-0.12867260464200392,-42.91247777821481
0.7760494730087096,0.7415908888527936,0.35718201142836176,0.3609564755789292,0.20685390098197382,0.20346652095035211,0.5121351804652385,0.5150276689603974,-8.610027855363326,-8.861012574134596,-15.33057168759606,-15.220542525865334,4.969497730353665,4.602977002839401,0.010278179959121392,0.010278179959121392,-1.493211560724948,1.0860299481617166,-0.00023390241834040848,-0.020625521063520173,0.025233093094824157,-0.04732742426494943,71.30818531698289,25.771134649128673,801.6046597248343,6.709011309156966,200.35817932977426,DESCENDING,15,20,False,p01174,80.8927772648006,22.18024110671935,-0.03445858415591607,0.003774464150567425,-0.0033873800316217006,0.0028924884951588847,-0.2509847187712708,0.11002916173072563,-45.53705066785422
0.7543215282290301,0.7511081667523948,0.36488703426488245,0.3915692539663261,0.1847755904139238,0.22371763529671637,0.48388355983528336,0.536340855465938,-8.644006732632826,-8.641651850252098,-15.137600023750414,-14.968452715236497,4.681669143282595,4.605471031446514,0.011586335495939903,0.011586335495939903,-1.5815805233515117,0.9733545391263508,0.00199441771503072,-0.021412791225957004,0.03645731802093852,-0.04948501346235871,84.86542737918256,29.678236234600647,896.7123565158682,10.244508901133258,172.25966940188272,DESCENDING,15,20,False,p03999,81.04810742182782,22.34121846927775,-0.0032133614766353125,0.026682219701443632,0.03894204488279257,0.052457295630654655,0.0023548823807288954,0.16914730851391724,-55.18719114458192
0.4767002825179446,0.5275008987864062,0.22142471045483242,0.24918913108237847,-0.15727833420383416,-0.10296796484253415,0.04999267989371229,0.14478161234784984,-9.399497650473014,-10.112894711879658,-15.469331883322026,-16.102389093288114,4.261124907938808,4.204525114695224,0.008402624151576443,0.008402624151576443,-1.4090617575941755,0.8729831077192917,0.00041178485674642104,-0.018675563461342127,0.018975236373986525,-0.04276677208326462,60.68807719889627,22.143876979688716,646.8668124552786,7.44235855958708,173.68884315128523,DESCENDING,15,20,False,p04057,80.78715275802209,22.34696766079769,0.05080061626846155,0.027764420627546055,0.054310369361300015,0.09478893245413755,-0.7133970614066438,-0.633057209966088,-38.54420021920755
0.7160391333515317,0.6882483288724838,0.3386028546823212,0.34484753003826113,0.17016977942710848,0.16599639953823248,0.4645727299404131,0.4707961638178679,-8.417696482424786,-8.66754429008369,-15.257823891593992,-15.386753859532998,4.994224292530109,4.8598014055176035,0.008747748604249095,0.008747748604249095,-1.6088607912724668,0.7751156720240433,0.0044595590064639545,-0.016408502975566695,0.02276669847657556,-0.03880992481996483,58.61680500742293,22.38954331579,559.8388010271428,5.261337365107545,150.84872847120548,DESCENDING,15,20,False,p02315,80.52619809421635,22.249231404958664,-0.027790804479047915,0.0062446753559399215,-0.004173379888876005,0.006223433877454776,-0.24984780765890413,-0.12892996793900657,-36.22726169163293
0.6825559235500298,0.6690395376813895,0.3344453400348079,0.34103665746645273,0.11171174764076029,0.13896188028408787,0.39944644774690186,0.4397842580218005,-8.229985699878707,-8.448625279383705,-14.768601358895113,-14.803191672287898,4.777751778990702,4.576841551262502,0.009304791596654316,0.009304791596654316,-1.5048182397590963,1.0062148830943094,-2.5565315698421507e-06,-0.019888950214469216,0.02201589986512397,-0.0454794567958842,71.71444575755892,25.566980482477998,797.1567546372617,10.65702671126546,164.36982859337743,DESCENDING,15,20,False,p01563,80.82443199570862,22.20323787279912,-0.013516385868640346,0.006591317431644816,0.027250132643327582,0.04033781027489863,-0.21863957950499824,-0.03459031339278518,-46.14746527508092
0.6844205922632932,0.6699639482671378,0.3310358005721697,0.34152912182079265,0.1545961851106473,0.16209002884437548,0.43703010240879897,0.4588571348569606,-9.336602884880557,-9.401435713559897,-16.135455831632456,-16.312610530663182,4.960618798557166,5.103501868002613,0.009052081461562667,0.009052081461562667,-1.5566689461276872,0.7016473072023418,0.0035663115450316205,-0.016336569912559638,0.02094434562406551,-0.038936701442341355,67.72376278847672,24.173079938784127,579.3371790130404,6.71320609091348,203.63809876027082,DESCENDING,15,20,False,p04309,80.48891885652982,22.36421523535752,-0.014456643996155427,0.010493321248622955,0.007493843733728189,0.021827032448161643,-0.06483282867933937,-0.17715469903072645,-43.55068284969259
0.6408247068381124,0.6250231503089709,0.2954698839774991,0.31683322663669766,0.09911135017147457,0.15190962323925164,0.3519925779529685,0.4172808547187539,-8.537514749194903,-8.900544028153229,-15.268473431491916,-15.644371520395099,5.063103005236049,5.102102903725377,0.012728820203554703,0.012728820203554703,-1.493547573859182,1.0074049460097516,0.00015196712829341458,-0.02062098881942235,0.025407331945926398,-0.04773810915361042,72.62351847218945,24.983913283208352,746.0798480607757,7.526733306677324,103.07005197920837,DESCENDING,15,20,False,p02977,80.91141688364387,22.28372655407832,-0.015801556529141503,0.021363342659198536,0.05279827306777707,0.06528827676578541,-0.3630292789583258,-0.3758980889031829,-47.63960518898109
0.6899877134347535,0.6678511789436571,0.3124377069117754,0.3176635601050708,0.14685645294508942,0.16580191327627938,0.44718049520951164,0.4749239791047653,-8.797212658479117,-9.050950715552815,-15.544317051738512,-16.089311621292303,4.964436575784749,5.388162647002863,0.009204512305226231,0.009204512305226231,-1.6124197506660605,0.8456888209226306,0.0039280781291659754,-0.01696327280087742,0.023497902784263374,-0.040062799218069704,62.06236542499165,24.411316874685788,550.6565941142385,4.936932513362104,180.30941303367905,DESCENDING,15,20,False,p01327,80.60075656958942,22.191739489759236,-0.022136534491096427,0.005225853193295382,0.01894546033118996,0.027743483895253662,-0.2537380570736989,-0.5449945695537917,-37.65104855030586
0.5391021054646609,0.5583993280980166,0.2927556434148769,0.2969999391369155,-0.01237647729262809,0.004136335606538838,0.2163206263602867,0.24693225175749559,-10.057325851735996,-10.770848729699223,-16.303406197978614,-17.081806647423782,4.562117946492424,4.651763112175828,0.00998676602345061,0.00998676602345061,-1.3733520404411832,0.855158487092227,0.00045369878673592743,-0.018185260015768565,0.01781989223470173,-0.041302250548679066,57.87672049230567,21.611901203574163,628.5193948983517,3.976401674977627,141.30456463367858,DESCENDING,15,20,False,p05056,80.780939551741,22.40445957599712,0.01929722263335576,0.004244295722038605,0.01651281289916693,0.03061162539720888,-0.7135228779632268,-0.7784004494451686,-36.26481928873151
0.7336327589645942,0.7265717406272366,0.3313773213272045,0.33961447534382677,0.16796968667331277,0.1746103502218334,0.4654719611488918,0.48204951367082927,-8.645481073323516,-9.013016804046881,-15.479980608355355,-15.768955326674703,5.0523974204991005,5.011620561612025,0.008406941468888651,0.008406941468888651,-1.5453673738132743,0.7995899818731401,0.003899567492435344,-0.01707548286235236,0.021570221477257536,-0.03975241464624195,68.83462190715146,24.743698274708233,594.6796746927249,6.02452599339469,121.9430232465153,DESCENDING,15,20,False,p03627,80.60075656958942,22.32397089471792,-0.007061018337357616,0.008237154016622283,0.006640663548520637,0.01657755252193749,-0.36753573072336465,-0.2889747183193485,-44.09092363244322
0.733661769053583,0.7430114773733182,0.37687003859984114,0.37813208705912976,0.19763396217151571,0.19983725569811048,0.4907442732757693,0.5004373544945447,-7.456665752126255,-7.836483177381001,-13.871530225140605,-14.201667778138491,4.630559474540317,4.676281527283791,0.013246327770149224,0.013246327770149224,-1.4570830647890447,0.8210383935313735,0.002190392881656122,-0.017924113753358548,0.019717546994253366,-0.04049582417074605,79.86637775952411,28.323848610925886,789.1126648440011,12.168301704728211,108.50250080411712,DESCENDING,15,20,False,p03741,80.68774145752467,22.329720086237863,0.00934970831973514,0.0012620484592886227,0.002203293526594763,0.009693081218775434,-0.37981742525474615,-0.3301375529978863,-51.54252914859823
0.6769485638665805,0.6862364190417095,0.29911320975005146,0.3145708687334373,0.10725439187413514,0.151417633625143,0.3904411931061092,0.4435585066428929,-8.395864280380973,-8.986248134792033,-15.516710474465915,-16.127638463820894,5.46776247437656,5.527461574286964,0.013076990896941032,0.013076990896941032,-1.4844812723963,0.934301259330278,0.0002003547451366116,-0.019217733707104688,0.02285510460929442,-0.045731145025677794,58.25098128910483,22.71061244759246,650.8830324332945,6.265569579805074,151.38471001757466,DESCENDING,15,20,False,p05685,80.96112253389258,22.438954725116776,0.009287855175128978,0.015457658983385858,0.044163241751007845,0.05311731353678373,-0.5903838544110602,-0.6109279893549786,-35.54036884151237
0.5401440283432718,0.5062124491173524,0.2672948737381359,0.25941347165173684,0.03665648795762544,0.03391900824747348,0.24463522064001184,0.24816623894787723,-9.506862360736921,-10.526114152002336,-16.627799423083005,-18.07563613970121,5.5458846424104715,6.26832297007353,0.00832325879173279,0.00832325879173279,-1.462858039307347,0.9209410158855721,-6.312262586876802e-05,-0.01962244421685683,0.02202355407829841,-0.046045344725408464,65.24324089658522,23.44792301702673,683.9095352164759,5.173727110496617,162.70243243677763,DESCENDING,15,20,False,p04375,80.89899047108169,22.36421523535752,-0.033931579225919384,-0.007881402086399036,-0.002737479710151959,0.0035310183078653967,-1.0192517912654147,-1.4478367166182053,-41.79531787955849
0.5977666553518627,0.5933051113995261,0.2888405838419731,0.3034360818004272,0.055402741369872104,0.07728878532289225,0.30791391645343763,0.3397114859260794,-8.864157754159013,-9.236190414439102,-16.13508439761153,-16.72867724508373,5.557515622224636,5.8141270549387984,0.011901296299582587,0.011901296299582587,-1.6013154762669741,0.7534872207581785,0.004466333223995241,-0.016007725030541695,0.023004943739814803,-0.038151017252012975,53.06186663184322,20.98052392672511,522.7118652206977,2.9552122934091005,192.34311897234787,DESCENDING,15,20,False,p01510,80.49513206281091,22.20323787279912,-0.004461543952336555,0.014595497958454107,0.02188604395302015,0.031797569472641785,-0.3720326602800892,-0.5935928474722019,-32.08134270511812
0.6371710964617558,0.6224986934870727,0.31639233074041506,0.32411276604181727,0.1180276241747725,0.1360209838881887,0.36936491349774575,0.39588962241854575,-9.497093991297831,-10.45422359367335,-16.770630579569364,-17.638812101158344,5.638735691531508,5.686511903237194,0.010582221462381747,0.010582221462381747,-1.4353981307107462,0.8950590003571619,-4.1695361736555376e-05,-0.01917400006536637,0.020408777571739523,-0.044720840828266106,63.14063789637665,22.94347439421911,665.7867360311969,4.659362613476529,200.37673411328467,DESCENDING,15,20,False,p04470,80.86792443967624,22.369964426877463,-0.014672402974683196,0.0077204353014022065,0.0179933597134162,0.0265247089208,-0.9571296023755185,-0.8681815215889799,-40.197163502157544
0.7144049394498172,0.6985886705411152,0.3101825252863901,0.3208950896772229,0.14369526394998514,0.17549981922979607,0.44945331449804055,0.48912746546748154,-8.681391721305408,-9.068703287272589,-15.465632679873822,-15.89636924602986,5.037625462015372,5.125403294664804,0.009266122329956161,0.009266122329956161,-1.4950129041773212,1.0540800466673383,-0.00010431367944643512,-0.0203100292297771,0.023303637116059348,-0.04639332690693861,71.11951937462456,25.778381577881753,690.5948945704805,5.106173728644026,209.25271075901267,DESCENDING,15,20,False,p01569,80.86171123339516,22.20323787279912,-0.015816268908702025,0.01071256439083279,0.03180455527981094,0.03967415096944099,-0.3873115659671811,-0.43073656615603717,-45.34113779674281
0.7013281434799309,0.6800539763059261,0.33195773371327914,0.3290313553474512,0.16830666492498003,0.17878381421411144,0.4467136485256209,0.46238745980286267,-8.119230165496782,-8.999725081200271,-15.47595732369423,-16.226281248805122,5.753954559649908,5.571080745126624,0.012934538123503092,0.012934538123503092,-1.4869787809930943,0.9382600907184416,0.00015592731906502046,-0.019920866008634824,0.02397940008466107,-0.04679246620445215,65.79505817363732,23.513518309723725,663.6004454056489,4.683914745821307,136.44667593925118,DESCENDING,15,20,False,p04379,80.92384329620604,22.36421523535752,-0.021274167174004766,-0.0029263783658279308,0.010477149289131404,0.015673811277241767,-0.8804949157034887,-0.7503239251108926,-42.28153986391359
0.767425365940626,0.7671754897518053,0.3743048237210113,0.38438722825858274,0.19892802393715447,0.20951063360657338,0.5100448223028872,0.5268090402119001,-9.288804358793346,-9.400107681947539,-15.931021787361901,-15.857657473000696,4.89194540586207,4.679632501863067,0.012260634584661423,0.012260634584661423,-1.4857705806534618,0.8406005511577097,0.001998022892583954,-0.01821762500924594,0.02036535672964545,-0.04129368275009993,87.35676453211538,30.827895042994253,805.392667503379,11.60719572633069,215.76749855184391,DESCENDING,15,20,False,p02843,80.70016787008684,22.277977362558378,-0.00024987618882077456,0.010082404537571421,0.010582609669418902,0.016764217909012946,-0.11130332315419267,0.07336431436120527,-56.52886948912112
0.7506004128773025,0.6807893885499923,0.3542206369742601,0.30693050149167667,0.2207801703853192,0.14682208900082566,0.5247666835066623,0.44984509516798926,-9.10914500539546,-9.579786833821009,-15.80549888014847,-16.401475717958117,4.92195493677859,5.100627059197761,0.013461480904458312,0.013461480904458312,-1.5476396396727325,0.8139798010915075,0.0038213295603182137,-0.017319078130490734,0.021879842371919957,-0.040018613040301326,72.79205962683208,26.093231162815687,598.6853149089987,6.042462335668363,165.81692415954961,DESCENDING,15,20,False,p03230,80.61939618843269,22.30097412863815,-0.06981102432731023,-0.04729013548258343,-0.07395808138449353,-0.07492158833867307,-0.47064182842554914,-0.5959768378096477,-46.6988284640164
0.6922026719779613,0.6770005785106369,0.32128955883109056,0.32817158404101016,0.13230717465150535,0.1428505315199067,0.41360450393212467,0.42651334386026013,-8.902354069809956,-9.943531033625264,-16.041519198849233,-17.04406919350011,5.56959517088681,5.540676511323808,0.007944713509359769,0.007944713509359769,-1.5456418762765154,0.9650200769304569,0.0006246848554108141,-0.019965690895483963,0.02751311668594294,-0.04792190446459999,65.45139190035727,24.414949362780032,672.197111313488,3.693212864880408,187.39026026937628,DESCENDING,15,20,False,p05393,81.01082818414129,22.421707150556948,-0.015202093467324373,0.0068820252099195955,0.010543356868401355,0.012908839928135463,-1.0411769638153086,-1.0025499946508774,-41.03644253757723
0.4940309830207186,0.4690156383121778,0.2393301405446836,0.2365890926853244,-0.07517565475356149,-0.08119561488698991,0.1178560707949352,0.12371178762192138,-8.9419557441699,-9.538568582905322,-16.07857552743064,-16.88648873195507,5.381300752241463,5.767890704504443,0.013424788502423568,0.013424788502423568,-1.6149591423959573,0.7536115062868278,0.004505095536921202,-0.016258685481085007,0.022492101715300826,-0.03864378680428489,58.07561710000582,21.93608317919518,515.1337194419557,4.571987392806859,136.47988128759746,DESCENDING,15,20,False,p02711,80.501345269092,22.272228171038435,-0.025015344708540777,-0.0027410478593591914,-0.006019960133428426,0.005855716826986185,-0.5966128387354228,-0.8079132045244286,-36.13953392081064
0.7609665220018238,0.7250435661977424,0.3771729772168243,0.36394996776772376,0.20501810385698663,0.20130086376705153,0.5051833688830184,0.5106883770063217,-8.377038125243846,-8.265259420218513,-14.774050753313988,-14.578762273569833,4.6182989758728406,4.489940026893301,0.009297769992665073,0.009297769992665073,-1.5530929439301575,0.8951002532498507,0.0015981221345159184,-0.018430140336264524,0.02141006336401631,-0.04229795792743388,81.97946784919097,29.19280752686739,750.8538545268277,15.025531438084258,164.71899410936112,DESCENDING,15,20,False,p01245,80.71259428264902,22.185990298239293,-0.03592295580408145,-0.013223009449100542,-0.0037172400899350977,0.0055050081233033454,0.11177870502533338,0.1952884797441552,-52.78666032232358
0.6680832334803353,0.6313835126434262,0.30275605590469845,0.30142591917654266,0.11615563484791523,0.11915002631622183,0.4102823391844442,0.41308655486849594,-8.99604962549498,-9.458058977961196,-15.756688629257354,-16.42061722784025,4.970413841408536,5.2523317709943935,0.009111163961246338,0.009111163961246338,-1.6129862815943985,0.8405156447755214,0.004020598280449408,-0.016869262662636126,0.02355281291843403,-0.03992198944444967,60.86835807561875,23.993244930775496,545.8315423438215,4.599236917727171,201.96596717458323,DESCENDING,15,20,False,p01326,80.59454336330833,22.191739489759236,-0.03669972083690909,-0.0013301367281557952,0.002994391468306601,0.0028042156840517585,-0.4620093524662163,-0.6639285985828955,-36.875113144843255
0.7615356415823554,0.7302151465789137,0.3467751529804076,0.33814015556637755,0.21294887419370617,0.18643780230112775,0.5129515866603399,0.49492038969219004,-9.4710167179032,-9.664774639716201,-16.146686942355096,-16.07295860446111,4.941175374159382,4.676826177228336,0.013542093571277447,0.013542093571277447,-1.5405754041592226,1.0321665151151145,0.001284154861444567,-0.021525422222476387,0.03275106620257794,-0.048997145820916535,75.22028787342926,25.393211402849523,795.8445080741267,11.510297610954252,188.76772588759397,DESCENDING,15,20,False,p02790,80.99218856529802,22.272228171038435,-0.031320495003441695,-0.008634997414030066,-0.026511071892578425,-0.018031196968149865,-0.19375792181300078,0.0737283378939857,-49.82707647057973
0.7087478607853384,0.7326728840940494,0.35016886209976467,0.36650615657333324,0.18538862960520938,0.19776279172387587,0.47855777489823687,0.5036630514993978,-9.180818249406423,-9.464488286114346,-15.902150734585666,-15.923384764846912,4.948273294242683,4.67569869755468,0.009141894339406376,0.009141894339406376,-1.4863873311196276,0.8003553084815312,0.0029871406570270197,-0.017288773247589262,0.0200367793218952,-0.03989868432262019,70.09978046730488,25.00483821691388,628.9404033664784,10.29044315651552,244.11146837294925,DESCENDING,15,20,False,p04332,80.63182260099487,22.36421523535752,0.023925023308711046,0.016337294473568575,0.012374162118666487,0.025105276601160964,-0.2836700367079228,-0.021234030261245707,-45.094942250391
0.706889363421805,0.7023887517026545,0.361368263357578,0.36893008336024474,0.14887827749088442,0.16476938466154206,0.42893765238873793,0.4591615891514991,-7.446882337337571,-7.952552711034862,-14.177372265176903,-14.445016151158258,4.996528172664986,4.765079507344207,0.012874938246670187,0.012874938246670187,-1.447824468051721,0.9012028863533763,-9.866104617680432e-05,-0.019331578781390177,0.02093613557313105,-0.04532650604362172,63.59760843532799,23.190910145966676,726.4248091755588,13.201982176397719,121.08207648962959,DESCENDING,15,20,False,p04573,80.88656405851951,22.375713618397405,-0.004500611719150505,0.007561820002666753,0.015891107170657642,0.030223936762761194,-0.5056703736972912,-0.26764388598135547,-40.406698289361316
0.6915557220100321,0.703105629422019,0.32159022886789396,0.34086121588918034,0.15514859362573363,0.1918568939963543,0.44377708302808033,0.490740871623069,-8.343161440447135,-9.07834053069562,-15.506936908276487,-16.160181333493878,5.499236323967192,5.409040259014296,0.013667347423161558,0.013667347423161558,-1.4779797729424013,0.9226333719146557,5.4828887182211685e-05,-0.019700038093375158,0.023073785969829973,-0.046431068680890336,64.80773740245479,23.527488556656525,671.035135675178,6.676673460416412,181.43952363825252,DESCENDING,15,20,False,p04578,80.91763008992496,22.375713618397405,0.011549907411986915,0.01927098702128638,0.03670830037062067,0.046963788594988676,-0.7351790902484847,-0.653244425217391,-41.28024884579827
0.6567683126133385,0.6541417728100993,0.27845050952267925,0.28760899238602566,0.05479069807788245,0.0660461574800806,0.3356564405483535,0.35441037257907626,-8.164052574139975,-8.805340931329972,-15.020349187624454,-15.857471078839556,5.176828366520615,5.537954673555032,0.00969301689634472,0.00969301689634472,-1.5221009845460556,1.0539991130721307,0.0002191170501982711,-0.02135513476037934,0.03669584440475126,-0.05088936549776009,62.01499242546578,22.369028598206725,737.1577502214345,8.700990417908043,107.87535228279248,DESCENDING,15,20,False,p00187,80.97354894645476,22.122749191519922,-0.002626539803239125,0.009158482863346418,0.011255459402198145,0.018753932030722786,-0.6412883571899979,-0.8371218912151015,-39.64596382725905
0.6901086631655361,0.6657094992254318,0.3311898387747138,0.33992081943137575,0.13339060949453352,0.13145078432116344,0.4179626371717362,0.4286281343660351,-8.835221903971357,-9.199478958827786,-15.410506016824936,-15.687464737974459,4.816549279099527,4.6751369204139905,0.008653798336131335,0.008653798336131335,-1.577837357337117,0.8199110975259507,0.004131620383168773,-0.017080609555196486,0.022531441877663667,-0.03983863115050085,70.59051778305611,25.94413242601369,651.115521694007,8.513729213094443,117.08437049969024,DESCENDING,15,20,False,p02827,80.60075656958942,22.277977362558378,-0.02439916394010433,0.008730980656661946,-0.0019398251733700744,0.010665497194298879,-0.364257054856429,-0.2769587211495228,-44.64638535704242
0.5632967764918049,0.5234890014369884,0.2609625385158788,0.25912884376532336,0.028103378389854675,0.01772736083896617,0.2718770213441393,0.2668012569335,-10.39307045122015,-11.15650835789916,-16.971185706541853,-18.142727936865754,4.811932350429605,5.66327214948598,0.01147456205067865,0.01147456205067865,-1.5299952066742224,0.8224947453062753,0.0032693141720211557,-0.01757314249960228,0.021443877519001855,-0.04035300960132435,79.67351151079322,28.63166190566703,613.5217592962825,4.309788084766089,158.25296281487408,DESCENDING,15,20,False,p02934,80.64424901355704,22.28372655407832,-0.039807775054816474,-0.001833694750555448,-0.010376017550888506,-0.0050757644106393385,-0.7634379066790089,-1.171542230323901,-51.04184960512619
0.7056961206885919,0.7176994017915233,0.34597821968546355,0.3617962945470663,0.12824852129428674,0.17908395279208683,0.4176776487350983,0.48660758796062226,-10.17721941709056,-10.335326331311496,-16.53459335573298,-16.673668736292868,4.620886662819617,4.551136629936498,0.009767922471274448,0.009767922471274448,-1.5675483204886245,0.9864623916921242,0.0015225780286598444,-0.02121706673946882,0.033234847947527006,-0.04898902724335175,80.91086911153576,28.02841049285784,872.3862086607556,14.422045997777644,220.83089381500147,DESCENDING,15,20,False,p03994,81.01704139042238,22.34121846927775,0.012003281102931362,0.01581807486160275,0.05083543149780009,0.06892993922552398,-0.15810691422093548,-0.13907538055988766,-52.882458618677916
0.639859112157231,0.6462826239847308,0.30046675709312864,0.30644426285346166,0.07586806022456864,0.0715162065753085,0.3469079338501285,0.35877124406293187,-8.720667532981485,-8.938824181878966,-15.551313507258982,-15.747029923686942,4.9666360527990845,4.990581289643913,0.008478798257577247,0.008478798257577247,-1.4847926419887016,0.7721181929128741,0.0030851097783370714,-0.016975218417418995,0.01959046335059308,-0.03971065870444559,65.28232753939704,23.45519106433733,594.1292423503845,3.8513629062547428,180.8219791108945,DESCENDING,15,20,False,p05027,80.60075656958942,22.40445957599712,0.006423511827499784,0.005977505760333013,-0.004351853649260148,0.011863310212803346,-0.2181566488974802,-0.19571641642795967,-41.82713647505972
0.5890249124140863,0.5629027210400138,0.2818683780203041,0.28628077248536,0.039601599784799726,0.03851721098065383,0.288274914604349,0.3004397462558026,-9.839661767306975,-10.396246064852932,-16.666756635498942,-17.22176567644365,5.111301977710974,5.154000690721806,0.011840335480796105,0.011840335480796105,-1.601413637390851,0.838373006737566,0.0032405144323243923,-0.017200099945334214,0.023323513880367075,-0.040502516044191,51.75720342421663,21.204392155084143,566.7631722194652,3.5379116568738875,148.41044011463148,DESCENDING,15,20,False,p00531,80.62560939471378,22.145745957599694,-0.026122191374072457,0.004412394465055869,-0.0010843888041458943,0.0121648316514536,-0.5565842975459567,-0.5550090409447073,-30.552811269132484
0.7863230485284607,0.745486356298224,0.3421320680359169,0.3374763782807249,0.21281142324484903,0.1950226685690165,0.5304511130170695,0.5171071361970555,-7.278681187731912,-7.734513882364632,-14.35250682087226,-14.669281548170915,5.416246252266794,5.211993823090718,0.013437150089985361,0.013437150089985361,-1.4979216837706566,1.0913604343848582,-5.8049532303264956e-05,-0.020957426433744306,0.028167993641624044,-0.04839658262145414,69.284979573762,25.174758821262312,738.4623007772791,8.552532359933721,129.18541821762216,DESCENDING,15,20,False,p01178,80.91763008992496,22.18024110671935,-0.04083669223023667,-0.004655689755191983,-0.01778875467583252,-0.01334397682001398,-0.45583269463271936,-0.31677472729865386,-44.110220752499686
0.743242868590727,0.6914147471902109,0.38480413525896545,0.37055976418601716,0.1979408978516125,0.17516767207729678,0.4861064175236389,0.46908265238449104,-8.463876828678233,-8.758748920595684,-14.992606542196315,-15.048901642821178,4.746358680961129,4.488547889679577,0.01292210320563747,0.01292210320563747,-1.5330845144130316,0.9416877737073087,0.0007532773744463914,-0.019052385324462125,0.02132330505897676,-0.04370664294520586,81.48897199979113,27.965976115448832,728.5152173738053,10.50528442523323,147.85937713811947,DESCENDING,15,20,False,p01353,80.76229993289773,22.191739489759236,-0.05182812140051607,-0.014244371072948292,-0.02277322577431573,-0.017023765139147884,-0.29487209191745123,-0.05629510062486354,-53.5229958843423
0.7171616220253588,0.695158248476214,0.31378330165079266,0.34278567728589576,0.1557457412620978,0.2075548033815229,0.4368995732940863,0.5015200415185531,-9.14705794288524,-9.310335709256364,-15.99712235078142,-16.20676990927199,5.187659551607748,5.126819756999209,0.011097785556258288,0.011097785556258288,-1.5374514415986151,1.0080293514224439,0.0006044558270267642,-0.021672965555807076,0.04199456122999853,-0.0518643120919716,63.296800196389135,23.463749429026805,818.786539746703,9.679872774956756,156.36398638468833,DESCENDING,15,20,False,p00094,81.01704139042238,22.11699999999998,-0.022003373549144833,0.029002375635103106,0.0518090621194251,0.06462046822446682,-0.1632777663711238,-0.2096475584905697,-39.83305076736233
0.7003611721901047,0.6681073394406802,0.2937360887932743,0.28537636214991796,0.12889263341128757,0.119613118400062,0.42972442160277313,0.4275797985148702,-9.377636274094622,-9.765785613302176,-16.084883538989928,-16.926490156315058,5.034958356161849,5.568211311176171,0.009995117166552325,0.009995117166552325,-1.5029070921192722,1.0869394261539835,0.00026812944529605435,-0.02121874275971509,0.030358333898923853,-0.04893012676959555,68.40513282714915,25.066304176147675,710.1469818808204,5.715518421031449,192.3719623610474,DESCENDING,15,20,False,p01382,80.94248291504931,22.191739489759236,-0.032253832749424505,-0.008359726643356324,-0.009279515011225564,-0.0021446230879029193,-0.3881493392075548,-0.8416066173251302,-43.33882865100147
0.6235781007117519,0.5914329801539776,0.31331840080533097,0.2983221779035587,0.08645564551413278,0.058534848218101856,0.34364835868754523,0.32466673195133405,-8.578050625530006,-8.948272719325411,-15.38674487082222,-15.888419165339918,4.92767844859367,5.115020352403472,0.008228546750419508,0.008228546750419508,-1.5180389757080464,0.6721394533298068,0.002980427628604621,-0.016392097019939544,0.020175698654873137,-0.03897814393773888,68.77173916064542,23.764432572059075,539.7633093293899,5.075339162862471,121.34412171285287,DESCENDING,15,20,False,p04908,80.48270565024873,22.398710384477177,-0.0321451205577743,-0.014996222901772271,-0.02792079729603092,-0.018981626736211177,-0.37022209379540527,-0.5016742945176986,-45.007306588586346
0.7826143210659529,0.7696883799956438,0.3757986249447515,0.3682596760153313,0.23483687603721456,0.22810934551289336,0.5467801228749795,0.5439850158319578,-8.04245995165688,-8.366391387767228,-15.070593968154935,-15.265162216273808,5.302498791570904,5.2025605970343065,0.009382815454307414,0.009382815454307414,-1.5158091377184282,0.8676684533222695,0.0017819895892097943,-0.018342888525980434,0.02079530737429951,-0.041840027610877184,86.26079039948516,30.520446862991374,735.8850031203499,7.7153601203334805,154.31089081977214,DESCENDING,15,20,False,p02044,80.70638107636793,22.231983830398836,-0.012925941070309088,-0.007538948929420197,-0.006727530524321207,-0.0027951070430216607,-0.3239314361103478,-0.1945682481188733,-55.74034353649378
0.7839050833090925,0.763036983190156,0.360286724163804,0.36433117295522405,0.24028066411379373,0.23671851218927517,0.5599584827322056,0.5559271082346399,-8.477661404738685,-9.017332661619855,-15.889849120087385,-16.057477380203167,5.89888271948217,5.436252122412502,0.012960147413657919,0.012960147413657919,-1.5327191296120957,1.0455963407701059,0.0012427939995908325,-0.021702810410171886,0.03483368509792373,-0.0496224561864605,74.06876955763266,25.568080837709193,786.5233153118362,8.948123833429879,133.30383922250113,DESCENDING,15,20,False,p02291,80.99840177157911,22.24348221343872,-0.020868100118936472,0.004044448791420074,-0.0035621519245185584,-0.004031374497565743,-0.5396712568811708,-0.1676282601157819,-48.500688719923474
0.6728096300285232,0.6596686747214912,0.3264909065308909,0.33410957118146084,0.12022490639480099,0.1256998911029105,0.3855639830391024,0.40889339723759205,-9.068470063700694,-9.254962343045024,-15.654867148550487,-15.809645182484173,4.724252482293071,4.665077044343048,0.008935013503779676,0.008935013503779676,-1.606480477447556,0.8110897636443073,0.004293516576197524,-0.01666540169546807,0.023107257331464855,-0.03933884189519357,60.96327469466592,23.603000171877564,589.0887064976869,10.15550191108429,214.11925970629656,DESCENDING,15,20,False,p01921,80.56347733190289,22.226234638878893,-0.013140955307032076,0.0076186646505699285,0.005474984708109504,0.023329414198489662,-0.18649227934433021,-0.1547780339336864,-37.36027452278836
0.5760502325762923,0.6016693413600963,0.2782332179480649,0.29364040475609327,0.02850968063153991,0.06227148344440606,0.26546161042856986,0.32366039785262674,-8.58332344792478,-9.393407366590214,-15.774461346936247,-16.644477664950614,5.553620475428042,5.777225144266539,0.0078346442045365,0.0078346442045365,-1.3645158458955602,0.8531101869807759,0.0007968730775780426,-0.01756170961036001,0.01696629655836763,-0.03988213159816196,58.80140096862821,21.84805180426062,643.9908649751735,6.551853518229874,135.90324265261188,DESCENDING,15,20,False,p05551,80.74987352033556,22.433205533596833,0.025619108783804023,0.015407186808028384,0.03376180281286616,0.058198787424056875,-0.810083918665434,-0.8700163180143665,-36.95334916436759
0.652107833902497,0.6430898062198751,0.3027671356184781,0.31929063619715725,0.07265807644193009,0.08961630943116343,0.34246498712215084,0.3716911661063448,-9.00163475316787,-9.251989169475511,-15.58621347554418,-15.736199168139533,4.720115311866881,4.610039481031214,0.011935781611901786,0.011935781611901786,-1.5642247395028661,0.7964365511652459,0.004154700686761767,-0.016964129905103296,0.021991277250718956,-0.03957865507642251,67.43899976477776,24.444279334534254,649.3598045253503,4.309656159770933,180.9232018171784,DESCENDING,15,20,False,p03325,80.58833015702724,22.306723320158092,-0.009018027682621943,0.01652350057867913,0.016958232989233338,0.02922617898419394,-0.25035441630764055,-0.14998569259535266,-42.994720430243504
0.5070046850019225,0.5063987242091392,0.25897376455010035,0.26640886859268964,-0.03310193613355756,-0.00961034275020138,0.17945722000639858,0.2157440014775379,-9.872608037471473,-10.461861640856428,-17.120058545117157,-17.966668837666337,5.529363023121257,5.850371700244081,0.013261935051272378,0.013261935051272378,-1.6013192871903938,0.7830941788119729,0.004203554422938341,-0.016333010429930662,0.02344290909835212,-0.038917081972596405,52.76454194008703,21.502893936492274,529.7364499295687,4.049069983352542,199.5377929312333,DESCENDING,15,20,False,p01117,80.53862450677853,22.18024110671935,-0.0006059607927833,0.007435104042589291,0.023491593383356178,0.03628678147113931,-0.5892536033849556,-0.8466102925491796,-31.261648003594754
0.703918455408385,0.6661751074897924,0.31744922845849277,0.3243146892648719,0.1470893120301929,0.14400541414688148,0.43808189801019104,0.44312156173744577,-8.810723472099511,-9.142954318789338,-15.713394295192936,-15.868829241675973,5.088780817667164,4.886421909294653,0.013336130126988976,0.013336130126988976,-1.6031086520188769,0.786453458310946,0.004399803083832641,-0.01658242278247913,0.02268799881586121,-0.03909235906238921,62.170820105010456,23.42083479041809,556.9633687914904,4.02853715108374,197.9608573942254,DESCENDING,15,20,False,p02618,80.54483771305962,22.266478979518492,-0.037743347918592685,0.00686546080637912,-0.003083897883311426,0.0050396637272547284,-0.3322308466898267,-0.15543494648303735,-38.749985314592365
0.6313147194336821,0.6014842923744541,0.31979468901289937,0.30670383396328654,0.08510712440806699,0.07158311177423213,0.35614936132023356,0.34981863906389427,-9.071695560100872,-9.379236768446185,-15.953705655544242,-16.127978578616975,5.022244315504723,4.894622245152,0.01226482350910274,0.01226482350910274,-1.4999797663392218,0.6485528882193603,0.0026084158570943163,-0.01636310642192482,0.02001533728348205,-0.03883756004771657,66.51146584836239,22.72231848788088,516.9335719650358,3.9672573866632543,223.19734255900516,DESCENDING,15,20,False,p05004,80.45785282512438,22.40445957599712,-0.029830427059228004,-0.013090855049612826,-0.013524012633834862,-0.006330722256339294,-0.30754120834531307,-0.17427292307273312,-43.78914736048151
0.7059380944041985,0.7017583109397119,0.3187404869469567,0.32550806534921467,0.15425837721837338,0.16859902710591707,0.44793162981932616,0.469082762775666,-8.55660056984562,-9.129754604677373,-15.711170715216063,-16.256718016420717,5.580964902436129,5.527141436116381,0.013066494402499296,0.013066494402499296,-1.4956061564039387,0.9333395426821494,0.00024277092906601776,-0.01942571675264337,0.023655128403207944,-0.04623775041003478,61.466374199357766,23.38346007490812,647.0665031125885,4.628926696340802,190.65847830777452,DESCENDING,15,20,False,p05385,80.96112253389258,22.421707150556948,-0.004179783464486664,0.0067675784022579455,0.014340649887543688,0.021151132956339858,-0.5731540348317541,-0.5455473012046532,-38.082914124449644
0.6855160339738402,0.6950843306607783,0.32561125502494104,0.33788907890512065,0.13336677801641708,0.14505679594155493,0.42326122170059155,0.4466621844879912,-8.215204680801806,-8.402033973573312,-15.073993181813409,-15.55656235550463,5.002696005252118,5.374126120535101,0.011800740805770649,0.011800740805770649,-1.5533390392830988,0.7746754039099988,0.003915540109025696,-0.016819669757202962,0.021385695768647316,-0.03942144375394855,69.090581913064,24.863724412056648,601.802379030002,4.573269487501299,113.43711478659881,DESCENDING,15,20,False,p03922,80.56969053818398,22.34121846927775,0.00956829668693815,0.012277823880179617,0.011690017925137852,0.02340096278739967,-0.18682929277150606,-0.4825691736912212,-44.22685750100735
0.6691537021733625,0.6900103071860784,0.3100837630637969,0.3226391607197162,0.1217637138030018,0.14171493533636584,0.40842149634358305,0.4402834544399844,-8.550674403177002,-9.012923681686027,-15.500525040844888,-15.806730228524415,5.229233693205205,5.057459301083809,0.013359187593784738,0.013359187593784738,-1.448888304024535,0.8031870418904881,0.002441538001010504,-0.01736304136606547,0.019077377152432448,-0.03980663120929014,66.90158049497369,24.059296888553128,637.4205504411185,3.538318309679068,146.79604590205858,DESCENDING,15,20,False,p04735,80.65046221983813,22.38721200143729,0.020856605012715912,0.012555397655919287,0.01995122153336404,0.031861958096401355,-0.46224927850902553,-0.3062051876795273,-42.84228360642056
0.5059465742783213,0.5083717326807345,0.23020077522890567,0.23800538425858947,-0.0986733222961875,-0.07597320633532029,0.12566660102040864,0.17035109572871787,-8.320159172190792,-9.182537613760218,-15.386788597578887,-16.223084617210958,5.43704642980821,5.468763462388308,0.0078346442045365,0.0078346442045365,-1.3645158458955602,0.8531101869807759,0.0007968730775780426,-0.01756170961036001,0.01696629655836763,-0.03988213159816196,58.417786442734084,21.710804411188068,643.0443849840242,7.066078274760372,129.60163738019168,DESCENDING,15,20,False,p05651,80.74987352033556,22.438954725116776,0.0024251584024131967,0.007804609029683801,0.022700115960867212,0.044684494708309236,-0.862378441569426,-0.836296019632071,-36.70698203154602
0.7599499900778081,0.7063297293326463,0.41871627556460683,0.3943461202146994,0.19734665213032224,0.1640529019262121,0.4948489593429772,0.47151051382200376,-8.174009161938487,-8.133822794164463,-14.533699689748676,-14.385204076061171,4.576847285087035,4.469211134043723,0.008145916411765097,0.008145916411765097,-1.566991291223386,0.967802622380669,0.000947396504943637,-0.020544242036623046,0.03012545407270711,-0.04877397995652285,73.48034711114262,26.5518525454516,845.963879299322,17.736878276435213,164.13908867152537,DESCENDING,15,20,False,p04793,81.01082818414129,22.38721200143729,-0.053620260745161796,-0.02437015534990744,-0.03329375020411013,-0.023338445520973417,0.040186367774024845,0.14849561368750486,-46.928494565691025
0.628571112450004,0.6112379370513018,0.3006441190383421,0.29816375667190315,0.10379258709922787,0.09129348023469239,0.38720457597031366,0.37484149418447177,-9.536163509666938,-10.102433093956082,-16.18409766172536,-17.099224711427638,4.972803073146705,5.341049467129419,0.013426580849424496,0.013426580849424496,-1.496743133050083,1.0718122381262027,-0.00019474226505177605,-0.020487792964942186,0.02473523646968523,-0.046984905221427516,72.6218751752911,26.01486567150859,749.877182391152,8.139093477578424,162.26741686991383,DESCENDING,15,20,False,p01072,80.88035085223842,22.174491915199408,-0.01733317539870216,-0.0024803623664389485,-0.01249910686453548,-0.01236308178584189,-0.5662695842891434,-0.9151270497022779,-46.60700950378251
0.7836151656238869,0.7523687046695744,0.3820227985053421,0.37601449744245546,0.233898387930609,0.21047944765437943,0.5400065976738517,0.522988709941034,-9.283209035363226,-9.497912456022155,-15.95925050831657,-15.809288707734279,4.937459931002136,4.596593895005769,0.00925367590588888,0.00925367590588888,-1.5107933000505844,1.0795707998511013,0.0007198792722703862,-0.021560426662197783,0.033189757779887225,-0.04955345393295373,69.11898610431848,25.093483986009215,849.8499511945332,11.613348695053842,193.9927111836525,DESCENDING,15,20,False,p01587,80.97354894645476,22.20323787279912,-0.031246460954312494,-0.006008301062886634,-0.023418940276229566,-0.01701788773281776,-0.21470342065892822,0.14996180058229136,-44.02550211830926
0.506852166127822,0.4787599584743991,0.2579009542226999,0.24722377492361372,-0.05807753778047102,-0.06853082625485722,0.15581006263232797,0.15341617939037044,-9.495197342362422,-10.600527842062426,-16.644797443176927,-18.081941687975537,5.393431857925031,5.884463352282128,0.011289646945051746,0.011289646945051746,-1.561790270265151,0.7074681559059,0.0035873883324757418,-0.015929889098965706,0.021453619958759617,-0.03861789234967358,60.278153820194454,22.955388373049505,528.0664542704511,3.18180794233121,163.65263564394667,DESCENDING,15,20,False,p02501,80.43921320628111,22.26072978799855,-0.028092207653422907,-0.010677179299086154,-0.010453288474386202,-0.002393883241957523,-1.1053304997000044,-1.4371442447986098,-37.322765447144945
0.7704991047373325,0.7303225906786491,0.34597208983698063,0.3522698046862712,0.182099967109989,0.17543946770661517,0.4824159615525114,0.480835068537732,-9.084264340829296,-9.157380368460874,-15.444452178951298,-15.361371987229587,4.589581423177003,4.449506787672476,0.012533191179615932,0.012533191179615932,-1.5041363489974107,1.079605907568954,-0.00023356969086616626,-0.02083525752401803,0.02884322777961538,-0.04855453130156451,69.99842360430148,24.364599756705456,815.4209093602136,6.957614430629058,217.1376610275339,DESCENDING,15,20,False,p00377,80.91141688364387,22.134247574559808,-0.04017651405868339,0.006297714849290592,-0.006660499403373821,-0.001580893014779372,-0.07311602763157765,0.08308019172171122,-45.63382384759602
0.5539030113028853,0.5334219516435913,0.2754720427312387,0.26693698497199936,0.04472530605386197,0.05967474607227983,0.27610887093822817,0.29475455043373455,-10.01684958259119,-10.907986762840736,-16.97586153365387,-18.128316008995427,5.329820549088064,5.666681466192473,0.00894511555728461,0.00894511555728461,-1.4780897173398846,0.9901763649328392,-3.6275561455390033e-06,-0.020101989790872427,0.022748960458412126,-0.04631252865330102,67.86092600857253,24.149408160117424,663.2337144098409,5.54336790107565,178.8775835297714,DESCENDING,15,20,False,p02569,80.86171123339516,22.26072978799855,-0.020481059659294032,-0.00853505775923935,0.014949440018417859,0.018645679495506384,-0.8911371802495456,-1.1524544753415569,-43.71151784845511
0.6111416470877448,0.5553540849103042,0.2722157138540543,0.24930129531539139,0.05210872612682809,0.03246032591500343,0.32060640168296245,0.25982230510822285,-9.908881427823616,-10.867743246087432,-16.64997267936885,-17.8920701296623,5.064689116804763,5.47355332054766,0.010757380216586787,0.010757380216586787,-1.5273802147013373,1.043162347468463,0.0008714809389725281,-0.021754298591416883,0.03867853656076813,-0.05096074885327324,63.90182219727399,23.445568388891,768.5238068554781,6.060765917932784,176.48780839243702,DESCENDING,15,20,False,p00892,81.0046149778602,22.162993532159522,-0.05578756217744052,-0.022914418538662912,-0.01964840021182466,-0.0607840965747396,-0.9588618182638164,-1.2420974502934499,-40.45625380838298
0.6978086181536833,0.6593338350850101,0.3156841737244888,0.317369445470669,0.13767790778428482,0.12671297963143197,0.43164663670692016,0.4212242997254085,-8.353950327080295,-8.717361394227082,-15.302559206337788,-15.681085566863699,5.137332374953127,5.138725634494964,0.013355046809792714,0.013355046809792714,-1.5999918447685249,0.7806972502184133,0.004421058615827853,-0.016630098114546226,0.02244815312754856,-0.03912567424320057,63.273537735616486,23.617816217856607,545.5265456290492,7.069375349916021,165.05980964568508,DESCENDING,15,20,False,p02918,80.54483771305962,22.28372655407832,-0.038474783068673246,0.0016852717461801614,-0.010964928152852854,-0.010422336981511682,-0.36341106714678695,-0.3785263605259104,-39.65572151775988
0.7161590657006357,0.675185601751812,0.33664816163186945,0.3195414014747342,0.13334474364334656,0.11556598000460361,0.4243365615641883,0.41314226354725186,-9.538694136762915,-9.856912747154952,-16.08795720786325,-16.172135055586633,4.799741549253843,4.548279385848224,0.008766027836456192,0.008766027836456192,-1.5090478234577267,0.8321393526816183,0.0025778672743764926,-0.01790912133702386,0.02086081306553225,-0.040802068934860436,84.95498239066987,30.23278218785886,675.0137792900408,8.703322956635057,218.41161707570168,DESCENDING,15,20,False,p02839,80.67531504496249,22.277977362558378,-0.04097346394882373,-0.017106760157135248,-0.01777876363874295,-0.011194298016936444,-0.31821861039203725,-0.08417784772338166,-54.72220020281101
0.7216531561627458,0.6786519667695223,0.32823196482639416,0.30881534115323506,0.16402478872022494,0.13107194783753695,0.46429624074918446,0.43147973726133376,-8.906369448980625,-9.45597647396101,-15.658555091577327,-16.184297295456457,5.016837192220243,4.960413940075621,0.012161699651861868,0.012161699651861868,-1.5209744872998596,0.8306849148329325,0.0028473112636426888,-0.017772522314668717,0.021156920655999337,-0.040648429863752895,83.28123221388698,29.77790753401979,624.9584659681677,4.181428457170276,153.98626729584896,DESCENDING,15,20,False,p02737,80.66288863240031,22.272228171038435,-0.043001189393223505,-0.019416623673159106,-0.03295284088268799,-0.0328165034878507,-0.5496070249803857,-0.5257422038791297,-53.50332467986719
0.7626160771724051,0.7206412163152378,0.40025043672651395,0.3951331602991512,0.22155060975171667,0.2250547106780001,0.5182344111661897,0.5327010231419997,-9.90783467577606,-9.954926149849056,-16.456373782441666,-16.392437125837688,4.741795188343587,4.67590369001351,0.013064372344993802,0.013064372344993802,-1.5684404522122133,0.8702326047712903,0.002188941355527731,-0.01803477077737962,0.021687409609139906,-0.04148569704925602,81.24618675242395,29.556596018496556,656.4390862331265,9.139552292869041,238.35849572979794,DESCENDING,15,20,False,p01341,80.68774145752467,22.191739489759236,-0.041974860857167284,-0.00511727642736276,0.003504100926283421,0.014466611975810006,-0.047091474072995965,0.06393665660397829,-51.689590733927396
0.5894419181695417,0.586725393274697,0.27152825198439856,0.2884958799916867,0.06595439258054446,0.1017878744070726,0.3115600676961057,0.3541503630522212,-9.091862720326992,-9.616300442829333,-16.49845709554648,-17.488453335069803,6.020703276958798,6.571133614006286,0.02043064395715144,0.02043064395715144,-1.5302702665498584,1.03585220070616,0.00034934888636537295,-0.02153410786046923,0.040223870268081253,-0.05186743945424593,60.00219369828974,22.066546432708012,744.557616156283,9.466890460026633,172.59208971738286,DESCENDING,15,20,False,p00091,80.99840177157911,22.11699999999998,-0.002716524894844752,0.016967628007288127,0.03583348182652814,0.04259029535611547,-0.5244377225023413,-0.9899962395233217,-37.93564726558172
0.7262045122287418,0.6824564581566662,0.3464927558853867,0.33568542501015314,0.21407903483977564,0.17983943206752398,0.511539128280088,0.4910581266962214,-8.6539628645394,-8.924645011690483,-15.721968955851239,-16.00102532098942,5.400050931045522,5.37183878696403,0.013183527995277111,0.013183527995277111,-1.6016396294147175,0.7997747887986925,0.003748244804317677,-0.01661913275580266,0.02384565719864694,-0.03973438341684556,50.29737598003865,21.163724471970863,564.0177979535949,2.6780996301100024,169.29930665641857,DESCENDING,15,20,False,p00324,80.58211695074615,22.134247574559808,-0.043748054072075604,-0.010807330875233556,-0.03423960277225166,-0.020481001583866565,-0.2706821471510832,-0.27905636513818166,-29.13365150806779
0.6282221819071684,0.6400418346964779,0.29235356738470436,0.30239869967540595,0.05620310033550962,0.0747670060663063,0.3205540814792325,0.35428286289195476,-8.553803988874689,-8.84411639637133,-15.331615550788305,-15.650146523621295,4.938395575283573,4.981192709150838,0.008452603189491814,0.008452603189491814,-1.5443099433055922,0.7229861192934731,0.0035447040232290273,-0.016521105979419252,0.02066224691173907,-0.03908037706063802,69.36063376822973,24.731863559653224,603.8049299039288,4.274909282734145,131.14140703678254,DESCENDING,15,20,False,p04414,80.51998488793527,22.369964426877463,0.01181965278930952,0.010045132290701586,0.018563905730796686,0.033728781412722286,-0.290312407496641,-0.31853097283299014,-44.62877020857651
0.6867285349595611,0.6588174314977505,0.33378486776891797,0.3402687513241698,0.13815230472830511,0.13499957605660112,0.4183351918425335,0.4293212876181921,-9.341640863175195,-9.447333376736921,-16.006368930808467,-16.0442493992635,4.811251586564052,4.736074170671338,0.011859895272070098,0.011859895272070098,-1.6079380805897487,0.7819378551759316,0.004429001461573935,-0.016431936018764158,0.022892920393020794,-0.03886608476484559,58.61425998393637,22.49791662949716,581.810565102658,5.997642723820555,230.1922909828152,DESCENDING,15,20,False,p02216,80.53241130049744,22.24348221343872,-0.027911103461810582,0.006483883555251813,-0.0031527286717039915,0.010986095775658622,-0.10569251356172593,-0.03788046845503246,-36.11634335443921
0.6143700805824519,0.6228783423684823,0.29456468952878445,0.31932366818235297,0.08814650802627381,0.1155240130078638,0.3246656548133697,0.3807759787892448,-8.778782953672541,-9.15661731232243,-15.484167069187661,-15.870213614443655,4.976959286106488,4.976354360744216,0.011224565320659186,0.011224565320659186,-1.4195432163427062,0.8381398791090582,0.0014233188255870415,-0.018127666635879218,0.01892716955990895,-0.04093554528177953,73.52684263199784,26.40325923035614,761.512196877024,9.914665835152267,160.96720315335844,DESCENDING,15,20,False,p04146,80.71880748893011,22.352716852317634,0.008508261786030369,0.02475897865356852,0.027377504981589987,0.05611032397587512,-0.37783435864988846,-0.3860465452559936,-47.123583401641696
0.742431640240548,0.7234617075651726,0.3500931039775941,0.3317611815085683,0.19972659602395618,0.1808561707911444,0.5042867172873723,0.4912871899079295,-9.209006223465096,-9.533421102333598,-15.947584276779729,-16.38231601498355,4.972219882806671,5.0948780460325604,0.013346570571062033,0.013346570571062033,-1.5343077780963517,0.8055111098446289,0.0037001711137991705,-0.01720797325111825,0.021374562900457302,-0.03990552352210845,70.57977296360234,25.251141616151802,582.1408568510282,5.5679392628218025,221.91984011452558,DESCENDING,15,20,False,p03729,80.6131829821516,22.329720086237863,-0.01896993267537539,-0.018331922469025763,-0.018870425232811766,-0.012999527379442766,-0.3244148788685024,-0.4347317382038227,-45.32863134745054
0.6665411835578876,0.660749727418089,0.32103953368906313,0.32256801863490087,0.10745231552980192,0.10940854520552111,0.38396562174548804,0.39763778788186427,-7.84887582531975,-8.187959509483404,-14.752406385094307,-15.109253572390163,5.088201749923894,5.098447367703167,0.008884185966295255,0.008884185966295255,-1.541446955232914,0.7273879617264613,0.003535689508273363,-0.01655662435771827,0.02063490952345535,-0.039127793257969716,69.28674819133836,24.66941889112567,570.8353994325224,7.287519482076489,101.5521640091117,DESCENDING,15,20,False,p04515,80.52619809421635,22.375713618397405,-0.00579145613979859,0.001528484945837738,0.0019562296757191927,0.01367216613637623,-0.3390836841636542,-0.3568471872958554,-44.61732930021269
0.4849719027693765,0.4799268714540986,0.24256688370554214,0.24939588705952045,-0.06482420793749202,-0.05647064449986995,0.13976647889769336,0.16710399310002177,-9.683899297386098,-10.498280428577406,-16.595379963415926,-17.521932657308046,5.1320476177930905,5.287018050948738,0.015360365915514707,0.015360365915514707,-1.5570904272974389,0.6997342912195922,0.003466431891999932,-0.01594681443907677,0.02122001381258845,-0.038752112420295734,60.21150958102985,22.91889139857605,529.0291590814732,3.293054625958915,136.8259966706139,DESCENDING,15,20,False,p02700,80.43300000000002,22.272228171038435,-0.0050450313152778925,0.006829003353978319,0.008353563437622072,0.02733751420232841,-0.8143811311913076,-0.9265526938921198,-37.2926181824538
0.7191936421337404,0.6956734852689409,0.32356988871257203,0.3406827686047454,0.16067207373248124,0.1662258035005492,0.4550675281862428,0.4669534411783626,-8.64436769818758,-8.97522282405984,-15.40116706947003,-15.69664305981281,4.985901858140656,4.924361613920311,0.011880644519856709,0.011880644519856709,-1.5895857650510885,0.8169532214392179,0.004242803250013968,-0.016923760261386502,0.022751329045473976,-0.039657814495917196,68.58785656732005,25.436130902448998,581.5341455415216,4.2911230391411745,160.4827412426305,DESCENDING,15,20,False,p02625,80.58833015702724,22.266478979518492,-0.02352015686479947,0.01711287989217336,0.00555372976806795,0.01188591299211983,-0.33085512587225985,-0.29547599034277994,-43.15172566487105
0.7255682920320571,0.6928679750758746,0.33429802423010146,0.34418622102985313,0.16542060319862784,0.21818019436437702,0.47253826586791225,0.5315276033900189,-8.998618298465177,-9.321921900718529,-15.734287912452823,-15.976293429776295,4.965629443669961,4.8924739474698375,0.0094743985351039,0.0094743985351039,-1.5623498514285021,0.8953258135883481,0.0015457668939690473,-0.018393985244497008,0.021698893158580517,-0.042236728011026105,73.52921691847459,26.826581881730608,595.8082872349855,4.902182927909436,208.47902827096993,DESCENDING,15,20,False,p00745,80.71259428264902,22.15724434063958,-0.032700316956182474,0.00988819679975167,0.05275959116574919,0.058989337522106666,-0.3233036022533522,-0.24200551732347186,-46.702635036743985
0.800569767774168,0.7804643696713482,0.43443930781386136,0.4488015198419674,0.264677397726394,0.28653033992946436,0.5727922561064732,0.6005768956509236,-7.573018739969762,-7.575089541941737,-14.159091187873688,-14.136490201305742,4.806527510375719,4.774333129015555,0.012101262785949474,0.012101262785949474,-1.560075036077087,0.85495427652868,0.002781726826775703,-0.017762971337516156,0.021792476181698276,-0.040950066953010636,81.47128835907816,30.004538380099042,782.3718688392676,13.668686381009847,67.61339770669883,DESCENDING,15,20,False,p01937,80.66288863240031,22.226234638878893,-0.02010539810281975,0.014362212028106058,0.02185294220307038,0.02778463954445043,-0.002070801971974845,0.02260098656794618,-51.46674997897912
0.7534596719582664,0.7286725624599912,0.39946427448245625,0.4045414868678652,0.2300363214685259,0.23730162762295004,0.516877160137235,0.5373391443987436,-10.048023052999236,-10.04818058966092,-16.595053586745674,-16.376877356585183,4.769578748227503,4.513248085242316,0.008942809700064558,0.008942809700064558,-1.57465271837822,0.8447444208418995,0.0034614332121721543,-0.017408310483802727,0.02235709880814883,-0.04043308395459596,76.06931160921589,28.517728017060804,745.4654281279497,12.645192261533287,202.70575904501302,DESCENDING,15,20,False,p02032,80.63182260099487,22.231983830398836,-0.024787109498275117,0.005077212385408925,0.007265306154424139,0.020461984261508692,-0.0001575366616837215,0.21817623016049126,-47.55158359215508
0.6821898948539579,0.6640060706033841,0.32357925713848673,0.3401162324722142,0.11251134017666078,0.11984057230955057,0.38868036831577896,0.4032884392825109,-9.19821415651805,-9.483707254816485,-15.842508755401298,-16.193305338663418,4.817276311759745,4.889549716035722,0.013390960602859936,0.013390960602859936,-1.5709863112311953,0.7893635562702206,0.004191030364926239,-0.01687545834955809,0.022005164387743817,-0.03946001189009299,67.35410528069863,24.446193620018715,634.4254090316766,5.75959233578404,221.08376904390354,DESCENDING,15,20,False,p03423,80.57590374446507,22.312472511678035,-0.018183824250573744,0.016536975333727444,0.0073292321328897875,0.014608070966731945,-0.28549309829843494,-0.35079658326212027,-42.907911660679915
0.7524806288880446,0.7483125864050139,0.35039533474919554,0.3714937876268582,0.17666602081973776,0.20495251425395578,0.49002898669590755,0.5192814563063191,-8.806164658154993,-9.07437047619744,-15.66478326238948,-15.855742921530746,5.13625712189287,5.084782232245285,0.013353514735792715,0.013353514735792715,-1.5153828631310782,1.0646842638087084,0.00013997254692993703,-0.021221624059462152,0.033917360500742476,-0.05002921870750514,63.56790451720427,22.71396035211816,776.8715246636765,9.082951633568223,171.57367072389482,DESCENDING,15,20,False,p00384,80.95490932761149,22.134247574559808,-0.0041680424830307095,0.021098452877662655,0.02828649343421802,0.029252469610411502,-0.26820581804244803,-0.19095965914126545,-40.853944165086105
0.7131967197263779,0.6835718354593736,0.3215110792357486,0.32954563518759683,0.16379605653366988,0.21218781417773955,0.4732475934668748,0.5249314263347756,-9.015701342130972,-9.361135349925746,-15.932525723502948,-16.226189511145474,5.158227658367587,5.1169526639415714,0.013014359103771245,0.013014359103771245,-1.575820208305786,0.8688457004993398,0.002114103500072505,-0.01799057623503664,0.021967037237647365,-0.04144635985819786,69.63152962699463,25.959214694545775,583.1796244717639,3.45265879113843,204.00759540274046,DESCENDING,15,20,False,p00841,80.68774145752467,22.162993532159522,-0.02962488426700427,0.00803455595184821,0.048391757644069666,0.05168383286790085,-0.34543400779477373,-0.2936637876425259,-43.672314932448856
0.6465030600372402,0.6340329522782001,0.2986927351479755,0.30117894055703776,0.1022958317883771,0.08741886915190918,0.3867140721247446,0.36971047303309024,-9.824260177106794,-10.217480480221845,-16.496006409571454,-17.14362676388585,4.925605424327797,5.363230946139531,0.012891334017413825,0.012891334017413825,-1.5217919538929456,1.0596255850592826,0.0009701949519843016,-0.021770324722187248,0.03667490545741051,-0.05038399220008442,66.74343806244161,24.337998355392124,776.0997311268665,8.916665332970569,195.76865707472425,DESCENDING,15,20,False,p01291,80.99840177157911,22.185990298239293,-0.012470107759040117,0.0024862054090622476,-0.014876962636467927,-0.017003599091654387,-0.39322030311505074,-0.6476203543143981,-42.40543970704949
0.7825618201346614,0.7689876913566419,0.3760385867981281,0.3811225900618283,0.23686793166124276,0.25114343149113794,0.5483403411389045,0.5651228089000131,-7.567598457371015,-8.01802591349059,-14.482661594325986,-14.898089445664239,5.247840774130052,5.16141273789367,0.013450157393421813,0.013450157393421813,-1.5262924265279505,0.8541923963645259,0.0021329692886451193,-0.0181266061569354,0.0209353547381044,-0.0413463086577444,87.86631222779684,31.22539907797098,706.8129083652518,8.572757410924071,94.11846213267245,DESCENDING,15,20,False,p02242,80.69395466380575,22.24348221343872,-0.013574128778019445,0.005084003263700176,0.014275499829895177,0.016782467761108588,-0.45042745611957447,-0.41542785133825255,-56.64091314982586
0.5628892090950214,0.5451887396827056,0.2629241857685573,0.2658705089134556,0.008774499884989845,0.03390858404843839,0.23412997695619564,0.28031109401971405,-9.474838687149592,-10.307014491689962,-15.926775161639092,-17.285155157842503,4.717331365139146,5.288112456679975,0.012306293214776165,0.012306293214776165,-1.4129942469010635,0.8091311083069039,0.0018421986830647462,-0.017140666812665465,0.017956661836098068,-0.039843324528255605,63.840467002293835,23.167757013181575,618.5047482846717,5.8222004402808745,186.24770620089015,DESCENDING,15,20,False,p05537,80.66288863240031,22.433205533596833,-0.017700469412315734,0.0029463231448982885,0.025134084163448547,0.046181117063518407,-0.8321758045403698,-1.3583799962034107,-40.67270998911226
0.5390231735261641,0.5140780982449392,0.26718563205982,0.2623884438095682,0.024637844453427503,0.016341061433844655,0.2530710616617321,0.25234346669711694,-9.741635701590862,-10.07822607694376,-16.46716547267084,-16.980585357862136,4.89496520295398,5.128428125224656,0.011822123751585978,0.011822123751585978,-1.6079380805897487,0.7819378551759316,0.004429001461573935,-0.016431936018764158,0.022892920393020794,-0.03886608476484559,57.973947223085545,22.358963824536673,559.7125198022179,5.2024226713391855,176.59953114748848,DESCENDING,15,20,False,p02116,80.53241130049744,22.23773302191878,-0.024945075281224915,-0.0047971882502517715,-0.008296783019582848,-0.0007275949646151636,-0.33659037535289826,-0.513419885191297,-35.61498339854887
0.6375130685828898,0.6759725701470347,0.31404272302215286,0.3454007460715623,0.1172512125506831,0.144852619619807,0.3645945595120697,0.4183966835277191,-9.291882498573253,-9.379330445143724,-15.991842811862602,-15.93171412941848,4.9764608044753915,4.870373182886411,0.011378261109567744,0.011378261109567744,-1.445604341582352,0.8189469667868452,0.002155849666544415,-0.017756291925516206,0.01932001648341943,-0.04019606148421043,76.39426103393305,27.18424152753439,749.4126460989379,9.205696049902741,97.98835227729462,DESCENDING,15,20,False,p04040,80.68152825124358,22.34696766079769,0.038459501564144905,0.031358023049409434,0.027601407069123896,0.05380212401564938,-0.08744794657047095,0.060128682444121395,-49.21001950639866
0.6920962109461914,0.6791576750518769,0.31247785432027675,0.3208193667916098,0.15784498163653976,0.15761557404632945,0.43850413550575856,0.4439909225288678,-8.542948832072616,-9.473072450386862,-16.081102862719014,-16.624506955477724,6.094329346634456,5.596271540404007,0.008505721293078805,0.008505721293078805,-1.5342737551421266,0.9858111180119764,0.0008582648775929219,-0.02077419055943994,0.028818276816210624,-0.048134751116041125,73.23297938356434,25.18464326553971,673.4370987984931,4.755006275331148,193.50320961204864,DESCENDING,15,20,False,p03887,80.97354894645476,22.335469277757806,-0.012938535894314596,0.008341512471333024,-0.0002294075902103121,0.00548678702310923,-0.9301236183142461,-0.5434040927587098,-48.048336118024636
0.7242984006880429,0.7016918191596938,0.3370325873246087,0.3449674385575938,0.19339100062797196,0.2107158922609814,0.5068122672826813,0.5289336846803802,-8.81034809415631,-9.141400700785221,-15.551580984077109,-15.854880885482007,5.01360328829685,4.935434425273072,0.00908440923397924,0.00908440923397924,-1.5810658322599351,0.863684290894677,0.002520404458357645,-0.01778707482326319,0.022219644622718505,-0.04117868274976241,69.26081591184709,26.29944513156015,578.5272957048104,2.9330285272715577,204.27787526563202,DESCENDING,15,20,False,p01038,80.6691018386814,22.174491915199408,-0.022606581528349046,0.007934851232985096,0.01732489163300943,0.022121417397698906,-0.33105260662891034,-0.30329990140489826,-42.96137078028694
0.7058724365209215,0.7129760839439385,0.32704898354813516,0.34349395942729055,0.15287919567708355,0.17756646665040113,0.4503679138611183,0.47673700503812033,-8.911179418637792,-9.38970663571225,-15.892617243351811,-16.426390384588302,5.333065536904693,5.38467763670297,0.009193351804539729,0.009193351804539729,-1.5320691341630215,1.0404696777716034,0.0013682235708683853,-0.02189075079249948,0.03740867904539976,-0.050191508960770605,71.27980304941181,25.369565818165952,822.9874945993956,8.79727329460899,178.0840654153265,DESCENDING,15,20,False,p01793,81.01082818414129,22.214736255839007,0.0071036474230170565,0.016444975879155388,0.024687270973317577,0.026369091177002035,-0.47852721707445767,-0.533773141236491,-45.91023723124586
0.5863663574087145,0.5883807484556693,0.2718130695201335,0.28259873090658894,0.008166629661592154,0.018113321488680608,0.25512829514677604,0.2784003150673265,-9.949870644151295,-10.422714488403072,-16.560723061794594,-17.090337510999834,4.877405236101225,4.979686574141192,0.010422231775917168,0.010422231775917168,-1.5228881826397171,1.0156567241502361,-6.0813382555796776e-05,-0.019898466063260654,0.023502125713172083,-0.04556495928430762,75.44777492111359,26.59376708324743,806.7669923126202,5.201273222293396,214.9762972453553,DESCENDING,15,20,False,p00364,80.83064520198971,22.134247574559808,0.0020143910469548887,0.010785661386455425,0.009946691827088454,0.023272019920550446,-0.47284384425177706,-0.5296144492052406,-48.85400783786616
0.6677525145161695,0.680264849603272,0.32050203636920993,0.3351088754403617,0.12930169513212048,0.1397340896217069,0.4100622153956445,0.4363459883802233,-9.478762817238586,-9.658868644311223,-16.219747795399446,-16.51090782069939,4.923458494744927,5.081782919212977,0.011713701299232437,0.011713701299232437,-1.500515469957888,0.7869324486378978,0.0032963772693209484,-0.017066987141656578,0.020183743999937644,-0.03979929464584737,67.94808440834936,24.33205010399331,582.3402561273925,8.401538043391362,231.7828672838024,DESCENDING,15,20,False,p04428,80.60696977587051,22.369964426877463,0.012512335087102588,0.01460683907115179,0.01043239448958641,0.02628377298457879,-0.18010582707263723,-0.2911600252999449,-43.61603430435605
0.6980177818255582,0.6403449451727333,0.327687958288964,0.31128550953818845,0.16561275065563213,0.12474552620437332,0.44995223067390683,0.41655103102279306,-8.510901742562718,-9.020827547870452,-15.66992171368991,-16.161250756469357,5.516188747143752,5.467266198212468,0.011540821133468215,0.011540821133468215,-1.5947895750607417,0.7830702267110813,0.0037192020759122834,-0.016470310449108103,0.023895329326470687,-0.03952466552464293,50.51702307738629,21.539875864655404,541.8181737660034,2.9074724212899574,174.68126258152822,DESCENDING,15,20,False,p00122,80.56969053818398,22.122749191519922,-0.057672836652824855,-0.016402448750775567,-0.040867224451258816,-0.03340119965111377,-0.5099258053077342,-0.4913290427794479,-28.977147212730888
0.6875865397519951,0.6673702912893535,0.30249829624663405,0.30261485469037025,0.11651262691692592,0.12496587052387687,0.41275608324890617,0.42789263791318,-9.82848552888759,-10.223829150096845,-16.68409106390249,-17.173908203339632,5.175164678157688,5.3637196831158285,0.012727706989296372,0.012727706989296372,-1.4997564345112342,1.0891804181479974,8.857074768521574e-06,-0.021015633082730644,0.028838755165467116,-0.04856922909744979,68.75245535428321,24.900944581062397,713.2176135768971,9.07389039618069,233.21091529735688,DESCENDING,15,20,False,p01079,80.92384329620604,22.174491915199408,-0.020216248462641584,0.00011655844373620328,0.008453243606950947,0.015136554664273827,-0.39534362120925515,-0.4898171394371431,-43.85151077322082
0.7061701575097351,0.7248967997196168,0.328277507936252,0.3396720234593587,0.1310651590169643,0.141071622499085,0.42590902221109017,0.4469292230953455,-8.929401701736426,-9.358872440401925,-15.622895699856745,-15.933480968269421,4.978224454242808,4.784095948069344,0.01154140076490251,0.01154140076490251,-1.4834966373012652,0.8071915828613643,0.002866554334706022,-0.017428918076294504,0.02009205281343912,-0.04001089140100198,72.95869581382348,25.87894316014914,624.4150352138017,8.95650436075559,220.34104226455517,DESCENDING,15,20,False,p04134,80.64424901355704,22.352716852317634,0.01872664220988174,0.011394515523106719,0.010006463482120698,0.021020200884255325,-0.4294707386654988,-0.31058526841267664,-47.07975265367434
0.5702350216586969,0.5280632451022544,0.2739937564857297,0.2726350701589357,0.030333253683429092,0.032387670127067746,0.24571363701709076,0.260510547667705,-10.728729288474117,-11.378861691557058,-17.766223808182183,-18.480698197791067,5.493288885211979,5.66144348729996,0.0103896281067144,0.0103896281067144,-1.4823805120963975,1.0215219494911065,-7.30213811383713e-05,-0.020434073131983817,0.02382887766979516,-0.047116785628809596,71.4879510322118,25.005238204895093,716.0993209575371,8.051388077965907,248.0815410824689,DESCENDING,15,20,False,p02674,80.8927772648006,22.266478979518492,-0.04217177655644244,-0.0013586863267940341,0.0020544164436386535,0.014796910650614226,-0.6501324030829405,-0.7144743896088848,-46.4827128273167
0.48510120938590473,0.48449037368980874,0.23583576455336258,0.24012695218845,-0.022152399016640137,-0.0035294187335818397,0.1827930846036367,0.22422560639054281,-8.980369646059307,-9.862439998541937,-15.843231567556037,-16.998016165952752,5.200444531452999,5.578755570756243,0.012383216691163046,0.012383216691163046,-1.3937115768370747,0.8275755321221426,0.0015098379793039528,-0.01768437135925274,0.01798210020761558,-0.03980219861173206,63.90028454395976,23.372408696334734,673.8452028960015,5.0767472710127945,116.54347200690427,DESCENDING,15,20,False,p05043,80.70016787008684,22.40445957599712,-0.0006108356960959904,0.004291187635087429,0.018622980283058296,0.041432521786906124,-0.8820703524826303,-1.1547845983967147,-40.527875847625026
0.7683809416351236,0.7149852729695908,0.35611798020802954,0.3461226531152065,0.22946538717118511,0.20790343715140674,0.5448907209949444,0.5269994338368138,-8.565872467339911,-9.310401360113913,-15.86803062451201,-16.32899093115,5.704771474018879,5.3889894916058765,0.00811097873099964,0.00811097873099964,-1.532135457045263,0.9497012775630497,0.0005138559660633936,-0.020139031997500695,0.02669629403822256,-0.04773490374014984,67.4999125147388,24.751741428444856,673.4846528205077,4.715399921685827,193.9576624020072,DESCENDING,15,20,False,p04887,80.97354894645476,22.392961192957234,-0.0533956686655328,-0.009995327092823025,-0.02156195001977837,-0.017891287158130598,-0.7445288927740012,-0.4609603066379897,-42.74817108629394
0.5974178563594635,0.602578418951195,0.2880735523115188,0.30736775205729155,0.04133635453556321,0.06680722388824095,0.2852605210821143,0.338208844718046,-9.085132195712074,-9.272041844771636,-16.053410588059815,-16.44013243396328,5.1692383868945475,5.4358506286667305,0.015386388757587466,0.015386388757587466,-1.536013367074812,0.7213408579261289,0.003387770553673453,-0.015500272759440539,0.02238310875000053,-0.03760893828611661,54.22352276753335,23.051460815172128,578.1808721506444,4.574710076453915,240.79986255476345,DESCENDING,15,20,False,p00600,80.43300000000002,22.151495149119636,0.005160562591731477,0.019294199745772733,0.02547086935267774,0.052948323635931716,-0.18690964905956164,-0.38672184590346603,-31.172061952361226
0.674293341663223,0.6496225136051105,0.2972840771748097,0.29868590855827,0.10857505566975172,0.10447071741455902,0.3959756513169098,0.3971822029745777,-9.451701039972178,-9.956414958421458,-16.29939347082595,-16.749155582745882,5.196015745143011,5.080412230364919,0.012869126673167197,0.012869126673167197,-1.525961927965188,1.0478956349565427,0.0006586857746431519,-0.02165197346082035,0.03843767956942047,-0.05112420611282329,61.25345323686183,22.52734056376193,758.1677753496156,9.723805864412482,203.8961040000641,DESCENDING,15,20,False,p00691,80.99840177157911,22.151495149119636,-0.024670828058112493,0.0014018313834602836,-0.004104338255192699,0.0012065516576678648,-0.5047139184492799,-0.4497621119199309,-38.726112673099905
0.7056652202553186,0.6911526304407725,0.3454498848024,0.35328861286166974,0.15523371736618552,0.16062158438674198,0.44726462454044197,0.4609033163418095,-9.157301016258348,-9.467681663740573,-16.024593613747733,-16.3209308510366,5.023309049947656,5.02559501215172,0.013407006372441077,0.013407006372441077,-1.5766611576421208,0.7654639036530254,0.004123386563200015,-0.01665724846725409,0.021737823253118058,-0.03918762954245245,68.14800830301085,24.754729042314505,560.8394580250883,9.508009006111294,222.0719604374397,DESCENDING,15,20,False,p03718,80.54483771305962,22.329720086237863,-0.014512589814546173,0.007838728059269717,0.005387867020556464,0.013638691801367508,-0.3103806474822246,-0.2963372372888671,-43.393279260696346
0.5918661890573704,0.6007770265622902,0.30716454440524327,0.3032736557718638,0.05961462045646274,0.06685469091204929,0.29345625172918666,0.30799967984513243,-10.234956482715448,-10.78709694088185,-17.452490380218812,-18.17870534444881,5.692736732499432,6.019832714338652,0.012328460342500569,0.012328460342500569,-1.4365962406466013,0.8274398916554659,0.0018325109765677037,-0.01801149721823691,0.019267800086929934,-0.04061029062500096,78.18210828304291,27.862825079990998,724.3548567636499,4.934997961190664,163.98300192687478,DESCENDING,15,20,False,p03943,80.70016787008684,22.34121846927775,0.008910837504919722,-0.0038908886333794412,0.007240070455586549,0.014543428115945778,-0.5521404581664022,-0.7262149642299995,-50.31928320305191
0.7377093339499097,0.7196836914002843,0.3449588909499359,0.35176139684173313,0.17390074914827927,0.17164965378834196,0.46564988639157806,0.47827312801864136,-9.625952850240775,-9.851314659083835,-16.38156059527915,-16.314421644793295,5.051313961907174,4.705910276196871,0.012909638089689701,0.012909638089689701,-1.5171760676874437,1.0467249564464496,0.0007474142263113078,-0.021276211916022438,0.03061864615695204,-0.04876531013929136,75.03275357707996,25.776470130110447,843.912157621912,6.40682996288237,224.13303948547286,DESCENDING,15,20,False,p02485,80.96112253389258,22.254980596478607,-0.018025642549625354,0.006802505891797206,-0.0022510953599373107,0.012623241627063297,-0.22536180884305956,0.06713895048585528,-49.25628344696951
0.6512762074192745,0.6266886615492177,0.3207786178133235,0.3179546617135907,0.09629172190227443,0.09453096540011292,0.37265970511543905,0.3826030790476807,-8.883659915495182,-9.187214269932987,-15.831629556448355,-16.032421679537503,5.124054377973798,5.027460860564661,0.012240374959743283,0.012240374959743283,-1.5207584433745294,0.6650460019447648,0.0029189574363630262,-0.016302079151325817,0.02038814378243457,-0.038858400556649735,65.30892465108074,23.035569512637615,518.7842225152857,5.318794708867843,187.90743715781474,DESCENDING,15,20,False,p04504,80.45785282512438,22.375713618397405,-0.02458754587005685,-0.002823956099732794,-0.001760756502161509,0.00994337393224165,-0.30355435443780543,-0.20079212308914762,-42.27335513844313
0.6556600230322847,0.6066949659887954,0.3093806618418033,0.2827610820335158,0.08784686137167826,0.05893618414949054,0.362384529035461,0.3184603210078914,-8.888989423128635,-9.332444546006187,-15.164399074521357,-15.833386555788525,4.468097611016115,4.743529863881077,0.013350126104371918,0.013350126104371918,-1.5313826771413526,0.9916469610528653,5.392116701702375e-05,-0.019613514563661567,0.022307265601299385,-0.044742498318466835,75.99873257947361,27.208623457870274,808.9080717488793,4.897405509288921,169.74044682895578,DESCENDING,15,20,False,p00360,80.80579237686536,22.134247574559808,-0.0489650570434893,-0.026619579808287497,-0.028910677222187715,-0.04392420802756958,-0.44345512287755184,-0.6689874812671679,-48.79010912160334
0.7484418484518292,0.7385481342260642,0.4354220008327298,0.43372103566576875,0.2169121980174264,0.2152045717314691,0.520486730078227,0.5269035861294296,-10.738866547427607,-10.608384731040593,-16.87002352992792,-16.655387102480258,4.318571648223193,4.246464194197422,0.008438258363699713,0.008438258363699713,-1.4608659530436179,0.8176698066083236,0.00235635745775451,-0.01775425961781559,0.0197193278920381,-0.04028312777808766,77.37979179272686,27.45636628927105,850.9493740707001,13.627783906502309,244.2508833357315,DESCENDING,15,20,False,p03839,80.67531504496249,22.335469277757806,-0.009893714225764905,-0.0017009651669610548,-0.0017076262859573033,0.0064168560512025685,0.1304818163870145,0.21463642744766176,-49.92342550345582
0.6126583962490996,0.5957825822589401,0.2875450617150232,0.28193390936282425,0.035013615181583246,0.024952976998282955,0.29558218810465986,0.28295600435697976,-9.693929827292758,-10.45846112114904,-15.915890350842576,-16.91820594203394,4.41004236737363,4.830464370742884,0.009488771367982762,0.009488771367982762,-1.4968634338965874,1.0857940942188522,-0.000233382976863842,-0.020706942922126405,0.026426568996966014,-0.047747989984380006,71.99486047622821,25.636693627649247,822.8322528492771,6.254506018696371,201.74254866180056,DESCENDING,15,20,False,p00875,80.89899047108169,22.162993532159522,-0.01687581399015947,-0.005611152352198945,-0.010060638183300292,-0.012626183747680098,-0.7645312938562832,-1.0023155911913637,-46.35816684857896
0.650082105165965,0.6280770704324165,0.3163983678723474,0.3222845205173331,0.11816234612868642,0.13398034105807533,0.3815045998473013,0.41493126621951437,-8.556842859906467,-9.020079853591568,-16.06989582428144,-16.508647959346952,5.837661038058578,5.8108458634826965,0.011566814490098998,0.011566814490098998,-1.5959433883892273,0.7816881788749966,0.003975835865677529,-0.01636904962834032,0.023668247859570248,-0.039165068445029295,50.021384806093515,21.257171012841876,536.8530442996436,4.241158482893327,192.1101647427996,DESCENDING,15,20,False,p00519,80.55105091934071,22.145745957599694,-0.022005034733548534,0.005886152644985709,0.0158179949293889,0.03342666637221309,-0.46323699368510063,-0.43875213506551347,-28.76421379325164
0.659124952714294,0.6135141348873464,0.31257920117937066,0.29447937416297587,0.11578986313646929,0.07732825511089723,0.38490517264888774,0.3540513393735461,-8.613811860093584,-8.919099139208102,-15.871914220372869,-16.292057150117245,5.508772828454737,5.666039241931994,0.009293366188053431,0.009293366188053431,-1.6032054624555194,0.798988082609089,0.0040482316911635615,-0.01653197672495678,0.0236319158614357,-0.039401622329100175,52.748138540623614,21.62081535991411,538.402900499423,3.1236714047893437,185.30115891919579,DESCENDING,15,20,False,p00921,80.56347733190289,22.168742723679465,-0.04561081782694765,-0.018099827016394787,-0.03846160802557205,-0.030853833275341636,-0.30528727911451803,-0.42014292974437595,-31.127323180709503
0.6320851007162888,0.6180816256310511,0.2727062882126978,0.28631037586397745,0.06959397085102563,0.06593674851931369,0.3431078961488546,0.3381543335524774,-9.123459357899947,-9.75270248641438,-15.998093604049737,-16.692727612962514,5.244891941616492,5.389630887871044,0.012842929549755189,0.012842929549755189,-1.5273658468295308,1.0440349909212059,0.0005540720941380792,-0.021612162843848117,0.03903612646059195,-0.05137774340288969,60.49688072064985,22.248068871895107,773.4773420426981,6.428375879541794,152.61970173626943,DESCENDING,15,20,False,p00391,80.99840177157911,22.134247574559808,-0.014003475085237693,0.013604087651279628,-0.0036572223317119373,-0.004953562596377192,-0.6292431285144335,-0.6946340089127769,-38.24881184875474
0.7012319892691156,0.6833115224226789,0.32523223232503234,0.3151502554370803,0.1668455969701869,0.15588894758226376,0.45455400356002784,0.45165738648705717,-9.125166675688705,-9.495589948253954,-15.98225126994866,-16.31362033579996,5.110165947836902,5.08941092298229,0.013362587667490988,0.013362587667490988,-1.524239594791819,0.8015975936591849,0.0035701269488227637,-0.017186502678038704,0.02104442024923986,-0.039883450053769275,70.38486436123821,25.158254860742,571.066644275982,6.15026548955634,155.78049931228614,DESCENDING,15,20,False,p03829,80.6131829821516,22.335469277757806,-0.017920466846436667,-0.010081976887952038,-0.010956649387923123,-0.0028966170729706753,-0.3704232725652492,-0.3313690658513,-45.22660950049621
0.7211433599385897,0.7093366521857655,0.39707815860184853,0.3836704583721678,0.18536357790338856,0.16019149603726382,0.467109577530014,0.45603871179775857,-9.187205026575569,-9.326286884074639,-15.311964396641342,-15.524513862754276,4.339453875730723,4.40821760404988,0.008340796686710394,0.008340796686710394,-1.4519197242021709,0.8169877361325985,0.0022743004445713493,-0.01770172961731259,0.019448689205089378,-0.040165199803675694,75.82241121927898,26.959936629455935,791.2497367426832,13.619060633586011,162.32096492849857,DESCENDING,15,20,False,p04039,80.67531504496249,22.34696766079769,-0.01180670775282422,-0.013407700229680741,-0.02517208186612474,-0.011070865732255408,-0.13908185749906998,-0.21254946611293413,-48.86247458982304
0.7130923540887505,0.6665129222625734,0.3560859611146735,0.342254062255403,0.15739511418508992,0.12910904491347414,0.4389902586239209,0.41961726369409763,-7.475867177332399,-7.810503776297754,-14.36337102418596,-14.68356180621306,5.261346515094975,5.235419812784075,0.009796338662863557,0.009796338662863557,-1.5686398996605044,0.9734857220611587,0.0011511443837980508,-0.02074364667895463,0.031327027180141354,-0.04889740385380732,77.57058910191331,27.51340631306444,775.2841523066592,13.322796444899122,91.25753700565865,DESCENDING,15,20,False,p04494,81.01704139042238,22.369964426877463,-0.046579431826177076,-0.013831898859270497,-0.028286069271615782,-0.01937299492982325,-0.33463659896535525,-0.3201907820270993,-50.05718278884888
0.7172040668505941,0.6914028703363893,0.3324848360312795,0.33374319939217795,0.1358457441029217,0.1403369607175363,0.43150856905955853,0.44624032405901704,-8.803647284068871,-9.215519793719588,-15.466839851619621,-15.96321360238969,4.919446986484465,4.938155618509852,0.009108072655570232,0.009108072655570232,-1.5865060265580846,0.8574572278696818,0.0032908399590330885,-0.017466737803261637,0.022519992372803502,-0.04064162037831489,72.21970163446458,27.773545102837762,585.1824166626427,4.657258518840441,182.47000498977897,DESCENDING,15,20,False,p01633,80.63803580727595,22.208987064319064,-0.02580119651420487,0.0012583633608984623,0.0044912166146146015,0.014731754999458502,-0.411872509650717,-0.4963737507700685,-44.446156531626826
0.666351530268214,0.6304299498380573,0.30407992472413853,0.2978724240209144,0.12246804981311057,0.0956291753105175,0.4016148786697599,0.38917463453625134,-8.652929646411378,-9.025095456090446,-15.712762049548605,-15.924850474298223,5.361437747538833,5.139092987369902,0.01592155360203895,0.01592155360203895,-1.600957015495881,0.7940344586659623,0.0035044554821052226,-0.016679344370239334,0.024014813058280026,-0.03997754238364069,50.125230049324905,21.10579644098674,562.4409588020179,2.7901678422790592,176.22247406162674,DESCENDING,15,20,False,p00026,80.59454336330833,22.11699999999998,-0.0359215804301567,-0.0062075007032241225,-0.026838874502593077,-0.012440244133508582,-0.37216580967906765,-0.2120884247496182,-29.019433608338165
0.6354938637733318,0.636627443201491,0.2707870409102534,0.30443019839709673,0.05514362003424007,0.1097421376511344,0.31369639398214266,0.38275916481704253,-8.930329990767582,-9.470841646109704,-16.166732067079923,-16.844655327141766,5.695963575324821,5.87116510042514,0.013328629034491835,0.013328629034491835,-1.5267366443509887,1.047680686757076,0.00036646257237080094,-0.02151808107236103,0.03892715137324833,-0.05156039813750809,60.44389813386544,22.119654994778045,761.3568886383765,9.268781705451321,123.22327884692801,DESCENDING,15,20,False,p00190,80.99218856529802,22.122749191519922,0.0011335794281591705,0.03364315748684332,0.054598517616894326,0.06906277083489987,-0.5405116553421223,-0.6779232600618421,-38.32424313908739
0.5683526479700177,0.5192664578223959,0.2762919068144908,0.26407428488473456,0.018610237350867347,0.011068437520988426,0.243784492994536,0.24434823912864428,-9.817256982679586,-10.900038553359042,-17.133471768675086,-17.97918163301333,5.764109106818388,5.511830230130009,0.013038983158951245,0.013038983158951245,-1.5535903119144128,1.0146006479120906,0.0015292140038041626,-0.021524073345571527,0.032792004364145665,-0.04876502984222791,75.8131488529,25.265636506741938,706.6808698869212,5.443203204169282,186.58749537550875,DESCENDING,15,20,False,p03191,80.99840177157911,22.295224937118206,-0.04908619014762183,-0.012217621929756228,-0.007541799829878921,0.0005637461341082839,-1.0827815706794564,-0.845709864338243,-50.54751234615806
0.7355640165011781,0.751769972079299,0.3408005036520799,0.3724902854450819,0.1780350403478934,0.21832600204716146,0.4751542888067195,0.5254059623415805,-8.52582076002803,-8.634526611936446,-15.304802032958317,-15.53912255361626,4.934703779950472,5.094527313502907,0.013462852472548636,0.013462852472548636,-1.5469664378467936,0.7825083332108512,0.0038869160836033888,-0.016901812188405325,0.02135637894696293,-0.03953131052193082,68.49855119611053,24.644651244937606,607.5193005740614,5.369813070662165,162.10576138925748,DESCENDING,15,20,False,p03824,80.58211695074615,22.335469277757806,0.01620595557812088,0.03168978179300197,0.040290961699268074,0.05025167353486104,-0.1087058519084163,-0.23432052065794196,-43.85389995117292
0.7357494313572294,0.7182248828456086,0.354158420572626,0.36146517717954835,0.19101799756487672,0.2058562837040614,0.48094516290458517,0.5088277064094378,-9.53498401220151,-9.9259370921034,-16.353342396402592,-16.533177865375507,5.1666158193094205,4.913000804769637,0.012609954481854868,0.012609954481854868,-1.5108728886224734,1.0471549549618064,0.0005741749973206879,-0.021144852596301892,0.02942247300064503,-0.04853196990851139,74.70181421453383,25.749416577968567,806.4527430852803,8.27507660796722,225.41611527598857,DESCENDING,15,20,False,p02483,80.9486961213304,22.254980596478607,-0.017524548511620774,0.007306756606922371,0.01483828613918467,0.027882543504852586,-0.3909530799018892,-0.17983546897291447,-48.95239763656526
0.66478786688228,0.6698571301853332,0.31732358932430427,0.32888055659127213,0.11216451393100829,0.12369289720891871,0.394514545189662,0.41455886018233196,-8.338708113672002,-8.657431634270527,-15.251160540501965,-15.639280892877261,5.0669086897003215,5.156187582527328,0.011948915315508013,0.011948915315508013,-1.560804225158713,0.7449408010395537,0.003839393766351165,-0.016582696124290298,0.021181217145614807,-0.03912471946314566,69.15807038581423,24.972160797978677,594.2338460054186,6.284384270909543,108.25060097603335,DESCENDING,15,20,False,p04016,80.53241130049744,22.34696766079769,0.00506926330305324,0.011556967266967866,0.01152838327791042,0.020044314992669954,-0.3187235205985246,-0.38812035237529585,-44.18590958783555
0.7603446355190364,0.7385121503416121,0.4265561839046544,0.4330522167900394,0.23081624689743976,0.24657263972649432,0.5405870645457177,0.5624025513693254,-10.440870609626074,-10.3608443917944,-16.85951995438961,-16.5471874658324,4.626190328426841,4.409599193766051,0.012211835055853548,0.012211835055853548,-1.5522444068557726,0.91922744417724,0.0011431284721287324,-0.018705511104639323,0.02165106109103964,-0.04290540990660558,78.81005265943749,28.163548238098738,707.3117814703893,12.624440472740151,287.6739848001803,DESCENDING,15,20,False,p00749,80.73744710777338,22.15724434063958,-0.02183248517742431,0.006496032885385028,0.015756392829054555,0.021815486823607677,0.08002621783167463,0.3123324885572103,-50.64650442133875
0.7707663554261724,0.7347500375634408,0.3614453581826191,0.336110242727339,0.23206085807036841,0.1940399320255515,0.5443754925516784,0.5104781832277006,-8.40259187278258,-8.800887295727263,-15.219067096626498,-15.570075162008804,5.03757020753993,5.031568573084018,0.01212769279387893,0.01212769279387893,-1.5306530325198195,0.8366847320357842,0.0028308796277376714,-0.0177701617297627,0.021315697025134518,-0.04072337590924745,83.83606236732172,30.06130342418201,638.6386729372612,4.373996224845629,140.27688997664526,DESCENDING,15,20,False,p02637,80.66288863240031,22.266478979518492,-0.03601631786273163,-0.025335115455280055,-0.03802092604481691,-0.03389730932397783,-0.3982954229446829,-0.351008065382306,-53.7747589431397
0.6518327125585432,0.6325463059511056,0.29011143898599867,0.28535819004579105,0.04644147229631091,0.03110653662309861,0.32013396637750374,0.2967442629761835,-9.209498021168299,-9.976539269885258,-15.657547459604167,-16.37320030446582,4.674559186816549,4.699002377005402,0.013455824688354934,0.013455824688354934,-1.5168339225674627,1.072515108033702,0.0009490420944977894,-0.02174343728775164,0.03515694885234156,-0.05001964980885148,68.91948137724994,24.950852548278625,830.4803226477593,6.011731190883914,194.62567418337778,DESCENDING,15,20,False,p01590,80.99218856529802,22.20323787279912,-0.019286406607437634,-0.004753248940207622,-0.0153349356732123,-0.02338970340132024,-0.7670412487169589,-0.7156528448616513,-43.96862882897131
0.5562627551441474,0.5110979341633407,0.28821381875770025,0.26807761130805985,-0.012798554553450399,-0.03039211451853383,0.20091605668900744,0.19656770163975792,-9.267067234052579,-9.7937915501874,-16.138905975391726,-16.608008481082045,5.055710910410587,5.030641276413386,0.013246207173072566,0.013246207173072566,-1.5920300163149923,0.7286280625386664,0.0040837853032363,-0.016091652878175433,0.02197483198698725,-0.03866962131964145,59.159802971530134,22.393524293264335,517.5286339383563,5.597260997208197,192.01700677551221,DESCENDING,15,20,False,p02706,80.47027923768655,22.272228171038435,-0.04516482098080665,-0.020136207449640398,-0.01759355996508343,-0.004348355049249519,-0.5267243161348212,-0.4691025056903193,-36.7662786782658
0.7154817040895791,0.6896344916085915,0.33720443462736616,0.3468437396166216,0.1717298648886971,0.1802427355383221,0.4645057181767021,0.48330651320074336,-9.046396406590311,-9.45289971077923,-15.720731794147722,-15.943854971444562,4.910721647432061,4.675593856290514,0.011939074094506452,0.011939074094506452,-1.5948244413317023,0.8556110364476994,0.0035558759134147184,-0.017318351612010847,0.02280598940112574,-0.04044674849401627,69.80310727386198,26.93854246758457,581.6989177227919,4.842727821363909,209.8994327097163,DESCENDING,15,20,False,p01631,80.62560939471378,22.208987064319064,-0.025847212480987647,0.00963930498925547,0.008512870649624998,0.01880079502404125,-0.40650330418891834,-0.22312317729683961,-42.864564806277414
0.7672097333611613,0.750494407414553,0.3603875605622073,0.38198394417523956,0.19217656924858453,0.20536998969068523,0.49905038513501077,0.5173686930009731,-9.773278925389585,-9.993304980972574,-16.457321737637336,-16.50809964911123,4.957271911625448,4.7723760565958395,0.009919898877524647,0.009919898877524647,-1.5097954572759333,1.0735369628146183,9.123274125450856e-05,-0.02113707371786337,0.03191902534715264,-0.049432044843070164,65.24052491950118,23.347596470079466,796.1997550098878,11.549154143615434,240.37161637430643,DESCENDING,15,20,False,p00582,80.94248291504931,22.145745957599694,-0.016715325946608295,0.02159638361303229,0.0131934204421007,0.018318307865962336,-0.2200260555829896,-0.050777911473893766,-41.89292844942172
0.6750303057720066,0.6316189425492383,0.3327823055755243,0.32383115846559146,0.16846817448962373,0.1608419660771389,0.4542606025043086,0.4520561661052463,-9.725887365885383,-9.911407340590278,-16.445517208875792,-16.658723847727543,4.936520261292445,5.069618785846541,0.013317169986088562,0.013317169986088562,-1.5684773906188452,0.9143458399213125,0.0011854356672145044,-0.01857547683896528,0.022089980636051217,-0.042605983818467016,69.46059212505763,25.617183208247443,601.5563216181807,8.523338217983511,211.9582002065966,DESCENDING,15,20,False,p00248,80.73123390149229,22.128498383039865,-0.043411363222768284,-0.008951147109932833,-0.0076262084124848195,-0.002204436399062315,-0.18551997470489567,-0.2132066388517515,-43.84340891681019
0.5959116562286144,0.5795106022548864,0.28278356375856484,0.2846160598057832,0.01746220724075337,0.016206947012749568,0.2682464312994662,0.27831577527068435,-8.87013000196717,-9.253188776185215,-15.6721042977916,-16.017436764986577,4.955137699884235,4.922438044774459,0.008576241461625833,0.008576241461625833,-1.5608757751057385,0.6953778694561473,0.003482445855922093,-0.01610978918716877,0.02108830992735049,-0.03893738182048067,60.1179737244939,22.544484209992614,521.6225313605655,4.745062721132192,135.7785622386618,DESCENDING,15,20,False,p03402,80.4454264125622,22.312472511678035,-0.01640105397372804,0.0018324960472183571,-0.001255260228003801,0.01006934397121817,-0.38305877421804624,-0.3453324671949769,-37.57348951450129
0.7279200705151271,0.7400135383864579,0.3502981973794402,0.39201867812539337,0.2115417724840018,0.24906015833271222,0.5019911243765901,0.5541687221536536,-7.699468649486213,-7.659724653447291,-14.4304703863355,-14.561086743051991,4.856565001041144,5.06637400023661,0.011865391721626817,0.011865391721626817,-1.5169469991311824,0.7555428019809006,0.0034066287430238973,-0.016798297136905418,0.020350919250361386,-0.03949539740908997,67.91797026332597,24.3375385459206,617.0220616601302,8.889257699479204,119.33135086478497,DESCENDING,15,20,False,p04622,80.56969053818398,22.38146280991735,0.01209346787133081,0.04172048074595319,0.03751838584871042,0.052177597777063545,0.03974399603892209,-0.13061635671649086,-43.58043171740537
0.6503544820274381,0.6472362566517919,0.32184440142008025,0.33111130503799063,0.11143749591152238,0.13513863382016636,0.381994661900703,0.41706017390375216,-8.689830352179914,-8.926392206196217,-15.520140124265192,-16.147294619981235,5.095399413885211,5.565625657471789,0.019472932707772506,0.019472932707772506,-1.5835769531944737,0.8886589321653264,0.001549183643967917,-0.01823099392516906,0.022290151181861617,-0.041930358561850775,59.88609292607421,22.934973838778255,553.5648130035031,3.3859334203655354,193.74320740861614,DESCENDING,15,20,False,p00044,80.70638107636793,22.11699999999998,-0.003118225375646211,0.009266903617910383,0.023701137908643977,0.03506551200304914,-0.23656185401630303,-0.6271544957160433,-36.95111908729596
0.44262749744244523,0.45553262842764947,0.22565415801658706,0.22943564925562404,-0.0755664907807371,-0.05810431086319233,0.12212099540862249,0.15728952548234326,-9.984423287286377,-10.47399958385988,-17.042693094311304,-17.950611921879435,5.342933864958045,5.859167580759876,0.009252813194474463,0.009252813194474463,-1.5465240798787327,0.6842165085962942,0.003283261454125674,-0.01619494561147021,0.020858455941641502,-0.03888786580193392,62.48488111339061,22.825312089004733,470.8619278302718,3.9661214766495547,132.47361184389328,DESCENDING,15,20,False,p03903,80.45163961884329,22.34121846927775,0.012905130985204238,0.0037814912390369826,0.01746217991754477,0.03516853007372077,-0.4895762965735031,-0.9079188275681318,-39.659569024385874
0.6458588348279529,0.6475847557542732,0.3169971626867932,0.32244859029242173,0.08309228653093167,0.09615886791775588,0.36040028362744486,0.38417826902250435,-8.670769225553126,-9.021249169612066,-15.599616921738996,-16.017068191815902,5.107234142899146,5.170364194563345,0.013346207357785578,0.013346207357785578,-1.5307202133130535,0.6766268931332357,0.0031140528389238817,-0.01632399234145293,0.02051490129248263,-0.03889777515428728,66.12889587508695,23.48998636955317,525.1346656541031,3.583844278348457,194.09323314281153,DESCENDING,15,20,False,p04406,80.47027923768655,22.369964426877463,0.0017259209263202901,0.005451427605628556,0.013066581386824205,0.023777985395059487,-0.35047994405893945,-0.4174512700769064,-42.63890950553379
0.6153154851176794,0.6231780837674895,0.2777652878550723,0.2941555256912765,0.04321328918544412,0.0942096862502705,0.2876777004152298,0.3554012218037239,-9.312036720245853,-9.980921524051483,-16.640011687805096,-17.319417655205445,5.76135932275987,5.845872321412452,0.008538691157583211,0.008538691157583211,-1.5640797718214734,0.994436168935311,0.0015440551211157953,-0.021332769167973685,0.03318174090363709,-0.04891706146578836,79.27810388694316,27.123081461413875,717.9756315222459,4.042554388898715,196.64974031612283,DESCENDING,15,20,False,p03793,81.01082818414129,22.329720086237863,0.007862598649810093,0.01639023783620419,0.05099639706482638,0.06772352138849413,-0.6688848038056303,-0.6794059674003492,-52.15502242552928
0.5805526172521943,0.5633417424136784,0.27383323125962955,0.2722827725979425,0.025882253387105744,0.03771134801716746,0.2818047209434932,0.3012260099550287,-10.077296360371934,-10.873220220761144,-16.700940642755487,-17.82369433549592,4.874139559571643,5.255434748778096,0.013339552789253917,0.013339552789253917,-1.587079232886402,0.8597206729141523,0.002769995796824323,-0.017634139241466704,0.02248456825863482,-0.04098379485682595,66.00206624524468,25.584749932045042,555.5834165110444,5.206484641638231,186.10817663725953,DESCENDING,15,20,False,p01036,80.65667542611922,22.174491915199408,-0.01721087483851591,-0.0015504586616870708,0.011829094630061716,0.019421289011535503,-0.7959238603892107,-1.1227536927404316,-40.417316313199635
0.6939479168290815,0.6764391229827029,0.31061846685345956,0.30979302966810507,0.08461554338283368,0.08670822779816714,0.36303063281782577,0.3722148826122797,-8.629769264524823,-9.00232137223137,-14.96033905928823,-15.270661037391376,4.571863460951075,4.441617887375643,0.009576564828104983,0.009576564828104983,-1.4998734401321228,1.0813049098900134,-0.000258796968049731,-0.020687050881856333,0.026861876355496552,-0.047838294361174094,72.79591790211462,25.637433330072977,806.7538483705955,5.937329394907257,151.57019924273345,DESCENDING,15,20,False,p00675,80.89899047108169,22.151495149119636,-0.0175087938463786,-0.000825437185354494,0.0020926844153334595,0.009184249794453925,-0.37255210770654656,-0.3103219781031452,-47.158484572041644
0.6235014214803017,0.607943684809565,0.2803603808511998,0.292936447462106,0.06415766231238777,0.07171342614148556,0.33965871437453604,0.3477123649266001,-8.327712486878593,-8.913439180558735,-15.683454302886958,-16.418351583734598,5.626258950430108,5.857248412690175,0.013443463338275397,0.013443463338275397,-1.616714479696423,0.7526912531252399,0.004507238457554476,-0.016289776147371645,0.022395481705290293,-0.038711489224191466,58.916789886725205,22.140450340552924,491.3719667279847,3.27242261857154,148.88238822682558,DESCENDING,15,20,False,p03011,80.501345269092,22.289475745598264,-0.015557736670736788,0.012576066610906211,0.0075557638290977835,0.008053650552064084,-0.585726693680142,-0.7348972808476404,-36.77633954617228
0.710049292887805,0.6851064961336649,0.3215840092591754,0.3294890039000091,0.16108775129161257,0.1972834622121618,0.46409498400408733,0.5043665155014372,-8.892079882802143,-9.0089684520647,-15.490351432424498,-16.03334117881487,4.848259331271328,5.3223183213001555,0.011969388638941036,0.011969388638941036,-1.586054368799343,0.858926311007289,0.002591502434968717,-0.01768661142537443,0.022470063821071612,-0.0410703789675692,60.30821022717624,23.58392792918387,562.575971532312,4.494545571648243,164.33600888810165,DESCENDING,15,20,False,p00737,80.66288863240031,22.15724434063958,-0.02494279675414013,0.007904994640833718,0.03619571092054924,0.040271531497349855,-0.11688856926255653,-0.5429897463903703,-36.724282297992374
0.7656387580202992,0.7321105366103936,0.3911547546418504,0.3822905547370231,0.22746117115058556,0.21373861102052283,0.5343282863926352,0.5282075086025027,-9.30648240332754,-9.25836280181119,-15.93439297480386,-15.733597744584564,4.857890769561776,4.708593936220407,0.01332267054017,0.01332267054017,-1.5524585505468436,0.9533340317731431,0.0005969784248323684,-0.019065910292980697,0.022014142371699835,-0.04358114755251838,72.536562403952,26.316984633186596,651.9695225058375,11.770810854336094,204.01458249456473,DESCENDING,15,20,False,p00154,80.76851313917882,22.122749191519922,-0.033528221409905634,-0.008864199904827286,-0.013722560130062733,-0.006120777790132537,0.04811960151634942,0.20079523021929546,-46.21957777076541
0.5642649927326276,0.5598728607007114,0.24460531850990813,0.2452486994303404,-0.01689598444290561,-0.016455546844278073,0.21023324182754308,0.21107264761009734,-9.72831774978838,-10.334904481562539,-16.125688039587704,-16.84818279502662,4.643678498313334,4.838112283862855,0.012603416428988323,0.012603416428988323,-1.504694149123928,1.0683747087921454,-0.00027528407223135153,-0.020506066017113845,0.026212427632455734,-0.04737925276599848,73.25745055095804,25.490354855710017,784.2749738304204,7.059159352604878,203.53579193171743,DESCENDING,15,20,False,p00473,80.88656405851951,22.13999676607975,-0.0043921320319162405,0.0006433809204322571,0.0004404375986275383,0.0008394057825542589,-0.6065867317741596,-0.7224947554389161,-47.767095695248024
0.6008120906749638,0.5765372891424517,0.2871837818742076,0.2922374736011165,0.052969691434177894,0.04335471741512952,0.32556363604061705,0.31055755426347853,-9.332818042124046,-10.211782987272551,-16.375754686296176,-17.255556934401884,5.248811244981644,5.319133996552436,0.013391852352785283,0.013391852352785283,-1.5876855338709555,0.771716491854864,0.0042780851303755646,-0.016655876727186755,0.02203654675267011,-0.03916700996048593,65.56035847698624,24.079492512947883,524.2247887233858,4.205783822247804,181.1051785757118,DESCENDING,15,20,False,p03318,80.54483771305962,22.306723320158092,-0.024274801532512047,0.005053691726908893,-0.009614974019048372,-0.015006081777138525,-0.8789649451485051,-0.8798022481057082,-41.48086596403836
0.7376739301048456,0.7117802299765166,0.33782520154059575,0.3299185373621611,0.2009897593043409,0.20840799567809168,0.5013944048774586,0.5073072243110034,-8.247522113418064,-8.543844010200893,-15.195284970714663,-15.585671798296902,5.2159748503648675,5.3704791861269845,0.01341894203923999,0.01341894203923999,-1.5410938315337148,0.9120403248630322,0.001303262235995864,-0.018678912895478683,0.02123707211408685,-0.042866799552054,83.8653544416952,29.126858287250876,716.4318414649757,5.85756819054936,134.562924190037,DESCENDING,15,20,False,p01548,80.73123390149229,22.20323787279912,-0.025893700128329034,-0.007906664178434664,0.007418236373750775,0.005912819433544825,-0.2963218967828283,-0.39038682758223864,-54.73849615444433
0.6137391843350197,0.6296390043085951,0.30008793922894655,0.3138408331830821,0.04809712954548803,0.08005911059222602,0.3015520735544948,0.3546017143790884,-8.698041780786005,-9.02469855856772,-15.907355583860394,-16.37633153404595,5.467675226836558,5.586977603743468,0.013316539588439591,0.013316539588439591,-1.5522341623765246,0.6927821539349944,0.003430657448991888,-0.016271292430688138,0.020936187095554164,-0.03889000325142829,64.7712848596147,23.51299986888453,496.19114655775417,2.993600308728825,194.22987433772045,DESCENDING,15,20,False,p04006,80.47027923768655,22.34696766079769,0.01589981997357537,0.013752893954135537,0.03196198104673799,0.05304964082459357,-0.3266567777817162,-0.4689759501855555,-41.25828499073016
0.4943597329562089,0.49805779757191926,0.24283729824379502,0.2507165606333,-0.031189563250368084,-0.012507157927826302,0.17178441737186367,0.2056075577627057,-9.884925506052866,-10.495732518429449,-16.625402210219455,-17.653513330231316,5.0858654672155135,5.655624657817824,0.012711858954931987,0.012711858954931987,-1.3670631772781894,0.8714449794110142,0.00017742310095201992,-0.018087016268900698,0.017372297268208887,-0.04116973224012182,57.26148962822414,21.604901105355655,600.5182240264677,3.5081390795687915,152.9208867081679,DESCENDING,15,20,False,p05361,80.81200558314644,22.421707150556948,0.0036980646157103725,0.007879262389504982,0.018682405322541784,0.03382314039084203,-0.6108070123765827,-1.028111120011861,-35.65658852286849
0.6499541252362743,0.6558327404957042,0.30665790793564524,0.31134545206487424,0.09500486272554766,0.10613770988763438,0.3650961740420702,0.3923475540375147,-8.702964052977196,-8.9081439674728,-15.404342372701782,-15.847794455023083,4.833202163095345,5.114493159111607,0.008908534809719093,0.008908534809719093,-1.509914509042115,0.7094049033153639,0.0030345323104595387,-0.016574205540921344,0.019830031525544422,-0.039319018257220076,67.12047261016008,23.543930123821237,504.3974848326571,4.544449355136809,173.68906745952034,DESCENDING,15,20,False,p05215,80.52619809421635,22.415957959037005,0.005878615259429898,0.004687544129229004,0.01113284716208672,0.027251379995444525,-0.2051799144956039,-0.4434520823213006,-43.57654248633884
0.7063793717492616,0.6748179698786503,0.32835282581461456,0.3258027858348648,0.16590766163109877,0.17865057075253088,0.46672603642122745,0.4834556557632732,-8.970918241331182,-9.335275072526036,-15.841616498958668,-16.390909975066684,5.167381698513132,5.35668360241785,0.012032366942931083,0.012032366942931083,-1.5818973639407745,0.8643632592275363,0.0026971979441986972,-0.017734677753814775,0.022230255714365127,-0.04109271791464013,72.49940437339518,27.508330360816345,572.1409754731317,3.372568319129353,187.95852438682817,DESCENDING,15,20,False,p01237,80.66288863240031,22.185990298239293,-0.031561401870611294,-0.0025500399797497297,0.012742909121432111,0.016729619342045754,-0.3643568311948542,-0.5492934761080157,-44.991074012578835
0.6441174166162272,0.6194528831799393,0.296887099389494,0.3030889579581822,0.09186083005134782,0.10853820383557607,0.38295339095033326,0.3922469062539556,-9.643841089988088,-10.002280588126137,-16.188267046824325,-16.701974173412992,4.774450922377675,4.986368899491296,0.009402109840261241,0.009402109840261241,-1.5809136919936564,0.8639314217339801,0.002351584157750784,-0.01783898427018001,0.02221859956999455,-0.0412596925956578,66.16015247540237,25.157240132527118,577.1288497246771,5.27990139582532,166.19008515815085,DESCENDING,15,20,False,p00839,80.67531504496249,22.162993532159522,-0.02466453343628794,0.006201858568688212,0.016677373784228247,0.009293515303622324,-0.35843949813804876,-0.5137071265886668,-41.00291234287525
0.75296573073178,0.7602764990410821,0.3521552470382205,0.3752643450181211,0.22197913210037604,0.2464207745491249,0.5233326633611327,0.5557461436912294,-8.069305825414599,-8.177600543405854,-15.073744446674192,-15.33936081959689,5.157769814069121,5.333806135910534,0.01345113926401853,0.01345113926401853,-1.5187087583131929,0.76230706417931,0.003463917154940115,-0.016838779730876267,0.02041844840921857,-0.039504468363592435,67.98500594229759,24.37039594327728,577.6761085712466,5.064092522139454,145.1779069023947,DESCENDING,15,20,False,p04523,80.57590374446507,22.375713618397405,0.007310768309302107,0.023109097979900628,0.024441642448748857,0.03241348033009672,-0.10829471799125479,-0.2656163729226968,-43.61460999902031
0.6837004844521979,0.6755689106338069,0.342505973704795,0.35757756512615096,0.1443877192414955,0.1667934073164369,0.42570774456136096,0.46449816398978644,-8.907761057907729,-9.016766736543278,-15.522003985809137,-15.674769159180325,4.773067849075711,4.7940748245241815,0.012091121215881073,0.012091121215881073,-1.559934678959424,0.7077653588244708,0.003640760539516701,-0.016360343932198915,0.020984711501757347,-0.03894304081507478,68.16140767239179,24.43347183030198,614.3946792012403,5.2628983004780325,187.57255343981313,DESCENDING,15,20,False,p04210,80.49513206281091,22.358466043837577,-0.008131573818391025,0.015071591421355945,0.02240568807494142,0.03879041942842548,-0.10900567863554933,-0.1527651733711881,-43.727935842089806
0.7295161801721238,0.6795034705189664,0.3640562738004502,0.3440326255855931,0.16562307422472547,0.11548753668204335,0.4629078947148244,0.4173136960329492,-9.259230964099274,-9.742954129908453,-15.838459672703706,-15.957099483945237,4.820593929088015,4.487144839423915,0.00925367590588888,0.00925367590588888,-1.5139546710093115,1.07120921583935,0.0007688679640237937,-0.021520558413448486,0.032831663133820896,-0.049410701505913986,69.39080641256609,25.17062708272359,895.4728143230736,4.597811305572319,173.95336954335144,DESCENDING,15,20,False,p01687,80.97354894645476,22.208987064319064,-0.050012709653157406,-0.02002364821485708,-0.050135537542682115,-0.0455941986818752,-0.4837231658091792,-0.11863981124153078,-44.2201793298425
0.6779088274957065,0.705482043642741,0.3424734619054459,0.35185701490862203,0.15802870050817272,0.1765018028162555,0.4426449116354884,0.47577984654458566,-8.940126349296374,-9.045849174242141,-15.645129744791392,-16.04743846030632,4.8353794430656265,5.201274765235141,0.012022655445477981,0.012022655445477981,-1.4925586990676032,0.7607130878307351,0.0031614072027197986,-0.016886409805743866,0.019711487050984643,-0.03960407082277918,65.7902814856403,23.589791604699617,519.0587111828544,7.391136185651041,247.29572951461603,DESCENDING,15,20,False,p05025,80.58833015702724,22.40445957599712,0.027573216147034563,0.009383553003176115,0.018473102308082773,0.03313493490909725,-0.1057228249457669,-0.40230871551492875,-42.200489880940694
0.6328511006486243,0.6110721759619431,0.2913534020892625,0.278152787498901,0.07438894636781385,0.04367437559345792,0.3361015951380688,0.3088608013074793,-9.712090274738376,-10.413185535806653,-16.637799108360543,-17.502845180537093,5.281124906698031,5.512212922689078,0.01318601389667462,0.01318601389667462,-1.575385182551957,0.974028391572622,0.001402932330345388,-0.020866896551821563,0.03309243258406459,-0.049181424424124986,77.69635764308217,27.859537690660375,718.0013589671851,4.666901155122102,187.40173468164204,DESCENDING,15,20,False,p04597,81.03568100926564,22.375713618397405,-0.02177892468668119,-0.013200614590361537,-0.030714570774355923,-0.027240793830589527,-0.7010952610682768,-0.8650460721765505,-49.83681995242179
0.682326211690299,0.6650873594637807,0.3394337526823899,0.34063132918646233,0.13235721067313796,0.13678634887610022,0.4128016719239388,0.4314675866888106,-9.258159994339962,-9.385544555535205,-16.151471350711116,-16.292680742563558,5.0514658163838755,5.095504917816623,0.011684697054615056,0.011684697054615056,-1.5815017375088583,0.7397577548987777,0.00404000537691495,-0.016454599182622116,0.021512001724137437,-0.03893172391273872,68.23379802573217,24.650721426750426,564.3923960573334,6.8653241987960945,231.32841166172358,DESCENDING,15,20,False,p03913,80.51377168165418,22.34121846927775,-0.01723885222651822,0.0011975765040724284,0.004429138202962257,0.018665914764871783,-0.12738456119524244,-0.14120939185244197,-43.58307659898175
0.7122069233545694,0.725093251105254,0.3332286874010132,0.3462094884693942,0.19145862841900257,0.20431843449517595,0.4815535117194297,0.49680512485217865,-7.9060581512997095,-8.178383046875043,-14.900496550885228,-15.474828333453255,5.193757470790466,5.525527215261961,0.01199707792720428,0.01199707792720428,-1.5130583679747076,0.7710385277104563,0.0034458386660221954,-0.016909160903154915,0.020363706531498073,-0.03959826226487573,67.50530420448052,24.193160186520007,548.5086680254171,6.452935299524433,117.42266714622548,DESCENDING,15,20,False,p04525,80.58833015702724,22.375713618397405,0.012886327750684656,0.01298080106838101,0.012859806076173375,0.01525161313274892,-0.27232489557533324,-0.5743317825680272,-43.31214401796052
0.5604715122192179,0.520799150312197,0.27072518039376836,0.2544875915736288,0.03298922741031169,0.02185200314688825,0.24654422331185682,0.24303630957096156,-10.025045365707836,-10.54320041174749,-16.826420276690012,-17.59446159261971,5.063824821935571,5.441509332971299,0.009152978717793525,0.009152978717793525,-1.439112770893659,0.7897409339600826,0.002239999038895609,-0.01699338333544247,0.018483093164706654,-0.04009880030716774,63.75061114426075,23.010119777526295,574.794117177141,5.455391522471997,153.11228011311889,DESCENDING,15,20,False,p05632,80.63182260099487,22.438954725116776,-0.03967236190702084,-0.016237588820139537,-0.01113722426342344,-0.003507913740895263,-0.518155046039654,-0.7680413159296968,-40.74049136673446
0.6309543154575752,0.6398672426580294,0.29649893924934856,0.3035230918022985,0.060897422106767574,0.06355220852976859,0.33200437587528225,0.3515168640610094,-8.820479280347277,-9.021085961600892,-15.758601217657274,-15.944317446253415,5.107216897544223,5.099336189576272,0.008628830467302784,0.008628830467302784,-1.5486601389689203,0.7611213457100574,0.0037914788686846373,-0.016738152915975427,0.021107136417730227,-0.03933117833822561,69.93133426581142,25.161743143434297,597.2359189545622,4.968245214402739,194.53363705391027,DESCENDING,15,20,False,p04120,80.5572641256218,22.352716852317634,0.008912927200454224,0.007024152552949914,0.0026547864230010154,0.01951248818572715,-0.2006066812536158,-0.18571622859614045,-44.76959112237712
0.7182897380458497,0.6792207202339913,0.3407788393550425,0.32795687345312824,0.15609482291264506,0.12320656269605557,0.4502383406022661,0.41484000551535344,-9.023111242896084,-9.488825501223623,-15.653594551891612,-15.862418938739165,4.914860242866477,4.621473805160967,0.010850804991406449,0.010850804991406449,-1.5326101003251096,1.0435979103808373,0.0013151102317656164,-0.021805371403164114,0.03615819334818439,-0.04990605419962484,72.07194666452777,25.343579848897964,888.1438248710749,4.064691826834116,175.67865676565003,DESCENDING,15,20,False,p01992,81.0046149778602,22.226234638878893,-0.03906901781185845,-0.012821965901914256,-0.0328882602165895,-0.03539833508691265,-0.4657142583275391,-0.208824386847553,-46.72836681562981
0.6635087435412496,0.63613034580763,0.3062393602402107,0.3069988933233002,0.09043383494686255,0.07529571238723128,0.3718959073409137,0.3568161384939116,-8.768951599378275,-9.254425677163741,-15.705744080539128,-16.12477892343166,5.108807150575169,5.02888260965809,0.011935781611901564,0.011935781611901564,-1.59446983744333,0.7645545557084396,0.004313685430100137,-0.01656658033782725,0.02204886910801614,-0.03904745442162922,64.20529357142694,23.661327789082154,524.1799043750802,3.710798580017905,164.67035787386467,DESCENDING,15,20,False,p03316,80.53241130049744,22.306723320158092,-0.02737839773361961,0.0007595330830895142,-0.015138122559631276,-0.015079768847002128,-0.4854740777854669,-0.4190348428925308,-40.543965782344785
0.6998745896790267,0.708216120888215,0.30915868551055325,0.32873103202053844,0.1419104851555389,0.1877663004583372,0.4378874222871837,0.49202754760073386,-8.544660606443097,-9.102210736506139,-15.654980939869965,-16.364264670548966,5.468443293894819,5.7522730001412326,0.013076990896941032,0.013076990896941032,-1.4844812723963,0.934301259330278,0.0002003547451366116,-0.019217733707104688,0.02285510460929442,-0.045731145025677794,59.33615340424454,22.940444004372377,654.0734943147569,4.26598095544216,177.4744103820964,DESCENDING,15,20,False,p05585,80.96112253389258,22.433205533596833,0.008341531209188235,0.019572346509985183,0.04585581530279831,0.05414012531355017,-0.5575501300630421,-0.709283730679001,-36.39570939987216
0.7618120601888211,0.7381004498901029,0.34473989433811336,0.3536763984042294,0.17783198312792634,0.2039859732865232,0.4917981670443392,0.5244007414293563,-8.62023448189216,-9.074760717695288,-15.354362187861206,-15.804473360615475,4.966572623781945,4.996521173693403,0.012042560556506765,0.012042560556506765,-1.5798080061689224,0.8671531926300268,0.0027491295698950026,-0.01775856665565419,0.022111430200873954,-0.04110366537405134,77.563310075052,29.06215661456905,595.4116272556314,3.7903653022846364,156.9906373784659,DESCENDING,15,20,False,p01537,80.66288863240031,22.20323787279912,-0.023711610298718155,0.008936504066116013,0.026153990158596874,0.032602574385017125,-0.4545262358031277,-0.45011117275426926,-48.50115346048295
0.7280405460106655,0.6825798756416603,0.3821763866608991,0.37564835675531516,0.17547092901072436,0.1702727329353721,0.45990109169015925,0.4662843855365752,-9.709687872285821,-9.78909598975063,-16.130196191895326,-16.13872046401663,4.59955216294333,4.5397106751731595,0.012167244929185417,0.012167244929185417,-1.5604275999176545,0.8808486476467967,0.0018841795616733488,-0.018231278084358784,0.021495651483088126,-0.04185827066495683,83.63493864988759,29.974902576338636,839.8477618668144,8.560149074722494,225.72608727149785,DESCENDING,15,20,False,p01343,80.70016787008684,22.191739489759236,-0.04546067036900514,-0.006528029905583932,-0.005198196075352268,0.0063832938464159494,-0.07940811746480847,-0.0085242721213028,-53.66003607354895
0.5922742985641118,0.5623515804349968,0.29410925261109533,0.2724713953398421,0.046736579070329756,0.020099570559461228,0.2844863363607124,0.258914060508371,-9.537942943558285,-10.407532391169562,-16.254167498002978,-17.328455242201382,4.943055859419563,5.2932498592626525,0.008252998750190699,0.008252998750190699,-1.4397050879044837,0.7939832964212536,0.002288426920871603,-0.01709272651401301,0.018583458179399638,-0.03994495029592923,64.21682221219487,23.19184746881471,592.6495019132606,3.692352551146757,202.3002021105777,DESCENDING,15,20,False,p05433,80.63803580727595,22.42745634207689,-0.029922718129115067,-0.021637857271253225,-0.026637008510868528,-0.025572275852341397,-0.8695894476112773,-1.0742877441984042,-41.024974743380156
0.6214933667533387,0.6154150119882992,0.29115617525424486,0.29245297697914285,0.060925089257927195,0.06285463353584635,0.3236925615146201,0.34190159951864274,-8.102268014971012,-8.482891992233064,-15.200656799738102,-15.543345311938504,5.308329535695612,5.2384626398353245,0.011760476496188832,0.011760476496188832,-1.4961770392344567,0.6896362274038526,0.002669870899981411,-0.016537817109225215,0.019404749832534225,-0.039472206935882985,66.11908870408398,22.97394420150854,521.8196713407531,5.303226324882482,107.13582707220063,DESCENDING,15,20,False,p05513,80.51377168165418,22.433205533596833,-0.006078354765039484,0.001296801724897989,0.0019295442779191513,0.018209038004022626,-0.38062397726205255,-0.342688512200402,-43.145144502575434
0.691434770197828,0.6572055969657965,0.3128647212287357,0.32687140792635955,0.13842929156730419,0.14134671709420196,0.4225299617727524,0.43750758136670387,-8.517226489876554,-8.85201400286159,-15.530901560392817,-15.630895139324737,5.223755403706172,4.915901947981647,0.013355046809792603,0.013355046809792603,-1.5853982813002385,0.7994121718479487,0.004321325527611204,-0.01686510815389612,0.0224628352128768,-0.039469297621909386,66.7627632223852,24.649583454001437,562.3427577381431,6.484155802607373,205.04383747900513,DESCENDING,15,20,False,p02923,80.57590374446507,22.28372655407832,-0.03422917323203145,0.014006686697623838,0.0029174255268977767,0.014977619593951441,-0.3347875129850362,-0.09999357893192062,-42.113179768383766
0.718229483268786,0.6832130288062804,0.3297477093162746,0.33336439252285377,0.14751371707978872,0.13568575546466607,0.4458576252077571,0.44060341295213684,-8.690768061953733,-9.060796870304527,-15.581629795606744,-15.889411946327636,5.057585147819479,5.01120414367673,0.013391448961883712,0.013391448961883712,-1.591533276103083,0.8126274528723236,0.00426563920052332,-0.01687523879859781,0.022743151813859375,-0.03957803338276104,67.69525442402622,25.157773809267205,571.5254459643235,4.905167586593066,203.5401087912966,DESCENDING,15,20,False,p02624,80.58211695074615,22.266478979518492,-0.035016454462505564,0.003616683206579152,-0.011827961615122645,-0.005254212255620283,-0.3700288083507939,-0.3077821507208913,-42.53748061475901
0.669625176330289,0.6648993411815922,0.29900498234920986,0.29796892783843393,0.1286946845162382,0.12541054469925358,0.4188601505229251,0.4216058593461734,-9.258905179150164,-9.854540428091806,-16.27978605183726,-16.67330880921961,5.326815395809438,5.158751461472414,0.013450477834443642,0.013450477834443642,-1.4933885733790584,1.0748688105473425,-0.00017558372652258254,-0.020503980750340316,0.02433796616880351,-0.046918703372615604,71.59690775949731,25.91560495400995,745.338444915763,6.8242106526871815,214.1098723438313,DESCENDING,15,20,False,p01272,80.88035085223842,22.185990298239293,-0.004725835148696733,-0.00103605451077593,-0.0032841398169846103,0.0027457088232483162,-0.5956352489416421,-0.39352275738234965,-45.68130280548736
0.610181338822676,0.6112287479191447,0.29036595326501696,0.29114954015464084,0.05055460669870843,0.049610813323131706,0.3136812018100449,0.3275111554856617,-9.312579069817952,-9.794976015324707,-16.06481587818751,-16.566908340065677,5.007092296153159,5.061843563391829,0.009118447979666988,0.009118447979666988,-1.466732526316078,0.7944914184274631,0.0027530638852998174,-0.017227053096861455,0.019409754400510265,-0.03979958997219501,65.87389327183257,23.711564967884634,596.6372506712698,8.789804692494567,207.58959052550824,DESCENDING,15,20,False,p04832,80.63182260099487,22.392961192957234,0.001047409096468721,0.0007835868896238773,-0.0009437933755767278,0.01382995367561679,-0.48239694550675516,-0.502092461878167,-42.16232830394794
0.5171851305385946,0.5075035346111775,0.2672325614821164,0.26889672564433387,-0.0336792566761202,-0.026754519333143954,0.17891422043956517,0.19751972168532395,-10.266990712032998,-10.944137153544347,-17.009132414063306,-18.066198256070283,5.080827025895187,5.519596152665454,0.013201777011338955,0.013201777011338955,-1.6081211013568093,0.816472695932549,0.004036234725036907,-0.016663666696724463,0.023585679645869797,-0.03959198876474312,54.766973311479326,22.14817710320519,543.6847752591925,3.7793000193186934,170.5953055573443,DESCENDING,15,20,False,p01023,80.57590374446507,22.174491915199408,-0.00968159592741713,0.0016641641622174852,0.006924737342976245,0.01860550124575877,-0.6771464415113488,-1.0570658420069776,-32.618796208274134
0.6713832806255383,0.6269806388524396,0.31554092810314016,0.30806651303843574,0.09625403341791612,0.07866314956518483,0.35825652777288475,0.3527339511249766,-9.341383049378264,-9.897823058999263,-15.882090207551503,-16.457789041523387,4.738207218117356,4.855365590015404,0.009841582291023943,0.009841582291023943,-1.5228720625606023,1.002567853004358,-6.350702521056182e-06,-0.019772293729006223,0.02267190010596734,-0.04518800709474973,79.58851879170432,28.201038606859864,813.9848521240647,4.175449552449117,187.4289923299866,DESCENDING,15,20,False,p00662,80.81821878942753,22.151495149119636,-0.04440264177309872,-0.0074744150647044205,-0.01759088385273129,-0.005522576647908173,-0.5564400096209994,-0.5756988339718845,-51.38748018484445
0.7585035461370201,0.714955944173179,0.36876447749098995,0.35746052187552907,0.2023748016564641,0.20353426165718977,0.5029835756543536,0.5086149162098141,-9.040783875176537,-9.077867691078405,-15.620869336199512,-15.449529907992543,4.796721821570145,4.575548847925328,0.009347423800996513,0.009347423800996513,-1.5577447986869708,0.895300961966922,0.0015712788301041763,-0.01841227894018771,0.021552244475555968,-0.04226605034866006,80.31378108126682,28.727121838929996,655.0928648605382,8.909031974068577,194.08467725799338,DESCENDING,15,20,False,p01145,80.71259428264902,22.18024110671935,-0.04354760196384111,-0.011303955615460881,0.0011594600007256706,0.005631340555460551,-0.03708381590186782,0.17133942820696824,-51.58665924233683
0.7072041659591141,0.6644193059646638,0.3346826630193341,0.3258672126391463,0.15309620543150246,0.1470697154118412,0.4444283662393615,0.4386906376687441,-9.068890002855541,-9.692253066706316,-15.799871291227737,-16.346976652076485,4.972564041309792,4.886514765126295,0.013246207173072344,0.013246207173072344,-1.5329011511419928,0.8292304769842465,0.003116755252908884,-0.017635923292313574,0.021453028246466426,-0.04049479079264536,81.46907651315442,29.295837369435887,625.4668848872834,4.11159813091628,163.15266328344268,DESCENDING,15,20,False,p02835,80.65046221983813,22.277977362558378,-0.04278485999445025,-0.008815450380187773,-0.006026490019661268,-0.005737728570617384,-0.6233630638507748,-0.5471053608487484,-52.17323914371853
0.6600544719463176,0.6491996168385052,0.2900600922451273,0.30606722052171936,0.11728979307285398,0.1655035008812992,0.37316422407213246,0.4317375205662634,-9.071283874094672,-9.626030709096813,-16.43016333138592,-17.11702426714427,5.8839350512955635,6.034280580770431,0.01300278538750621,0.01300278538750621,-1.5486395591019289,1.0016937357266589,0.001777595085388206,-0.022031979228074556,0.04054667272013102,-0.050646655879341355,73.40468316670966,26.039245888345643,807.989239783025,7.519258937338032,156.72127255460583,DESCENDING,15,20,False,p01697,81.03568100926564,22.208987064319064,-0.010854855107812367,0.016007128276592064,0.04821370780844522,0.058573296494130955,-0.5547468350021418,-0.6868609357583502,-47.36543727836401
0.698807024585694,0.7142186453697759,0.33618648424627173,0.34507614845810025,0.12990860143575236,0.13206264527235947,0.42590371824653095,0.437987595019429,-9.1812153972585,-9.496456695779159,-15.644473269201766,-15.745965204556844,4.674165477894861,4.459856212448418,0.013523793998286515,0.013523793998286515,-1.4893966594782428,0.814553872766571,0.0028225405547073986,-0.017624224928088766,0.020411678877498975,-0.04024827252536545,76.8403589758095,27.21000311542014,642.5091330588743,5.756473080458847,200.84646068987547,DESCENDING,15,20,False,p03636,80.65667542611922,22.32397089471792,0.01541162078408187,0.008889664211828519,0.0021540438366071113,0.012083876772898072,-0.3152412985206592,-0.10149193535507806,-49.63035586038936
0.6990271504262466,0.6522027409575823,0.3497771708894291,0.3321773065861855,0.12116510736612138,0.08964505718812066,0.40348437650821156,0.37950337259396083,-9.920748405230576,-10.23061619058185,-16.366223349415222,-16.42758572599424,4.723642633825572,4.473458806275186,0.012618083771235855,0.012618083771235855,-1.5447081783983965,0.9749523811575147,0.0008170958538521057,-0.02058755497791564,0.028692656173021202,-0.04821801678505132,74.91756556264676,26.175579653604192,782.6089277864371,11.11570155456979,193.6705271150543,DESCENDING,15,20,False,p04289,80.98597535901693,22.358466043837577,-0.046824409468664285,-0.017599864303243618,-0.03152005017800072,-0.02398100391425073,-0.30986778535127435,-0.06136237657901944,-48.74198590904257
0.6441028908749128,0.6324915181236499,0.31993940509765,0.3274237206306568,0.09344595583544821,0.11464019447559462,0.35748737755307564,0.39416398197425656,-9.479667348683726,-9.953783818294161,-16.144438861940817,-16.516141950601174,4.856264730720599,4.794438971517161,0.009938976507485542,0.009938976507485542,-1.4995848123773978,0.9878525157154704,2.9492019598862367e-05,-0.019782467943300835,0.021687210281418345,-0.04530151262904931,71.58126904149378,25.452286997704448,713.6158916413151,8.743750704202679,237.19302396703532,DESCENDING,15,20,False,p01662,80.81821878942753,22.208987064319064,-0.011611372751262894,0.007484315533006769,0.021194238640146412,0.036676604421180925,-0.4741164696104345,-0.3717030886603574,-46.128982043789335
0.7046419859968546,0.6792945220366892,0.3179627354270817,0.32651001388862827,0.14570029032421583,0.14397826360865518,0.44044896404169914,0.4459330961728268,-8.61518475994524,-8.947186397369073,-15.467842349781927,-15.666562702310447,5.006414419240682,4.852777055273876,0.013392794224718507,0.013392794224718507,-1.6040366182854533,0.779510335685095,0.004432288803029037,-0.016557714584900726,0.022563135940276372,-0.0390332854864269,62.028244166749055,23.281836814156836,548.2222986483245,4.7023594337359,186.19301767575774,DESCENDING,15,20,False,p02717,80.53862450677853,22.272228171038435,-0.025347463960165406,0.00854727846154657,-0.001722026715560654,0.005484132131127639,-0.3320016374238328,-0.19872035252851994,-38.746407352592215
0.6339831450538435,0.6316811001451403,0.2903498737059621,0.29401246868949515,0.05081386424067444,0.05307147025094761,0.3181017766420306,0.32374897041972944,-9.61982563906764,-9.967849030519503,-15.945242515146562,-16.389516752279675,4.566628322907143,4.7212331946388035,0.009868155897498343,0.009868155897498343,-1.5269779771522927,1.0037791077280491,-1.2523153995939478e-05,-0.01976167684223064,0.022892001805500006,-0.04515637888303923,77.01167467942723,27.33445083451511,779.9503740869304,6.530373925859119,200.43239455902852,DESCENDING,15,20,False,p00462,80.81821878942753,22.13999676607975,-0.002302044908703116,0.003662594983533052,0.0022576060102731735,0.0056471937776988446,-0.34802339145186245,-0.4442742371331132,-49.67722384491212
0.7295239212255045,0.698769584969746,0.3457355068435827,0.35320039728222724,0.18067562332247186,0.1759199359795067,0.4788770688932428,0.4827986735305354,-9.239686167396744,-9.452209075206472,-15.9013343715275,-16.051008477095447,4.896199405120377,4.822591595675788,0.01185989527207032,0.01185989527207032,-1.5996772402375632,0.8272466090603346,0.0042072442411451826,-0.01688857917483477,0.02304218767378464,-0.03971123988574398,68.41595443322478,25.815774997438954,588.8750442563328,4.004457819691655,188.29576909459593,DESCENDING,15,20,False,p02225,80.58833015702724,22.24348221343872,-0.03075433625575852,0.007464890438644567,-0.004755687342965165,0.0039216046372926305,-0.2125229078097277,-0.14967410556794647,-42.60017943578583
0.6578719480974445,0.6217886680201491,0.31385985683446666,0.29970500620329016,0.1265498107753458,0.0797172224029653,0.39728633676664293,0.3598690096932977,-8.309855628156855,-8.740487730747605,-15.774102086779203,-15.995883242502783,5.822336481971247,5.5259517290008455,0.009293366188053431,0.009293366188053431,-1.6012273521971099,0.7933124441637872,0.004035365854046075,-0.016460875986053135,0.023600252537365588,-0.039262292874959796,51.468501825001375,21.329844966231143,545.3276347803818,3.0796116660263797,203.6615203611219,DESCENDING,15,20,False,p00820,80.5572641256218,22.162993532159522,-0.03608328007729544,-0.014154850631176497,-0.046832588372380496,-0.03741732707334522,-0.43063210259074935,-0.22178115572357981,-30.138656858770233
0.6614593094164526,0.6279885653153879,0.31709119757468596,0.3140788195219151,0.13620827893891913,0.1112432195439211,0.4041106567486076,0.3915503974824393,-8.512955574465847,-9.017601330902933,-15.923127650789548,-16.267635538537572,5.724512654013364,5.563600597620529,0.009293366188053431,0.009293366188053431,-1.6026145811014896,0.7986729173733315,0.004007058804897327,-0.016517117629397726,0.023621816143397683,-0.03937511399970695,51.783249925522895,21.38455201457016,551.5129319660915,2.788909968540621,141.4615162940371,DESCENDING,15,20,False,p00821,80.56347733190289,22.162993532159522,-0.03347074410106465,-0.003012378052770881,-0.024965059394998018,-0.012560259266168272,-0.5046457564370854,-0.34450788774802454,-30.398697910952734
0.7639112599519648,0.7345122458787468,0.35971470322364446,0.34932357887326043,0.19842062415792722,0.19307774038016495,0.5081318180431822,0.511557256188289,-7.886819468433342,-8.227008570494823,-14.68541718091141,-14.907162160758544,5.029231656548173,4.942527021913934,0.012122109027736139,0.012122109027736139,-1.5405869363244034,0.8427633237408964,0.002816492909787699,-0.017767098233798597,0.021477391560196887,-0.0407996009821744,85.54063319202757,30.92353949907923,680.4937963474036,9.383498524082649,95.3798587279112,DESCENDING,15,20,False,p02337,80.66288863240031,22.249231404958664,-0.0293990140732181,-0.010391124350384029,-0.005342883777762264,0.003425438145106763,-0.3401891020614807,-0.22174497984713426,-54.617093692948345
0.679432915411129,0.6703576189153813,0.3012888318554692,0.3139342904097107,0.10740109891632259,0.1307242868424385,0.384186339208964,0.42179291079829306,-9.087831775576792,-9.337144033158168,-15.759393934125429,-15.98208528912963,4.9850083993586685,4.939664549520166,0.010302276925343135,0.010302276925343135,-1.5073084494147777,1.0528377349125624,-0.0001863155095589575,-0.020316252840608617,0.024938212170566167,-0.04672085293767375,75.15613480023971,26.249196027706923,806.5845921087395,5.2038295590083425,215.93198210097418,DESCENDING,15,20,False,p00570,80.86792443967624,22.145745957599694,-0.009075296495747787,0.01264545855424154,0.023323187926115915,0.03760657158932906,-0.24931225758137643,-0.22269135500420134,-48.90693877253279
0.7187979908636539,0.7107892461869079,0.3272934358847125,0.3167293027855082,0.18060944666042425,0.17519845132238,0.4779733105456906,0.4817315077705816,-9.066871784721648,-9.390146245278759,-15.868033547090656,-16.361050229796703,5.070494335776217,5.232720679588829,0.013362587667490988,0.013362587667490988,-1.524239594791819,0.8015975936591849,0.0035701269488227637,-0.017186502678038704,0.02104442024923986,-0.039883450053769275,70.18667654058397,25.06422481807102,571.2502677986156,5.18328616880106,197.15356451948136,DESCENDING,15,20,False,p03929,80.6131829821516,22.34121846927775,-0.00800874467674606,-0.010564133099204287,-0.005410995338044261,0.0037581972248910134,-0.3232744605571103,-0.49301668270604715,-45.122451722512956
0.7599546378835831,0.7273910012506589,0.3371007626506199,0.33554533394664815,0.18741611719624282,0.19543692784973282,0.5023333126792249,0.5152057233754067,-8.512175067129226,-8.93161265800607,-15.447567091002632,-15.806301918740525,5.246711994082199,5.1645898601813744,0.013528166773690398,0.013528166773690398,-1.494755016109338,1.0613662066635223,0.00011707824890189553,-0.020866684836330952,0.026671413837070498,-0.04800748038462597,73.07280287664159,25.734659841771098,695.4655401327701,4.675944477972239,189.91453631060145,DESCENDING,15,20,False,p02278,80.91763008992496,22.24348221343872,-0.032563636632924164,-0.0015554287039717396,0.008020810653490001,0.012872410696181835,-0.4194375908768446,-0.35873482773789256,-47.33814303487049
0.6849580698328543,0.6930665066442676,0.3220074215001604,0.3200485163795985,0.13400661097869496,0.13015418560790568,0.42389566051138056,0.41715424976029236,-8.55302102602168,-9.219890182924846,-15.371042085332178,-16.233277555601738,5.032900472752769,5.338307816001527,0.013526381413408117,0.013526381413408117,-1.498263901997082,0.7959822706555342,0.0032042685449831815,-0.017190497514618507,0.020270737870083454,-0.03985823948301969,69.26638791334891,24.74523568414424,585.5293129230919,4.265392098535159,164.7058497210208,DESCENDING,15,20,False,p04330,80.61939618843269,22.36421523535752,0.008108436811413267,-0.001958905120561849,-0.003852425370789281,-0.006741410751088195,-0.6668691569031662,-0.8622354702695603,-44.52115222920467
0.5377848690757058,0.5493023792027395,0.2309302645438399,0.2593329803958914,-0.020572386370320186,0.017797689893005526,0.19904538178216505,0.28195337256766845,-9.28019938548951,-9.553907945864957,-15.947816782155673,-16.010619683669365,4.968710591697644,4.741380761470015,0.013494524251006612,0.013494524251006612,-1.4901043542697512,1.0067350857363973,-1.805831045105389e-05,-0.020021424423147458,0.02243692489442225,-0.04589798275416826,69.9804692046283,25.16115766398983,760.0075461129117,8.004321209938778,172.12705957668143,DESCENDING,15,20,False,p01866,80.84307161455189,22.22048544735895,0.011517510127033725,0.028402715852051508,0.03837007626332571,0.0829079907855034,-0.27370856037544655,-0.06280290151369172,-44.81931154063848
0.7773107464578671,0.7394777587122667,0.34065125258684914,0.33690011993247565,0.20578498928828334,0.19477050296820655,0.5242994995892571,0.5198318110254917,-8.266724097392107,-8.609916559798915,-15.413261167388569,-15.842166039239261,5.524421446497234,5.642957249474971,0.00948520028530786,0.00948520028530786,-1.5056296520886925,1.0807310696138461,0.00012298184658674752,-0.0211166848092785,0.030557250946715908,-0.04903397833259711,67.2895921661782,24.358283904966473,723.3196051272597,7.315257684085787,154.77459748120506,DESCENDING,15,20,False,p00981,80.93626970876822,22.168742723679465,-0.0378329877456004,-0.00375113265437349,-0.011014486320076788,-0.004467688563765448,-0.3431924624068081,-0.42890487185069226,-42.931308261211726
0.5730256675953664,0.5511292325584161,0.27409231761742614,0.26137257935041475,0.014903373334028826,-0.0020623081861453484,0.26064092406277145,0.25269956367291035,-9.213825062518326,-10.045412657830413,-15.192728044091739,-16.320808366620383,4.18026830765049,4.5024667219374495,0.011454900588192651,0.011454900588192651,-1.3972314933804015,0.820836538032129,0.0016017505074870113,-0.01723016353089298,0.01763940665267253,-0.039689853915549106,63.41977017607627,23.08121508175341,665.0437859424911,6.568130990415332,126.08075878594255,DESCENDING,15,20,False,p05640,80.68152825124358,22.438954725116776,-0.02189643503695038,-0.012719738267011393,-0.016965681520174174,-0.007941360389861096,-0.8315875953120866,-1.1280803225286444,-40.33855509432286
0.6274066670099783,0.6066396353855239,0.32476364867033564,0.30953095044781953,0.08170085342016872,0.05559354581783443,0.35276549080139274,0.33318408005628986,-9.100280873636073,-9.383451057493426,-15.74567631250295,-15.882770233893348,4.762560236466628,4.637428209580748,0.013582149843604063,0.013582149843604063,-1.5152237396669463,0.6627345364696925,0.002860709631464922,-0.016341723107998477,0.020256145711241246,-0.03887522910596327,67.0650834018237,23.190651300073217,554.1820564661131,4.271038941320313,162.34850603738303,DESCENDING,15,20,False,p04805,80.46406603140547,22.392961192957234,-0.02076703162445437,-0.015232698222516106,-0.02610730760233429,-0.01958141074510289,-0.2831701838573526,-0.13709392139039878,-43.874432101750486
0.6130969191791772,0.5899059195483478,0.2766569810278333,0.2645721611864684,0.08000464240202872,0.059487921636335414,0.3521878305169204,0.33703349002385324,-9.280468844743597,-10.037260878378014,-16.196645553671242,-16.939739642625696,5.286465526178818,5.242318214103032,0.012630095087918125,0.012630095087918125,-1.5336271980072151,0.9505368207839155,0.00045726758753585864,-0.019897647665717978,0.0261550708889996,-0.04753486601444613,65.57460433962572,24.40354836400408,657.8336409469712,5.191239802807673,163.43566081002254,DESCENDING,15,20,False,p05189,80.98597535901693,22.410208767517062,-0.02319099963082938,-0.012084819841364891,-0.020516720765693303,-0.015154340493067131,-0.7567920336344169,-0.7430940889544537,-41.17105597562164
0.7033970159632333,0.6899693003270302,0.31900171090597457,0.33709481187465784,0.14382111811752657,0.18654930669967906,0.4475235976107977,0.49807642547030845,-8.956450514684462,-9.351154533160898,-15.675678732272717,-16.058234780860076,4.953398800099289,4.9297127112057195,0.013208894026920937,0.013208894026920937,-1.6030329634710165,0.8537260503287835,0.003818239799774559,-0.01717160623459605,0.023088539108968315,-0.04025399366218995,68.52473928374825,26.368001455144856,570.8163180385071,4.046892754829314,190.29579245554785,DESCENDING,15,20,False,p01729,80.6131829821516,22.214736255839007,-0.013427715636203152,0.018093100968683273,0.04272818858215249,0.05055282785951076,-0.39470401847643544,-0.38255604858735914,-42.15673782860339
0.48987029068467036,0.4185018659853337,0.2689151332498779,0.2268604971493632,-0.03241930243664084,-0.09057117581130815,0.17380426339552738,0.10946827808357336,-9.942828087038835,-11.266337362739757,-16.714100907476663,-18.431447755305243,4.944097545313141,5.545066981186392,0.011594344165996473,0.011594344165996473,-1.5056006314245265,0.6612594312900499,0.0027197446441432752,-0.016421088683352448,0.01991057842571518,-0.039019128550901644,67.13336686061247,23.033916277171922,516.2985471806679,2.573272279759622,187.17093402378222,DESCENDING,15,20,False,p05107,80.47649244396764,22.410208767517062,-0.07136842469933669,-0.042054636100514714,-0.05815187337466731,-0.06433598531195402,-1.3235092757009213,-1.7173468478285798,-44.09945058344054
0.7703951480703434,0.7468320819316554,0.36664757314189206,0.3678403360171188,0.21503635369265897,0.22477992524992085,0.5255452575227535,0.5382537902088051,-9.05944182002119,-9.660695896797396,-15.9321329543452,-16.169349693682175,5.1546011706537485,4.74194388128407,0.010543236150949764,0.010543236150949764,-1.5004044630418056,1.0598876422198138,0.0002832414214707595,-0.02099471280413098,0.027888180632672194,-0.04825873079467288,72.23693226722821,25.67721914657175,730.4199283131176,6.889397382148681,220.85321790891925,DESCENDING,15,20,False,p02080,80.93005650248713,22.231983830398836,-0.02356306613868797,0.0011927628752267383,0.009743571557261882,0.012708532686051655,-0.6012540767762058,-0.23721673933697573,-46.55971312065646
0.7689723152862765,0.7330471066575674,0.40303372175589725,0.40473790932979414,0.2004108939228592,0.20279417072902625,0.5124277734771147,0.5175022053916536,-9.940756400027734,-9.91660408445492,-16.06693220781934,-15.815769592590783,4.3275592880220985,4.094622366171442,0.012240837360008916,0.012240837360008916,-1.4974615814154246,0.8473426164379567,0.001985124820664629,-0.018223265602727613,0.02053302253955482,-0.04139506177361852,87.61250607056735,30.95791751336486,826.3029864195145,13.232718671558214,220.88265109094414,DESCENDING,15,20,False,p02543,80.70016787008684,22.26072978799855,-0.03592520862870907,0.0017041875738968981,0.0023832768061670395,0.005074431914538935,0.024152315572813166,0.25116261522855865,-56.65458855720249
0.6060587522170463,0.6013047295335968,0.2564535113108668,0.2789168164497224,0.042055264445085686,0.08508478561289128,0.2968906488500265,0.3526812836482706,-9.028496892212205,-9.612520573713233,-16.365387877265082,-16.99532979383245,5.784589532245226,5.859394264449634,0.012816366174722038,0.012816366174722038,-1.5288230759521928,1.039972777212169,0.00045281510834910266,-0.021573501557779876,0.03962552787019666,-0.05162055955504604,60.49688072064985,22.248068871895107,763.9193423148656,8.134114614602591,167.20663128487146,DESCENDING,15,20,False,p00291,80.99840177157911,22.128498383039865,-0.004754022683449488,0.022463305138855583,0.04302952116780559,0.05579063479824414,-0.5840236815010282,-0.6299419165673683,-38.24881184875474
0.7296498029407745,0.6646665994231795,0.3419494061713471,0.31985181815155406,0.17861183185118382,0.12034137755787963,0.4693770178389918,0.40564628676601266,-8.470376729134253,-9.537631938056112,-15.847882112634117,-16.621674935550026,5.838744802477887,5.482614691079805,0.009869878479263239,0.009869878479263239,-1.5586983145553406,0.9662640541877664,0.000797769558510643,-0.02021994009249013,0.02905068767042919,-0.04843574406875742,67.48859365926171,25.05648963077225,691.5941210310165,4.8005161475894385,165.78117259783608,DESCENDING,15,20,False,p05194,81.01704139042238,22.410208767517062,-0.06498320351759501,-0.022097588019793057,-0.058270454293304186,-0.06373073107297911,-1.0672552089218588,-0.7737928229159081,-42.43210402848946
0.765654809640138,0.728123461104776,0.34042970374026926,0.3316694174859567,0.2159170484432972,0.20426151198449954,0.527111910553109,0.5180287156667398,-8.178822459706494,-8.456278288454563,-14.995358363946423,-15.352344002732771,5.084175162181297,5.238248736186503,0.010100026649006555,0.010100026649006555,-1.500233790700312,1.0445615164820143,-0.00010068705884163962,-0.020225441486933577,0.02341093693110233,-0.04626644639768848,72.41613618641685,26.130178789896508,699.5732048867643,6.277141983356672,161.2059812963767,DESCENDING,15,20,False,p01368,80.85549802711407,22.191739489759236,-0.037531348535362,-0.008760286254312577,-0.01165553645879766,-0.009083194886369217,-0.27745582874806907,-0.35698563878634815,-46.285957396520345
0.711698038900706,0.6777551563927405,0.32933524624752986,0.31981363361126675,0.13155445715300257,0.1314287444984419,0.42409543030417746,0.4317399173709119,-7.501608828831019,-8.00641408278628,-14.320859039111392,-14.661391459049021,5.092434151424,4.9101173910839995,0.011029273846951848,0.011029273846951848,-1.5506148817371803,0.9007957775266239,0.0014935756713922628,-0.018507080793176606,0.021398538212098864,-0.042471786619422094,83.56562298917684,29.460929977392585,754.087674673192,7.918370468156349,126.72084487088671,DESCENDING,15,20,False,p01346,80.71880748893011,22.191739489759236,-0.03394288250796551,-0.00952161263626311,-0.00012571265456065572,0.007644487066734429,-0.5048052539552614,-0.34053241993762917,-54.10469301178426
0.5605899766834181,0.5309135558646616,0.27301758433141016,0.26174999806615074,0.002374679411837765,-0.002912137390249623,0.2459642625713884,0.24034636438292786,-9.778264670989238,-10.456759462688828,-16.346819035332242,-17.420362094774223,4.895576986828879,5.43313113305182,0.009451967826127228,0.009451967826127228,-1.5809136919936564,0.8639314217339801,0.002351584157750784,-0.01783898427018001,0.02221859956999455,-0.0412596925956578,63.79214378684708,24.408086717237726,566.7651348675472,4.041550956670127,162.94363816377285,DESCENDING,15,20,False,p00739,80.67531504496249,22.15724434063958,-0.029676420818756544,-0.011267586265259422,-0.0052868168020873876,-0.005617898188460535,-0.67849479169959,-1.073543059441981,-39.384057069609355
0.6969463357096424,0.6686529424980548,0.33865902596771746,0.34288333954592226,0.1476863098829332,0.1424035043664991,0.43113752826461127,0.43847317645762207,-8.695960146294722,-8.8686523507906,-15.335599128468345,-15.478671974525858,4.772281047048867,4.720915238249392,0.013352409036437418,0.013352409036437418,-1.607007443985597,0.7870233565784164,0.004404029289835589,-0.016483219755982235,0.022909432235018228,-0.038960893921937266,59.22021290075812,22.73289463078856,591.8791111540193,7.977786895797128,171.17331209371173,DESCENDING,15,20,False,p02217,80.53862450677853,22.24348221343872,-0.028293393211587525,0.004224313578204797,-0.0052828055164340915,0.007335648193010802,-0.17269220449587763,-0.14307284605751214,-36.48731826996956
0.6005088156438511,0.5837350811025821,0.2827598862464086,0.29913077203548477,0.0623987193094755,0.12275006583984999,0.3150872957575025,0.3876095718771438,-9.627670651685495,-9.964586112624824,-16.47887270333629,-17.288464532757857,5.132912241327982,5.842788292731287,0.009262213525222718,0.009262213525222718,-1.5698067295665048,0.8888812557262917,0.001630762391179015,-0.0182889630880024,0.021858429603888552,-0.04201967797667696,68.2138331773294,25.333566727324417,572.0415765960521,4.30214888472562,187.22676178123655,DESCENDING,15,20,False,p00544,80.70638107636793,22.145745957599694,-0.01677373454126896,0.016370885789076195,0.06035134653037449,0.0725222761196413,-0.3369154609393288,-0.8095918294215672,-42.88026645000499
0.6773813365426111,0.6572247802389019,0.33577410048090955,0.33811354842814606,0.12172881301254203,0.11597048149359197,0.3938727863567769,0.40177484572881716,-8.99215395844776,-9.26617201142757,-15.519638823452295,-15.643999772581827,4.647235937441936,4.518166396115428,0.008935013503779676,0.008935013503779676,-1.6034800432047946,0.8072126899316935,0.00430779313071966,-0.016685871235004646,0.022979663380910433,-0.03933734396461347,61.808164554278655,23.8024367213903,630.3359305004482,6.836658453858949,202.74872808140282,DESCENDING,15,20,False,p02021,80.56347733190289,22.231983830398836,-0.020156556303709272,0.002339447947236506,-0.005758331518950055,0.007902059372040249,-0.27401805297980886,-0.12436094912953166,-38.005727832888354
0.7353020888785086,0.6976970773256813,0.3438423130791021,0.34999085257130746,0.20069700740344704,0.18380435910390577,0.49857683077938136,0.48575577844083184,-9.106042900685187,-9.44507430784707,-15.932281605561121,-16.044487155765175,5.024937285436265,4.723429234968228,0.011918477575247666,0.011918477575247666,-1.579473032894262,0.8066505665073661,0.004279059107815437,-0.01695765540300609,0.022462965746646926,-0.039602013805428916,67.77500050650895,24.821800834506092,572.7080197394205,7.901030960817085,209.45328683745373,DESCENDING,15,20,False,p03025,80.58833015702724,22.289475745598264,-0.03760501155282725,0.0061485394922053405,-0.016892648299541263,-0.012821052338549521,-0.3390314071618832,-0.1122055502040542,-42.95319967200285
0.7615248548279036,0.7584657323311225,0.3378076738656786,0.3556791339571473,0.16351653080533637,0.19374661402601834,0.47268196825176617,0.510797771222743,-8.820860236667855,-9.222781711951622,-15.473426629819974,-15.769024579228702,4.905004049375267,4.77669556777218,0.009707194060808111,0.009707194060808111,-1.5200934595903415,1.060277608347876,0.0004460207146267788,-0.021481656653097404,0.0362586365295227,-0.05064966649830722,61.87880958935461,22.56178771250863,768.4314372168233,8.694537391332188,185.73287331294722,DESCENDING,15,20,False,p00588,80.97976215273584,22.145745957599694,-0.003059122496781086,0.01787146009146867,0.030230083220681964,0.038115802970976775,-0.40192147528376765,-0.2955979494087284,-39.317021876845985
0.5729084965233444,0.5482417110070967,0.2830635513922395,0.2896072690502583,0.03726404348017664,0.05278209888312638,0.2554020175626001,0.2896180184102393,-9.759919256898495,-10.215574903797062,-16.683224220129972,-17.17316762660153,5.131237650119313,5.190096345750812,0.011726582907760297,0.011726582907760297,-1.535528842616302,0.7115899713394588,0.0033897828490215515,-0.01649710461631756,0.020410825125185737,-0.03906536646477389,69.54070670768006,24.408339840309804,621.1198446502634,4.7721137633154065,180.45892901380088,DESCENDING,15,20,False,p04813,80.51377168165418,22.392961192957234,-0.02466678551624768,0.0065437176580188106,0.015518055402949739,0.034216000847639205,-0.45565564689856686,-0.4899434064715571,-45.13236686737025
0.7571414268984289,0.7503856910825241,0.3477971026933084,0.3358824628268431,0.2188453704852666,0.20901910285037806,0.5291466867766903,0.5263440897824895,-8.281738772621482,-8.758882521909769,-15.711327133889071,-16.27201304493278,5.879680053145907,5.985744169855981,0.01124838473845613,0.01124838473845613,-1.5692574811647075,0.9783509926877857,0.0011558842828178263,-0.020442409137507212,0.03173623028340616,-0.04894809039607865,68.46992485786201,25.60856605641062,677.1774193548383,4.217766185615896,191.0157248633908,DESCENDING,15,20,False,p05199,81.04810742182782,22.410208767517062,-0.006755735815904829,-0.011914639866465293,-0.00982626763488853,-0.0028025969942008233,-0.4771437492882864,-0.5606859110437092,-42.86135880145139
0.7135697972706574,0.7114556807835294,0.3402937740418723,0.35137037754331685,0.17935015094253715,0.20161885174480515,0.47351714417643126,0.5086426553319653,-8.32802262635369,-8.350757267447905,-15.144211587884401,-15.409057196071986,4.96945799793606,5.297873401895533,0.008436374599694263,0.008436374599694263,-1.5123994321219112,0.7044427270289544,0.0030387778789187146,-0.016546072826442586,0.019862549900685363,-0.03927068267715107,67.96691329337692,23.789050899139827,515.8439000615233,4.68193548902578,177.14382735284482,DESCENDING,15,20,False,p05114,80.51998488793527,22.410208767517062,-0.002114116487128004,0.01107660350144457,0.022268700802268004,0.03512551115553403,-0.022734641094215746,-0.26484560818758496,-44.177862394237096
0.7377565047795853,0.7166616006012619,0.35234937115006726,0.36621075924703916,0.20525902887331093,0.21934144375096912,0.5026548883000316,0.5217566563256775,-7.452326769127635,-7.673569829634706,-14.085357676115304,-14.196203292742169,4.931940299346712,4.729891084951537,0.01348554489474496,0.01348554489474496,-1.507930998799196,0.8885925548369793,0.0013437475125392295,-0.018634488371630235,0.020777118711986897,-0.04261290774617475,80.20995820743326,28.045667577181423,738.7432006179793,8.699153497054942,114.2557452766423,DESCENDING,15,20,False,p02248,80.73123390149229,22.24348221343872,-0.02109490417832338,0.013861388096971905,0.014082414877658184,0.019101768025645893,-0.22124306050707165,-0.11084561662686454,-52.16429063025184
0.5757922479698957,0.5781994326593648,0.28972914663988963,0.30348362775275517,0.04495463849210772,0.08415197915400015,0.2832083290045208,0.3415178703911522,-10.147150314513459,-10.520350148066235,-16.952364867859753,-17.688313390117447,5.138610264375236,5.5248074910813285,0.011770047526185934,0.011770047526185934,-1.6102881055328755,0.8275175436248713,0.003979498443784003,-0.01677350434999892,0.023631009120259294,-0.03981625322722733,57.23848443754847,22.869093088606807,542.4952210944256,4.473776055841945,230.66963113573055,DESCENDING,15,20,False,p01125,80.58833015702724,22.18024110671935,0.0024071846894690996,0.013754481112865535,0.03919734066189243,0.058309541386631414,-0.37319983355277664,-0.7359485222576936,-34.36939134894166
0.6487661963165466,0.6437243473974327,0.2912115958233717,0.3088498649821272,0.08697457843996778,0.10522584569298875,0.37111737238455594,0.3919824418374571,-8.715673212992815,-9.203056698309563,-15.74301188568489,-16.409989370344714,5.2648526044313675,5.479532905372723,0.011917113641666588,0.011917113641666588,-1.59446983744333,0.7645545557084396,0.004313685430100137,-0.01656658033782725,0.02204886910801614,-0.03904745442162922,65.77542192670066,24.075380977590516,513.1631380324933,2.7715875655622364,201.70734456952803,DESCENDING,15,20,False,p03516,80.53241130049744,22.318221703197977,-0.005041848919113967,0.017638269158755493,0.018251267253020967,0.020865069452901175,-0.487383485316748,-0.6669774846598244,-41.70004094911015
0.7787514327509599,0.7342638023123289,0.388172241200414,0.3710075114460049,0.22333427604913386,0.1857970113056682,0.5294042661946565,0.4985812554939267,-7.253332568558496,-7.75102442896893,-14.299199105895784,-14.352483701560681,5.415268753109594,4.861610333994824,0.00985806931016786,0.00985806931016786,-1.5694834753711668,0.9645697523812459,0.0009064379423797426,-0.02042910153085015,0.030076066269476533,-0.0488389517979634,71.27057569718708,26.15457224693612,739.3768595838382,10.370566535126137,118.26199336135596,DESCENDING,15,20,False,p04994,81.01704139042238,22.398710384477177,-0.04448763043863102,-0.01716472975440908,-0.037537264743465665,-0.030823010700729847,-0.4976918604104341,-0.05328459566489663,-45.116003450250965
0.7557679029748785,0.7313795037617982,0.3541226376522531,0.34510849528656623,0.18989107111404774,0.17276130273336587,0.4916393453568648,0.48427666089690896,-7.875137556159622,-8.401881415715424,-14.837916937113446,-15.136097288592694,5.3010096253788435,5.008719907400201,0.008309593344760224,0.008309593344760224,-1.533150917370376,0.9676423812792055,0.0006845752053492521,-0.02045380326613012,0.027747039759075456,-0.047931189990589054,71.34253924758767,25.1817624969204,736.4260749338848,6.7161804779627525,108.65855325032358,DESCENDING,15,20,False,p04387,80.97354894645476,22.36421523535752,-0.024388399213080336,-0.009014142365686872,-0.017129768380681865,-0.007362684459955859,-0.5267438595558023,-0.2981803514792478,-46.16077675066727
0.78372514894911,0.7476917126503358,0.36714995209709667,0.37989862982833206,0.20280504473254235,0.20462608036071434,0.5160336693896077,0.5211109718451127,-9.436455685474197,-9.613947091857547,-16.209062312192838,-16.075869761528956,5.073823992738335,4.75770725832239,0.012473320395058551,0.012473320395058551,-1.5092755807475595,1.075802141258465,0.00021505449769803912,-0.021223451875508576,0.03210330301649554,-0.04945476443290964,64.81127982645192,23.446112669146263,786.3955229889681,9.060987197036795,214.48740639342932,DESCENDING,15,20,False,p00783,80.9486961213304,22.15724434063958,-0.0360334362987742,0.012748677731235392,0.0018210356281719853,0.005077302455504973,-0.17749140638334993,0.1331925506638818,-41.36516715730566
0.6832427075787068,0.6596472839300339,0.33208229201714157,0.3399966796648018,0.14898643967659622,0.15677216031061683,0.4337655322990038,0.4442978107151251,-8.969711968843615,-9.338587088927618,-15.51625059370773,-16.02953975266178,4.78269660317214,4.9498947296067115,0.011817469020600324,0.011817469020600324,-1.6047290869442252,0.8324065960731483,0.004188880289482121,-0.016871602802888214,0.023184043432400457,-0.039738006423854305,64.42423453845313,24.855236434195543,574.6686778803829,4.337211721588272,137.2054078709409,DESCENDING,15,20,False,p01825,80.58833015702724,22.22048544735895,-0.023595423648672842,0.007914387647660226,0.00778572063402061,0.01053227841612131,-0.36887512008400236,-0.5132891589540503,-39.56899810425759
0.7177524989377726,0.6946346136522288,0.31357827072682626,0.31612884806628333,0.1459129976732263,0.16168212853530475,0.4519432369110421,0.47371975221818824,-8.71067531560067,-9.094937679251705,-15.700075822680903,-16.133726932371363,5.313926582018356,5.421823640447349,0.013366620238145055,0.013366620238145055,-1.523461527219818,1.0559313732807816,0.0005597771728152648,-0.021591513646020865,0.0376500628798931,-0.05104088366689516,61.291110724916436,22.488872097923892,751.5765585475967,10.218957125932564,171.29923793666543,DESCENDING,15,20,False,p00690,80.99218856529802,22.151495149119636,-0.023117885285543815,0.002550577339457072,0.015769130862078456,0.021776515307146138,-0.38426236365103605,-0.4336511096904605,-38.80223862699255
0.5843506431721611,0.5758112603957759,0.24339028724477949,0.24435418058708472,-0.009932060044238003,-0.010922018380360443,0.2500257970858876,0.254830623715705,-10.006079471246343,-10.516712113648321,-16.498645896644597,-17.549959581918696,4.698343763138724,5.445573989401556,0.01059139587237079,0.01059139587237079,-1.5166607921522053,1.0646973931701236,0.00032775805683602193,-0.021366795674686058,0.03481209946873268,-0.05024379261322818,62.70299659089152,22.732119906319124,710.1842834267414,8.81542834267414,181.06341873498812,DESCENDING,15,20,False,p00586,80.96733574017367,22.145745957599694,-0.008539382776385218,0.0009638933423052332,-0.0009899583361224398,0.004804826629817349,-0.510632642401978,-1.0513136852740992,-39.9708766845724
0.7497530735021926,0.7032370282771857,0.35085731296005007,0.33869398013661217,0.16401013873006473,0.14568440849947342,0.4750401460309371,0.4569919312201309,-8.766405645668142,-9.346023554641139,-15.563129519735208,-15.949403472975096,5.089603353669819,4.841751286982139,0.011289646945051968,0.011289646945051968,-1.5138347201783815,0.8389850029794247,0.0024278133858098615,-0.017978705457771832,0.020874322661958558,-0.040966319341893494,86.13504459044307,30.63346390776534,645.852499400143,4.009197792529794,197.18537950891792,DESCENDING,15,20,False,p02640,80.68152825124358,22.266478979518492,-0.04651604522500685,-0.0121633328234379,-0.01832573023059131,-0.018048214810806207,-0.5796179089729971,-0.386273953239888,-55.501580682677734
0.5985325345213555,0.6050506419402356,0.2676286582846133,0.277792264709405,0.011187898216765583,0.03196728965703729,0.24690748248526959,0.2805106582535478,-9.214222619619212,-10.064395573124228,-15.767773596026014,-16.74288560253521,4.757663155588131,5.042125128662278,0.013371843970390818,0.013371843970390818,-1.5187983881271419,1.0275343405724233,-0.00010910361111565408,-0.020035255284290673,0.024112249620844153,-0.045973539685576,76.19599995691411,26.675248084929734,827.0851430457917,4.379584671997162,129.69491348004277,DESCENDING,15,20,False,p00466,80.84307161455189,22.13999676607975,0.006518107418880148,0.010163606424791694,0.020779391440271706,0.03360317576827823,-0.850172953505016,-0.975112006509196,-49.52075187198437
0.6937645992972291,0.661417699375038,0.3300649157402472,0.33945934863076477,0.1707519059761779,0.17044988183535723,0.4376586235119394,0.4568826066612243,-9.87695260873822,-10.003401024793325,-16.6880550578194,-16.5032978536829,5.121376941483355,4.709414490739393,0.012841050097015305,0.012841050097015305,-1.4616040349070463,0.9406030943394664,1.2798678057547638e-06,-0.019813024002503704,0.022096477028242276,-0.04603885888706454,66.07471711805577,23.309207991882477,746.975654217937,14.304510166063015,245.34255994499213,DESCENDING,15,20,False,p03671,80.87413764595733,22.32397089471792,-0.032346899922191086,0.009394432890517557,-0.0003020241408206725,0.019223983149284918,-0.12644841605510493,0.18475720413650265,-42.7655091261733
0.5771479189009745,0.5544052470151409,0.27257682744766465,0.26453589821610274,0.02657854066840824,0.0060397026519562955,0.28037554459274905,0.2650950022447374,-8.69898594914828,-9.3873231400652,-15.681527869478348,-16.75647569707727,5.2072939443867385,5.662822121254387,0.009202286510650248,0.009202286510650248,-1.5757649056255014,0.7116681931492139,0.0037583008483721837,-0.016058192673476784,0.02149114051557271,-0.03882468696126885,59.643308238025135,22.597631174026564,494.2187187627446,2.9049507800817245,145.8176583953746,DESCENDING,15,20,False,p03003,80.45163961884329,22.289475745598264,-0.022742671885833565,-0.00804092923156191,-0.020538838016451944,-0.015280542348011628,-0.6883371909169202,-1.0749478275989226,-37.04567706399857
0.5960817261753772,0.5823586914874845,0.29317083309579556,0.30424267225887186,0.05201491609648827,0.08955056257654088,0.2942588674096312,0.3514960054052883,-10.03048836229414,-10.587143668530748,-16.69083500412584,-17.282972900665893,4.937150157835716,4.963138671078692,0.009124320069167413,0.009124320069167413,-1.4856963349197434,0.9740914245704095,4.5673025966605386e-05,-0.01977756439830482,0.02167518623821441,-0.04540329934843362,67.78596695155315,24.20126582716154,707.9363666917395,7.8425251668453795,239.64448730054582,DESCENDING,15,20,False,p02063,80.82443199570862,22.231983830398836,-0.01372303468789271,0.011071839163076302,0.037535646480052615,0.057237137995657106,-0.5566553062366086,-0.5921378965400521,-43.584701124391614
0.7455117032548714,0.7424455056234458,0.3582744958515224,0.37996729909360216,0.17227482271212366,0.21534747691392686,0.4751362562106868,0.5277495935894561,-8.749619928697918,-8.967823820786727,-15.208264757274721,-15.265296178055785,4.679377765429993,4.4809162449185145,0.009680125717433485,0.009680125717433485,-1.5385405247881938,0.9633562065770234,0.00041630477116019147,-0.019250632172799785,0.02171131549013985,-0.044036538114727505,81.161630968725,28.835121571254902,754.8562462976892,6.621900065640956,186.52395895038492,DESCENDING,15,20,False,p00656,80.780939551741,22.151495149119636,-0.0030661976314255712,0.021692803242079783,0.0430726542018032,0.052613337378769276,-0.21820389208880897,-0.0570314207810636,-52.326509397470105
0.6806978466597334,0.692683253326529,0.3082272422305856,0.3340621932771643,0.13910689681688032,0.19975466082039955,0.4186647184794555,0.49410165645041193,-8.963466120671232,-9.313717356070008,-15.876001917406077,-16.18347677773894,5.204108831375472,5.200396746691441,0.012838266258765607,0.012838266258765607,-1.4962267839401646,1.0108612272224822,-1.9650168636334836e-05,-0.019991331825828376,0.022334627895875196,-0.04576424057793711,70.6390147470687,25.34276725300052,719.0771243608303,7.746493074171576,204.97536149543475,DESCENDING,15,20,False,p01765,80.8368584082708,22.214736255839007,0.011985406666795595,0.02583495104657868,0.06064776400351923,0.07543693797095641,-0.3502512353987761,-0.30747486033286187,-45.29624749406818
0.7176451708183705,0.6898556137884354,0.31467928613672974,0.30980847750952517,0.11513470970813094,0.09674013192533973,0.4113074269378122,0.3913557297905036,-8.419917880299426,-8.969183951480387,-15.166713189993432,-15.65337721079827,5.01493821527986,5.011618502358929,0.012429525304294087,0.012429525304294087,-1.5148010012581774,1.0748827959866298,0.0008709383579856375,-0.021680841274610764,0.0344879695385704,-0.0498617656244653,68.98466721254043,24.996710214680526,830.5739241073569,6.022126018276966,127.64699198181907,DESCENDING,15,20,False,p01589,80.98597535901693,22.20323787279912,-0.02778955702993513,-0.00487080862720457,-0.018394577782791216,-0.0199516971473086,-0.5492660711809609,-0.48666402080483806,-43.987956997859904
0.5156247728058957,0.5025172039374829,0.2589270393268408,0.2622267758889482,-0.037069301692632305,-0.021247450756145935,0.17793826736731289,0.20416355013640888,-9.398581555005457,-10.073375067448609,-16.355606355781685,-17.534993306772687,5.200331693349713,5.838409348292517,0.011485481102739725,0.011485481102739725,-1.602287237791253,0.7658756922033613,0.004402449928591398,-0.016153976971260336,0.02324885832307379,-0.03845240295397179,52.349163045395,21.204575902583173,538.5237386468206,3.470875845236663,145.41423598607594,DESCENDING,15,20,False,p01213,80.51377168165418,22.185990298239293,-0.0131075688684128,0.0032997365621074137,0.01582185093648637,0.026225282769095998,-0.6747935124431521,-1.1793869509910024,-31.14458714281183
0.769427502178627,0.7415163757576807,0.4081705137294252,0.4046058365606787,0.2448733998684686,0.23903985212021786,0.5495527137379613,0.5533613575081991,-10.46083725057121,-10.41626592031477,-17.093360920064665,-16.753407625569672,4.882797749517536,4.5440411746173694,0.013204697934251164,0.013204697934251164,-1.5510833828029427,0.841150589101449,0.0030844692360937785,-0.01762563450949138,0.0217697797238943,-0.0406293002603011,84.03241388293078,30.63764492721453,735.4459714578263,13.41800524766414,252.729729297325,DESCENDING,15,20,False,p02335,80.65046221983813,22.249231404958664,-0.027911126420946286,-0.0035646771687464773,-0.005833547748250734,0.0038086437702378184,0.044571330256440334,0.33995329449499323,-53.39476895571625
0.6720433506816184,0.6990457263800082,0.3154258047757154,0.33010318124287835,0.1188293061868575,0.1379289399496667,0.40307147666878784,0.436653833618843,-8.646411169401803,-9.040721994822798,-15.420845405823167,-15.828432836114207,5.032522036159964,5.003957791769172,0.01354092835693499,0.01354092835693499,-1.488508129588367,0.7922902173924073,0.0030838436329002623,-0.017163389101757083,0.019953627454493455,-0.039827969650132966,68.62108171105929,24.545530021136212,603.5250569567139,6.7566009832527225,163.03662016867182,DESCENDING,15,20,False,p04430,80.61939618843269,22.369964426877463,0.027002375698389813,0.01467737646716294,0.01909963376280921,0.03358235695005518,-0.3943108254209946,-0.4075874302910396,-44.075551689923074
0.6932309091316664,0.664509751284829,0.33317349803003626,0.32594219722708984,0.13944500969242668,0.12587329364054212,0.4182826731342938,0.40997484775459725,-9.326863991969354,-9.884784228128034,-15.93404325497504,-16.47571579044484,4.855912493386639,4.828767758042196,0.013424788502423568,0.013424788502423568,-1.5696696769665988,0.8313713491749268,0.0037673604813616207,-0.017285969484712296,0.02234139287041958,-0.04015975808818447,75.38865074627137,27.581404155912693,627.9860090073522,6.113735811021603,198.25103792526926,DESCENDING,15,20,False,p02630,80.61939618843269,22.266478979518492,-0.028721157846837375,-0.007231300802946428,-0.013571716051884564,-0.008307825379696543,-0.5579202361586795,-0.541672535469802,-47.80724659035867
0.7163981515642152,0.6661125170854955,0.3321436191358809,0.31884839879914745,0.16423372701174946,0.12062127722970792,0.4525751295165621,0.40343264406707924,-8.59197459289404,-9.643554353670428,-15.925908012528087,-16.735752951082596,5.775597095668163,5.471123607740885,0.009869878479263239,0.009869878479263239,-1.5586983145553406,0.9662640541877664,0.000797769558510643,-0.02021994009249013,0.02905068767042919,-0.04843574406875742,65.59807760508637,24.50788585410271,682.6265498814732,4.034979308128086,198.22920969102802,DESCENDING,15,20,False,p05294,81.01704139042238,22.415957959037005,-0.0502856344787197,-0.013295220336733471,-0.04361244978204154,-0.04914248544948285,-1.051579760776388,-0.8098449385545088,-41.090191750983664
0.5478556437755632,0.5370359510416888,0.26472577923362484,0.259788411929681,0.0027765054699609385,0.011005498094245105,0.2385784685541821,0.25838015520570246,-10.194895610368507,-10.733219145166924,-17.07640003909845,-17.705598273837435,5.081727943936834,5.195782313583906,0.008854820503862437,0.008854820503862437,-1.5300069261536668,0.7853720561477396,0.0037003943883323715,-0.016976591097814152,0.020980898985079405,-0.03964916072992921,68.43774536461609,24.528669925537564,554.6796986193423,4.565313884577962,173.26069266088246,DESCENDING,15,20,False,p04026,80.59454336330833,22.34696766079769,-0.010819692733874398,-0.00493736730394384,0.008228992624284167,0.01980168665152035,-0.5383235347984172,-0.6291982347389862,-43.90907543907853
0.6679266416031708,0.6396978930647247,0.33323593780824157,0.3431226828203369,0.11521250343236934,0.12667114092950132,0.3858678025942669,0.4120837625139569,-9.912888214144642,-10.26849389154231,-16.597946357302913,-16.827812119071613,4.961776590364867,4.801711762639258,0.01310851882528219,0.01310851882528219,-1.531118043266699,0.8522127376501765,0.002272992070166878,-0.01804832797922516,0.02106381963883843,-0.0412274309095202,86.17712935546287,30.88121168982077,847.7051933401078,6.732108139246476,172.79670685751313,DESCENDING,15,20,False,p02041,80.68774145752467,22.231983830398836,-0.028228748538446147,0.009886745012095355,0.011458637497131982,0.02621595991969,-0.35560567739766746,-0.22986576176869988,-55.295917665642094
0.7311714287538926,0.7055694227542948,0.36548901297252034,0.3720728263638991,0.16255245620307263,0.16837968627564343,0.45433959079098907,0.4687074265331167,-9.201306248593964,-9.430555681181202,-15.724872187436528,-15.838439701172222,4.7342329004316674,4.619066059040218,0.01107600846216561,0.01107600846216561,-1.5345402569898605,0.8930891392609993,0.001531950858078748,-0.018513105656834897,0.021097968431503362,-0.04241336018880876,84.53721219268535,29.687375146466596,873.2948737444486,4.1961182920485,175.7274320701108,DESCENDING,15,20,False,p01746,80.71880748893011,22.214736255839007,-0.025602005999597832,0.006583813391378757,0.005827230072570799,0.014367835742127633,-0.2292494325872383,-0.11356751373569374,-54.84983704621875
0.6800939371405805,0.6529502773475638,0.3135717411184387,0.3077652887579394,0.13364523455628285,0.14021862446939876,0.4285531590936133,0.4406814372724031,-9.267978296579658,-9.534080197442295,-15.942581208417552,-16.4914267182042,4.888044369175614,5.263721836589206,0.013161362423695033,0.013161362423695033,-1.6089595339846665,0.8526928212852197,0.0037178674991825266,-0.0171309949170386,0.02332159930701222,-0.040301823255559185,62.46781079904253,24.60526632848562,554.1610992371303,4.77169936680995,178.0528885793648,DESCENDING,15,20,False,p01229,80.6131829821516,22.185990298239293,-0.027143659793016695,-0.005806452360499315,0.006573389913115901,0.012128278178789809,-0.26610190086263685,-0.5488455097866467,-37.86254447055691
0.6853417413368622,0.6630394450354876,0.3307068356247603,0.3444678332893392,0.1344806771663057,0.148921781008577,0.4031307661747321,0.44533483249449285,-10.25613484717083,-10.186473958364353,-16.840463386904787,-16.723332303555942,4.892260000552467,4.806229700623757,0.013404202369899587,0.013404202369899587,-1.5769347577972859,0.8372518408776735,0.0037447832630110476,-0.01727697840529792,0.022490978294660957,-0.040209306362527925,76.94435782144885,28.471443350615843,653.4042228053892,10.114867027234606,242.8143741799213,DESCENDING,15,20,False,p02330,80.61939618843269,22.249231404958664,-0.02230229630137459,0.013760997664578944,0.014441103842271291,0.04220406631976076,0.06966088880647803,0.11713108334884481,-48.472914470833004
0.5703602032408369,0.5580968999540056,0.2712582985226305,0.27376139920049825,0.09084108117164456,0.09703153735563504,0.3168728444111378,0.3290061667203152,-9.166017822437547,-10.078139350935189,-16.426242890974297,-17.523231807484414,5.762760002314613,6.0300402706347676,0.012944871960892446,0.012944871960892446,-1.4869787809930943,0.9382600907184416,0.00015592731906502046,-0.019920866008634824,0.02397940008466107,-0.04679246620445215,66.29549529495904,23.515182203402485,653.904958743764,5.871649929640525,165.1402871945759,DESCENDING,15,20,False,p04279,80.92384329620604,22.358466043837577,-0.01226330328683134,0.0025031006778677423,0.006190456183990473,0.012133322309177408,-0.9121215284976412,-1.0969889165101172,-42.78031309155655
0.6904676453862526,0.6598663878670059,0.3425108744955604,0.3386128428689071,0.12016995626916332,0.12347705679379571,0.3935729429920464,0.41037070402795467,-8.169679802955134,-8.46972860941632,-14.529917662852725,-14.790036458306664,4.549482618972812,4.553559525848409,0.009297769992665073,0.009297769992665073,-1.5530929439301575,0.8951002532498507,0.0015981221345159184,-0.018430140336264524,0.02141006336401631,-0.04229795792743388,83.70326425257721,29.67743680115374,842.1292249241342,7.967625349142338,129.12280151006576,DESCENDING,15,20,False,p01345,80.71259428264902,22.191739489759236,-0.030601257519246694,-0.003898031626653309,0.0033071005246323865,0.016797761035908243,-0.30004880646118615,-0.26011879545393946,-54.025827451423474
0.7325856693582073,0.7243819771747376,0.34192334938957886,0.3552773214229565,0.16697969851738326,0.211210772969491,0.4730342804131904,0.525938938902707,-8.894722666069876,-8.970373098416102,-15.4043808094356,-15.57637631647382,4.774074679321027,4.8328706303103255,0.009627021463475272,0.009627021463475272,-1.5560815238428078,0.9330771632162115,0.0009060364513252754,-0.01883532938311797,0.021913169484653012,-0.04314519068375564,73.47210947832491,26.674015136999703,635.6587217075927,4.041464840153403,209.4236795542069,DESCENDING,15,20,False,p00351,80.74987352033556,22.134247574559808,-0.008203692183469724,0.013353972033377626,0.04423107445210775,0.05290465848951664,-0.07565043234622593,-0.1719955070382202,-46.79809434132521
0.770280881345981,0.7596406977476424,0.37907586258400594,0.39316569506920873,0.2319174155894584,0.24137701185949512,0.5387737107892706,0.551925656181066,-8.296080845316355,-8.514466978071429,-15.152438844838395,-15.137502147455892,5.1612465807655585,4.89689251408099,0.010711658765598986,0.010711658765598986,-1.5174279200294396,1.055456855614185,0.0007856178924228556,-0.021381326012956087,0.03154690157910078,-0.04901207204542008,72.73241121866933,25.621503067887538,843.3432997031704,8.529759094945867,122.16516917759448,DESCENDING,15,20,False,p02086,80.96733574017367,22.231983830398836,-0.010640183598338626,0.014089832485202791,0.00945959627003673,0.013151945391795428,-0.21838613275507335,0.014936697382502473,-47.11090815078179
0.7507800261142193,0.714338460609123,0.37790796454278003,0.39254828860564894,0.18966899950460034,0.20300609102473807,0.4927378162798794,0.5105582530552097,-9.274274293190349,-9.342421862463976,-15.805576531328544,-15.727417703795089,4.721693961981925,4.60425008610018,0.013053749183432939,0.013053749183432939,-1.5209486385596882,0.8910566018415659,0.0014381026800020216,-0.018575480098660866,0.020933131848614547,-0.04250622537992157,82.99251749877303,29.043121157878062,869.9391591229127,5.046445383222692,208.24670287668476,DESCENDING,15,20,False,p01947,80.7250206952112,22.226234638878893,-0.03644156550509636,0.014640324062868915,0.013337091520137734,0.01782043677533035,-0.06814756927362708,0.07815882753345527,-53.949396340894964
0.7073747390347251,0.7329134232921394,0.32591757061451787,0.3806068927089629,0.13669252772343515,0.24927158205464825,0.432594511505662,0.5582558332362987,-9.283919595638064,-9.42797839674415,-15.760963403791724,-16.14227482209623,4.764586817529701,4.931403332146362,0.00989136099061061,0.00989136099061061,-1.5146723457327318,1.0003746310708554,3.926117618997755e-06,-0.019795494833558042,0.022236495392592686,-0.04525742957387665,75.21137315727438,26.698606087544157,769.714752287409,7.771947519672115,232.96791623640146,DESCENDING,15,20,False,p01162,80.81821878942753,22.18024110671935,0.025538684257414235,0.05468932209444505,0.1125790543312131,0.12566132173063665,-0.1440588011060857,-0.3813114183045059,-48.512767069730224
0.6772603152904579,0.6394498981433645,0.3283026399065513,0.32073756252975394,0.11267725475479853,0.09848463847408417,0.3861882753332976,0.37237564473654,-8.708033806186327,-8.956372278395868,-15.498502467541051,-15.712040708891726,4.952356817047429,4.9264544152665115,0.008596726182132142,0.008596726182132142,-1.5700885195551497,0.7729541895433603,0.004091300517438091,-0.016742892930061305,0.021717030413527745,-0.039302240452470494,67.92611123786125,24.65628009452123,598.3090379941156,7.0540648586414205,169.14027120378663,DESCENDING,15,20,False,p03620,80.5572641256218,22.32397089471792,-0.037810417147093434,-0.007565077376797347,-0.01419261628071436,-0.01381263059675758,-0.2483384722095412,-0.21353824135067434,-43.26983114334002
0.6659420738591245,0.6452979406032123,0.32755438146754184,0.3309603084218695,0.13239624395327787,0.13577124962144055,0.4035334812664362,0.4130118242861524,-8.480367201586324,-8.903928734524838,-15.300080673835332,-15.897369919804873,5.1224014682344725,5.348606361165099,0.01232879059282388,0.01232879059282388,-1.5060942415569774,0.8938573360104002,0.0012353738419550056,-0.018707107120985004,0.020775967392083067,-0.042807167770952864,79.36597666557687,27.626835510243463,703.4150191619926,5.7496299615159945,127.19286005744596,DESCENDING,15,20,False,p02149,80.73744710777338,22.23773302191878,-0.02064413325591219,0.003405926954327676,0.0033750056681626783,0.009478343019716229,-0.42356153293851406,-0.5972892459695416,-51.7391411553334
0.7873799180387265,0.765175907006286,0.4002688678265871,0.42151279536783176,0.24436844723858084,0.2640282174816885,0.5515353609986148,0.5750436050064295,-8.655489202684311,-8.706462267814656,-15.287523508553193,-15.21854878741762,4.884681181594845,4.778077643283755,0.01109748840216529,0.01109748840216529,-1.511604513283634,0.8780629924901373,0.0015604948537076772,-0.01848925087292072,0.020779421351794555,-0.04222438769661855,83.57574225736057,29.374138715934063,818.2665877251238,9.332762607311158,154.9599718370711,DESCENDING,15,20,False,p02146,80.71880748893011,22.23773302191878,-0.022204011032440518,0.021243927541244656,0.019659770243107638,0.023508244007814705,-0.05097306513034461,0.06897472113557335,-54.20160354142651
0.6962979311924679,0.6877165925492704,0.3141047743406933,0.3162064551924122,0.08584193281447687,0.09436975648953491,0.37279571001514844,0.38827290201591325,-9.141399022389832,-9.620283033812331,-15.877562403952856,-16.16413432862032,4.997285367348702,4.866563362800733,0.012329219004163727,0.012329219004163727,-1.523535590890272,1.0538982075090182,0.0004103729772564787,-0.02150081011964881,0.0375836265067599,-0.05109546797636346,61.13031454208456,22.293855641374645,761.7525720370525,6.787143417586722,200.44496841498454,DESCENDING,15,20,False,p00389,80.98597535901693,22.134247574559808,-0.008581338643197434,0.0021016808517189123,0.008527823675058041,0.015477192000764806,-0.47888401142249926,-0.28657192466746473,-38.836458900709914
0.7571256733379399,0.7243913740179284,0.3397766884832101,0.3446291853836802,0.19180120540877504,0.1946412651117392,0.5075185478138686,0.5162675854509154,-8.322920773120826,-8.657875189079716,-15.287725330342314,-15.625626402363308,5.259848596490187,5.291124898816289,0.009266692832871626,0.009266692832871626,-1.4875776391071227,1.08412833086978,-0.00012865930530026217,-0.020716100155245155,0.02498926089320023,-0.04745012180397263,70.007750860531,25.63919622837193,711.6622168577752,5.79917923958962,132.37115268557633,DESCENDING,15,20,False,p01675,80.89899047108169,22.208987064319064,-0.032734299320011484,0.004852496900470127,0.002840059702964165,0.00874903763704682,-0.3349544159588902,-0.33790107202099406,-44.368554632159075
0.7148071071810439,0.6949703252008079,0.31885594287335334,0.3229649352081968,0.16294262216337388,0.16050541860751252,0.4617505605876332,0.46455708721770017,-8.460090825902157,-9.064263874038444,-15.675530206204385,-16.12240054439867,5.613135243649242,5.444651926504924,0.010878776341175511,0.010878776341175511,-1.5022325562007688,0.9375822170032371,0.00027832153631291107,-0.019490142305368705,0.02405197542643839,-0.04644448940910207,60.900539354388854,23.25627665720213,663.5191438022341,4.071677399766692,178.48294156186566,DESCENDING,15,20,False,p05486,80.96733574017367,22.42745634207689,-0.019836781980235973,0.004108992334843464,-0.002437203555861356,0.0028065266300669744,-0.6041730481362872,-0.4468703381942838,-37.644262697186726
0.647589794250189,0.657043269865021,0.308913769185901,0.32445687584814487,0.08679197808997297,0.1045035592762135,0.3661187562763698,0.3991065003413112,-8.831853241157958,-9.077723093885384,-15.805275637755553,-15.969271682026568,5.166502828266915,5.046716431773518,0.008613824385877877,0.008613824385877877,-1.5564458500077856,0.7708865825388992,0.003930060154937916,-0.016779906235962618,0.021401102599183826,-0.03936917946143996,68.81979071049795,24.843099854505844,608.7774535745416,7.827552301087985,214.2440903967449,DESCENDING,15,20,False,p03821,80.56347733190289,22.335469277757806,0.009453475614832008,0.015543106662243844,0.01771158118624054,0.03298774406494137,-0.24586985272742545,-0.16399604427101444,-43.97669085599211
0.6473227633679769,0.6373137678535121,0.3230559548680667,0.32864146209270173,0.07341913190565573,0.0984948463584788,0.3388893105394272,0.37777792956558054,-9.115019060770628,-9.738849007989614,-16.06081574064077,-16.583705360441506,5.246412883125773,5.203466163724091,0.008797069361991872,0.008797069361991872,-1.4600989498164034,0.9310891994589364,0.00010938799294465643,-0.019627603648574927,0.021216406909655688,-0.0452999343548727,62.34065350005616,22.29732210080918,667.9935284659495,6.986784951483487,188.5671511651161,DESCENDING,15,20,False,p02963,80.82443199570862,22.28372655407832,-0.010008995514464769,0.005585507224635022,0.02507571445282307,0.038888619026153315,-0.6238299472189865,-0.5228896198007362,-40.04333139924698
0.4916312102827459,0.49446534628068295,0.24184304798534892,0.24914003470242388,-0.09232962738522153,-0.07325541636734147,0.11374927228767039,0.1590572401262747,-9.742610188457789,-10.326502876087412,-16.96128975101738,-17.750067150094125,5.493820101697094,5.789824738829443,0.011401816709144641,0.011401816709144641,-1.5355508003762985,0.6732008804010582,0.003079896535652226,-0.016161011432106773,0.020665208146907955,-0.03889169233066725,61.38794407400772,22.54254681350541,488.6345598874435,3.7586195870272525,162.7040122149121,DESCENDING,15,20,False,p03801,80.43921320628111,22.335469277757806,0.002834135997937026,0.00729698671707496,0.019074211017880066,0.045307967838604316,-0.5838926876296231,-0.7887773990767464,-38.84539726050231
0.7903446021288398,0.7495791577782794,0.3774221732482941,0.36208056323927346,0.25463075752169095,0.21419529485268204,0.5702459252311415,0.5368235081160411,-7.898381085743152,-8.600079865657396,-15.26649110348043,-15.799176020769421,5.767085870729783,5.606416313921213,0.012540569967986248,0.012540569967986248,-1.5712824099971998,0.9665400901105694,0.0009810234378629572,-0.020470108078216295,0.03060954224778635,-0.04892734500300635,71.40279112049264,26.23656941526128,690.596777692956,4.377467957732327,137.9629153441278,DESCENDING,15,20,False,p04995,81.02325459670347,22.398710384477177,-0.0407654443505604,-0.015341610009020623,-0.04043546266900891,-0.03342241711510041,-0.7016987799142438,-0.5326849172889911,-45.16622170523136
0.7261525469037606,0.7281617981019882,0.33133813523056954,0.3467148566764828,0.17281208954003954,0.1926201274304127,0.4703346832850973,0.4965691324032812,-8.194939440013902,-8.513857037283003,-15.234197538497945,-15.668206380580932,5.221758822430235,5.399852860600316,0.013461864236220866,0.013461864236220866,-1.5469664378467936,0.7825083332108512,0.0038869160836033888,-0.016901812188405325,0.02135637894696293,-0.03953131052193082,68.75204976108895,24.69162937903339,575.8807736282015,6.407737881077448,133.13266652275078,DESCENDING,15,20,False,p03924,80.58211695074615,22.34121846927775,0.0020092511982275907,0.015376721445913233,0.019808037890373165,0.0262344491181839,-0.31891759726910074,-0.43400884208298685,-44.06042038205557
0.7227769243182334,0.7305230357743798,0.34445550653429935,0.34894721311368343,0.1936561719768053,0.19434431482931158,0.4880707493788596,0.5023081039066287,-8.428362210345757,-8.41398892666546,-15.197293166792603,-15.531605124784118,4.924879843429866,5.30978453266448,0.01348028549411695,0.01348028549411695,-1.5109186832737627,0.7281148761677774,0.0032007308075130184,-0.016666458534700803,0.019959869680011108,-0.03931252425660723,68.11113405357943,24.205832375420467,524.7391136646706,4.932492265659526,212.06696934388665,DESCENDING,15,20,False,p04918,80.54483771305962,22.398710384477177,0.007746111456146454,0.0044917065793840805,0.0006881428525062905,0.014237354527769142,0.014373283680296112,-0.33431195799151503,-43.90530167815896
0.6220257559195095,0.6072830804631567,0.2953966850360597,0.2951165275019352,0.0773501723350175,0.07895327741694651,0.32682550668278665,0.33646375283507535,-8.993392897024151,-10.155852211238825,-16.357752636318928,-17.525961272981974,5.89135878845796,5.877043993147055,0.012563734726136033,0.012563734726136033,-1.5502211302465048,0.9704810316732837,0.0007530722721138197,-0.020056457836122654,0.028530823070397237,-0.048143247049633325,65.74795312141175,24.602893980453,674.6727789895876,4.557435860559131,155.08148964900076,DESCENDING,15,20,False,p05395,81.02325459670347,22.421707150556948,-0.014742675456352772,-0.0002801575341245255,0.0016031050819290127,0.009638246152288699,-1.162459314214674,-1.1682086366630458,-41.14505914095875
0.5565833913867207,0.548974940809747,0.27962288961526527,0.28748382455047833,-0.008194469498615953,0.004712795113437318,0.219088348668451,0.24027766145494892,-9.212804535377266,-9.825939820369946,-16.154569757879873,-17.002502356211853,5.15049789878547,5.479067824411492,0.015380879988579621,0.015380879988579621,-1.552231502542739,0.715656552796543,0.0035711693450088096,-0.015735168142432417,0.02177271727012558,-0.038120321360454464,56.24981676488029,22.33616039287435,544.7230722252585,5.976263280642658,166.243016325473,DESCENDING,15,20,False,p01600,80.43300000000002,22.208987064319064,-0.007608450576973791,0.00786093493521306,0.01290726461205327,0.02118931278649791,-0.6131352849926799,-0.8479325983319796,-33.913656372005946
0.6736991722054343,0.6848499212086392,0.3111038149594546,0.32638662341101604,0.13806359727741085,0.16047751822495374,0.4141184439778281,0.4520674904749244,-8.779670086079847,-9.615136795941265,-15.984652188092102,-16.552181384449735,5.584052697952362,5.256485079952865,0.012887608775701054,0.012887608775701054,-1.4379122365510848,0.8772070813778261,-0.0001336614978572834,-0.019028811277489545,0.0201475591271809,-0.04478647737044927,61.84755707352701,23.109883302319655,654.3646671220218,4.377990276829122,190.8744746675239,DESCENDING,15,20,False,p04973,80.88656405851951,22.398710384477177,0.011150749003204896,0.015282808451561436,0.02241392094754288,0.037949046497096295,-0.8354667098614179,-0.5675291963576328,-38.737673771207355
0.6900555484293367,0.6203927730213722,0.32029995293362024,0.303883804673551,0.15166143934274623,0.10448782374561282,0.4291689261595239,0.3940250766304484,-8.993830676976787,-9.615705524819806,-16.22676192282893,-16.36394934771325,5.655329807645461,4.983358980028399,0.01140880934505173,0.01140880934505173,-1.6064267726693109,0.8217465192126326,0.0035066545455134006,-0.016935010212217556,0.023765484847867935,-0.040224395587286535,50.45512774611172,20.892327663996447,577.6568545803971,3.423358424087123,171.43802049967977,DESCENDING,15,20,False,p00328,80.60696977587051,22.134247574559808,-0.0696627754079645,-0.016416148260069263,-0.047173615597133414,-0.03514384952907551,-0.6218748478430189,-0.137187424884317,-29.562800082115274
0.6744237031109024,0.6639200641966835,0.31524768096681344,0.3178602183597812,0.09728171634780139,0.1001961725117726,0.38468641397044157,0.3911895904913659,-9.123817296789765,-9.483992318846143,-15.847250618282263,-16.126785917670357,5.011457729517163,4.94376899646432,0.012419883362247086,0.012419883362247086,-1.5159510064182298,1.0624318459220616,2.154283496475148e-05,-0.0211368782133757,0.03371445658791,-0.04999332706223369,64.33767571510414,22.77357891736886,767.250102682634,8.356618801794324,147.4665254612664,DESCENDING,15,20,False,p00183,80.9486961213304,22.122749191519922,-0.010503638914218905,0.00261253739296774,0.0029144561639712074,0.006503176520924359,-0.36017502205637797,-0.27953529938809396,-41.56409679773528
0.6646013458547567,0.6676861075474033,0.31262652764484833,0.3203316076892892,0.09505891854929589,0.1057863473158384,0.3731146123304836,0.3978991013511492,-8.761812761552795,-8.976247396650281,-15.6784808871142,-15.836389193190744,5.082657497313712,5.008016550345416,0.011836709358285624,0.011836709358285624,-1.5517404134658654,0.7570404060507985,0.0038040305421165113,-0.016698911001791664,0.021126037813367547,-0.039278721788424224,70.07682943908678,25.23958955241031,593.2395015745643,5.249372572214131,196.04821203062798,DESCENDING,15,20,False,p04119,80.55105091934071,22.352716852317634,0.003084761692646598,0.007705080044440871,0.010727428766542507,0.0247844890206656,-0.2144346350974864,-0.1579083060765445,-44.83723988667647
0.6445014037206533,0.6495561026828953,0.3113258400138887,0.32694195517877506,0.08066511150933106,0.10910097121882094,0.34404593322526666,0.3910640605536499,-8.871610401117362,-9.160526834739235,-15.792073560092168,-16.267165188662908,5.120777689715518,5.316585747763064,0.012075314349472066,0.012075314349472066,-1.5832891714421895,0.7230915252962858,0.003974710427286715,-0.016320650536030903,0.021496990247228957,-0.03887852401034651,66.87370777173595,24.19239204910091,507.1316671064092,5.099310002958266,192.22880237941024,DESCENDING,15,20,False,p03910,80.49513206281091,22.34121846927775,0.005054698962241977,0.015616115164886368,0.028435859709489877,0.04701812732838323,-0.288916433621873,-0.4750916285707394,-42.68131572263504
0.6799912429555197,0.6559934839452127,0.3367803998371938,0.3437485557832165,0.15471903933307946,0.16023870023552422,0.4230946639120398,0.4496481858206755,-8.084248608843422,-8.428547481107044,-14.936961992776322,-15.010293485663874,5.1524817876819995,4.822169549460042,0.010552216990927121,0.010552216990927121,-1.447011639945865,0.915596973329337,-1.2083733230063467e-05,-0.019462359794922012,0.02114855901771528,-0.04528726549285568,64.55698851047921,23.056362775388042,758.9845878020936,15.218906272611799,88.52153848627616,DESCENDING,15,20,False,p04070,80.86792443967624,22.34696766079769,-0.023997759010306985,0.0069681559460226805,0.005519660902444767,0.02655352190863569,-0.34429887226362155,-0.07333149288755259,-41.50062573509118
0.7537140971273557,0.7296555715022718,0.3391631163743123,0.33598472624074077,0.16914808505090026,0.1729559822070154,0.4787245482396805,0.48490842558065084,-8.360171258890208,-8.818076046196438,-15.060340898961424,-15.314266141618932,4.959252695560075,4.723498824624579,0.01281895660892407,0.01281895660892407,-1.4975380830977791,1.0606414524247048,0.00019889296831828148,-0.020929910334443365,0.027273293503044905,-0.0481319246489567,72.68812249481242,25.71398233149174,705.5626460140178,4.526978589944633,189.93837008352784,DESCENDING,15,20,False,p02179,80.92384329620604,22.23773302191878,-0.024058525625083926,-0.003178390133571518,0.003807897156115153,0.006183877340970312,-0.4579047873062301,-0.25392524265750716,-46.97414016332068
0.7749515386061145,0.7656196258300525,0.35317108136358105,0.3643298618317825,0.2110834735786696,0.23011629865281136,0.5232662232064778,0.5446320244199873,-9.029482821200391,-9.350394852863944,-15.934532717280815,-16.165532140933255,5.28175431468382,5.119764623167906,0.012474340825654018,0.012474340825654018,-1.5221462363708016,1.0603169464870363,0.0009781668892891813,-0.02160636551637014,0.03371657461582614,-0.04954027345329274,71.72340804463882,25.37297821132175,814.6899054516192,11.630456648561651,209.90721384027358,DESCENDING,15,20,False,p01989,80.98597535901693,22.226234638878893,-0.009331912776062046,0.011158780468201457,0.01903282507414175,0.021365801213509505,-0.3209120316635534,-0.23099942365243997,-46.350429833317065
0.7250587580223352,0.7377283757566987,0.34804889983979875,0.3718192073831921,0.18897719775127567,0.2062265737204905,0.48005664365151346,0.5072585855743362,-7.755674829074902,-7.954257500241109,-14.243638327464705,-14.407760463552968,4.73050563790748,4.682030038891797,0.013562262382249113,0.013562262382249113,-1.4438535949474611,0.848360308729542,0.0013671660658303728,-0.018478284079725755,0.019741300732969282,-0.04195913114271302,76.57889003040147,27.21448176142073,748.5047651983691,11.02628298442163,150.87933793902158,DESCENDING,15,20,False,p03448,80.73123390149229,22.312472511678035,0.01266961773436348,0.02377030754339332,0.01724937596921483,0.02720194192282277,-0.1985826711662071,-0.1641221360882632,-49.36440826898074
0.747870285322184,0.7238453759180797,0.3582923118562478,0.36851107407155237,0.1917062332936337,0.2048862953932041,0.4877499038192462,0.5140996933830904,-8.252383582347147,-8.28225065162,-14.768189650798503,-14.652990889305586,4.759691380648005,4.594195008822831,0.009055732829394314,0.009055732829394314,-1.5779835410541525,0.8514766400957989,0.003309199554136743,-0.017473420355283344,0.022363565645325986,-0.04058063515640262,74.82536774535936,28.369308353995926,687.036067751046,12.929792698440636,166.66804547672962,DESCENDING,15,20,False,p01833,80.63803580727595,22.22048544735895,-0.02402490940410429,0.010218762215304544,0.0131800620995704,0.02634978956384415,-0.02986706927285354,0.11519876149291619,-46.45605939136343
0.631849887933865,0.6119189047699685,0.3009093668334885,0.2975195689279307,0.08073811524535225,0.07577631203341145,0.3322049093192041,0.34677267678946094,-7.855167962475349,-8.461251673867888,-14.457324311345172,-15.001945312492547,4.876197775280562,4.831911007477134,0.009320353505523182,0.009320353505523182,-1.4491064056632001,0.814060916213515,0.002303307514477696,-0.01759853208946404,0.0192980913850114,-0.04002687537118987,73.57077863877709,26.197855585247943,778.2176397714104,12.062830196219473,122.88166087199778,DESCENDING,15,20,False,p04238,80.6691018386814,22.358466043837577,-0.01993098316389652,-0.003389797905557823,-0.004961803211940799,0.014567767470256843,-0.6060837113925395,-0.5446210011473749,-47.37292305352914
0.5820681903266393,0.5485478148211739,0.28021900649989784,0.26634017948801725,0.018801679245119465,-0.020310103377089214,0.267324606871057,0.22676682736712306,-9.127227895739347,-9.690343677905876,-16.175305635424955,-16.931024576676464,5.237985894449735,5.5226657944998285,0.015345162546420266,0.015345162546420266,-1.5493198809192854,0.6848054231929542,0.003274827907689711,-0.016069757972160363,0.020857138785075096,-0.03896679737640636,60.03345806668277,22.62153141494215,516.6550892657532,3.313236884106473,172.23252501330035,DESCENDING,15,20,False,p03300,80.43300000000002,22.306723320158092,-0.03352037550546538,-0.01387882701188059,-0.03911178262220868,-0.040557779503933966,-0.5631157821665287,-0.7557189412515086,-37.411926651740615
0.6610143476613378,0.632230119306168,0.299322536148052,0.3000161020491052,0.0972489873890054,0.08177850036199717,0.38411251853205103,0.3680152661782229,-8.485227685583977,-9.041743496077922,-15.355824646497728,-15.924606474511148,5.071232854235847,5.072033391283102,0.013411257597091275,0.013411257597091275,-1.6020984499121267,0.7745257233094164,0.004450858995936979,-0.016607495267212728,0.022332776867262004,-0.03908289705196233,63.62354780438822,23.58025734100759,506.71901816807286,4.838481892246198,175.8801180643241,DESCENDING,15,20,False,p03117,80.53862450677853,22.295224937118206,-0.028784228355169805,0.0006935659010532391,-0.015470487027008234,-0.01609725235382814,-0.5565158104939449,-0.5687818280134191,-40.04329046338063
0.7450810175640746,0.7431264743154076,0.3609351482062574,0.3780606832421678,0.21483717110517025,0.22511592009518264,0.5116116833563762,0.5323887396999943,-8.654934044486025,-8.755279832247215,-15.335193712688197,-15.699745068394312,4.82149338046915,5.119661341600076,0.008697424806465293,0.008697424806465293,-1.522258050972253,0.746784172656921,0.0034228687826036316,-0.01673066207384721,0.02040457200893989,-0.03939851917654901,68.41513879375368,24.510218710659842,560.6577991384296,8.01650806918279,191.92120491223542,DESCENDING,15,20,False,p04620,80.5572641256218,22.38146280991735,-0.001954543248667062,0.01712553503591041,0.010278748990012382,0.02077705634361815,-0.10034578776119041,-0.36455135570611574,-43.90492008309384
0.6182297728466145,0.605298172183586,0.2885567086727398,0.2907591862302098,0.05059316748408094,0.044320294558879876,0.31236293586000013,0.31099227354501413,-8.762040297721125,-9.243301443593136,-15.603243205267804,-16.334188057898665,5.004915124411399,5.3436134554241725,0.008805288527285127,0.008805288527285127,-1.5978619892295176,0.7609735876352272,0.004331485579962423,-0.016521932143147497,0.02205503028568916,-0.03898767665220086,63.519703375597075,23.44992399106931,516.0543367020597,3.30495234744787,188.0480683126519,DESCENDING,15,20,False,p03315,80.52619809421635,22.306723320158092,-0.012931600663028564,0.002202477557469995,-0.006272872925201067,-0.0013706623149860042,-0.4812611458720113,-0.7309448526308611,-40.06977938452776
0.7753509423790407,0.7419166727710349,0.42793194346941155,0.42283177658584953,0.22189227215386365,0.21550266993276973,0.5347600295742619,0.5333263475994658,-9.45213847034786,-9.426463443041964,-15.708784317171,-15.520697783103524,4.448743125983311,4.294967548280019,0.011269886436813037,0.011269886436813037,-1.5248807220915563,0.8452134392168255,0.0024159186591541882,-0.01797839046916068,0.02104038446452308,-0.041053665974406205,87.18320409645766,31.163277585284145,769.1432696152924,12.067231864352552,168.81159721666802,DESCENDING,15,20,False,p02340,80.68152825124358,22.249231404958664,-0.03343426960800577,-0.005100166883562018,-0.006389602221093915,-0.0014336819747960972,0.02567502730589588,0.18808653406747666,-56.01992651117351
0.6853295287599791,0.6515576508244676,0.3256060927815264,0.33019568935140836,0.15098496245162898,0.14987058683371815,0.4163335938772671,0.4241524037595194,-9.124088622190648,-9.89495181440778,-16.39961530493001,-16.877814932060993,5.731263137747191,5.357927285155115,0.013712117549450453,0.013712117549450453,-1.4019763450473681,0.8833974264239658,-3.9582795930310946e-05,-0.018385449574561508,0.01830914707073696,-0.042740389393796256,61.94377013913261,23.896264605882937,668.7143798306369,6.841121270065721,224.91865248340923,DESCENDING,15,20,False,p05572,80.88035085223842,22.433205533596833,-0.03377187793551151,0.0045895965698819485,-0.0011143756179108344,0.007818809882252309,-0.7708631922171314,-0.47819962713098363,-38.04750553324968
0.6364788378754948,0.6236901965308481,0.28808936698650034,0.29591945778690987,0.08344726962949578,0.10262653976162163,0.33682222377868654,0.37474565577171376,-9.817373930004768,-10.187075506689673,-16.523644702688873,-16.860719588484876,5.043270766516385,4.986541086643547,0.010772459564522552,0.010772459564522552,-1.52599086907109,1.02870341953141,0.0009283576774816363,-0.021262528188072848,0.030546525242998793,-0.04861990169287738,74.53353426944624,25.232435613489237,762.0064864951328,9.057514656599663,211.83726975341713,DESCENDING,15,20,False,p02786,80.96733574017367,22.272228171038435,-0.012788641344646634,0.007830090800409528,0.01917927013212585,0.03792343199302722,-0.3697015766849052,-0.3370748857960031,-49.301098655957
0.6340462705719184,0.6310419325806249,0.3034046836323043,0.31342436095044135,0.07206985765534302,0.08842258165808765,0.342817661296859,0.3749633603123204,-8.570297043349722,-8.909213474250565,-15.624855837594653,-16.049365423877486,5.240750371528454,5.383547328136234,0.01222711223448969,0.01222711223448969,-1.5207584433745294,0.6650460019447648,0.0029189574363630262,-0.016302079151325817,0.02038814378243457,-0.038858400556649735,64.88558922380074,23.05279621881981,498.83832474123795,3.183702993246215,177.30141869480082,DESCENDING,15,20,False,p04404,80.45785282512438,22.369964426877463,-0.0030043379912935153,0.010019677318137077,0.016352724002744637,0.03214569901546144,-0.3389164309008432,-0.42450958628283253,-41.83279300498093
0.7398594014066631,0.6809971697879096,0.36615700225845327,0.34421974870230393,0.17268169131806274,0.12707356202396797,0.4707263993089936,0.4255489709804422,-9.941114336459325,-10.46250074516015,-16.798768098952294,-16.936287619107194,5.151841110361649,4.750320019155065,0.011051962706781437,0.011051962706781437,-1.5615136613311429,0.9720283737891368,0.000917732391098037,-0.020574755166523618,0.02978703754536869,-0.04866589156387399,74.29403029228457,26.624217503473645,733.5579032815475,7.932190993626583,248.9951536291522,DESCENDING,15,20,False,p04692,81.0046149778602,22.38146280991735,-0.05886223161875348,-0.02193725355614934,-0.045608129294094774,-0.04517742832855143,-0.5213864087008258,-0.13751952015489977,-47.66981278881093
0.4897773623739487,0.4746600386201277,0.24834011738757544,0.2404248721990395,-0.04998347110797106,-0.06352837794433253,0.1697598277591502,0.15414605468693313,-9.758809829407458,-10.831769635924205,-16.32294692117366,-17.934847606902192,4.705554463272127,5.381587359409669,0.011203119619669244,0.011203119619669244,-1.5563449484405285,0.7222038330207247,0.003682344599990893,-0.015722497719661513,0.021998110976196625,-0.03800571422551453,55.664532644003366,22.142620226364905,532.1854214013637,3.0813034153836294,154.04312441983288,DESCENDING,15,20,False,p01401,80.43921320628111,22.19748868127918,-0.015117323753821021,-0.007915245188535952,-0.013544906836361469,-0.015613773072217063,-1.0729598065167476,-1.611900685728532,-33.52191241763846
0.5861758475456151,0.5567834811271335,0.29414067202721794,0.2933071643890785,0.03348142510040942,0.05308133923190899,0.2801608724858296,0.3103930751393522,-10.779044050368174,-11.568094713348703,-17.805489275330352,-18.930162883793223,5.403714508167737,5.937131158171479,0.013014876883035154,0.013014876883035154,-1.575820208305786,0.8688457004993398,0.002114103500072505,-0.01799057623503664,0.021967037237647365,-0.04144635985819786,67.31500575572963,25.240618386477838,569.4218766350325,4.746814453486593,189.56481772153924,DESCENDING,15,20,False,p00741,80.68774145752467,22.15724434063958,-0.02939236641848164,-0.0008335076381394413,0.01959991413149957,0.03023220265352261,-0.7890506629805287,-1.1246736084628708,-42.074387369251795
0.6917746152404959,0.657210033345861,0.3225854310050952,0.3137169397583007,0.12289482335983959,0.10557571210612568,0.41134305641458613,0.38612270112771,-9.638389245902802,-10.127177820049312,-16.344131655944565,-16.800843889270734,5.042344507264729,4.989397110812167,0.013478543533405829,0.013478543533405829,-1.5247336725406286,1.0590249156935276,0.001060406242677384,-0.02167041213927623,0.03434932207090477,-0.04967740985738449,70.85087865765078,25.227958271973325,848.5644347012089,6.89034059542192,241.90140574619755,DESCENDING,15,20,False,p01890,80.99218856529802,22.22048544735895,-0.03456458189463485,-0.008868491246794508,-0.01731911125371391,-0.025220355286876106,-0.48878857414650945,-0.4567122333261686,-45.62292038567746
0.6658293494787367,0.6870857742617598,0.3154213148553922,0.3329892829850906,0.11348337163736467,0.13200617043367602,0.401029257067994,0.43611973694503636,-8.586608738972815,-8.830281825346844,-15.452352152675644,-15.751309252009046,5.017164398270931,5.0908850352318975,0.008613824385877877,0.008613824385877877,-1.5456798576358954,0.7651719616708215,0.003779735954801686,-0.016776633025424204,0.021090070005476812,-0.03938450320830884,69.31318540081958,24.969032866965037,599.7684292617041,6.027062011078864,201.1057396226112,DESCENDING,15,20,False,p04021,80.56347733190289,22.34696766079769,0.02125642478302303,0.017567968129698408,0.018522798796311343,0.035090479877042335,-0.24367308637402907,-0.29895709933340164,-44.34415253385454
0.676404515255119,0.6725310287229713,0.31875697084533566,0.3306929199926362,0.12924952523970243,0.14961867413810162,0.3943412141212925,0.433993244587991,-8.627061449086957,-9.192132241444247,-15.504317947274123,-15.975691260079435,5.170583605426057,5.088123253756283,0.010507632171154913,0.010507632171154913,-1.452010930221452,0.9034203587842607,-0.00011555590926032613,-0.019385904803639553,0.021124721331953242,-0.045529808119096855,64.34653851321843,23.30381246745314,709.8122352414596,8.04053902840609,155.65948654826815,DESCENDING,15,20,False,p04474,80.8927772648006,22.369964426877463,-0.0038734865321476963,0.011935949147300562,0.020369148898399192,0.03965203046669846,-0.5650707923572895,-0.47137331280531214,-41.04272604576529
0.618894450466928,0.6117366674860382,0.2911963482443118,0.305536321553554,0.06300908640710222,0.08412389429047419,0.3070030102451912,0.336873858510626,-9.199875791292929,-10.19821642540749,-16.61118584853473,-17.578879030225124,5.892173042789231,5.9432500287689995,0.013712117549450453,0.013712117549450453,-1.412360691148163,0.8810312367847218,-6.389122110494464e-05,-0.018583715705525916,0.018867539288699057,-0.0433507339340929,61.792584755253344,23.53305490862378,652.0267823613539,4.369368073699431,188.84245387792947,DESCENDING,15,20,False,p05372,80.88035085223842,22.421707150556948,-0.007157782980889871,0.014339973309242193,0.021114807883371972,0.02987084826543479,-0.9983406341145606,-0.9676931816903931,-38.25952984662956
0.5101949357565506,0.4830494567615845,0.25704839655737893,0.24555757544760728,-0.03315257086669631,-0.052207785607796306,0.19080085694046012,0.16853164175793112,-9.052106278074048,-9.829592655562344,-15.995234043273015,-16.999298368793244,5.1399013131541444,5.426419468364643,0.009041673275095752,0.009041673275095752,-1.6020961581467426,0.7330099957190475,0.004222357324436833,-0.01625233328267495,0.02191656919838742,-0.03883086504513504,60.395367770299444,22.54138603219151,482.2853875618752,3.276982990939697,154.8588895730541,DESCENDING,15,20,False,p03309,80.48891885652982,22.306723320158092,-0.02714547899496611,-0.011490821109771648,-0.019055214741099995,-0.022269215182529,-0.7774863774882963,-1.004064325520229,-37.85398173810793
0.6859232793368667,0.6582855295666215,0.35023603722339036,0.35883396281599456,0.14180961127698424,0.14738031437279728,0.41658173983261687,0.4280304139915649,-8.67936839762624,-9.126562774807292,-15.271089546039079,-15.710213535054146,4.772258496521739,4.862676890334522,0.013450157393421813,0.013450157393421813,-1.5262924265279505,0.8541923963645259,0.0021329692886451193,-0.0181266061569354,0.0209353547381044,-0.0413463086577444,87.08969343317686,31.04100858838889,836.1537138101569,6.906662612230525,98.21304994958626,DESCENDING,15,20,False,p02042,80.69395466380575,22.231983830398836,-0.027637749770245246,0.008597925592604194,0.005570703095813034,0.011448674158948013,-0.44719437718105226,-0.43912398901506755,-56.04868484478797
0.6981606222188808,0.6901518472292605,0.33759316761446484,0.3448937757197185,0.1255310171905886,0.12857252962839788,0.4142000724971635,0.4252265596476753,-8.763310513188976,-9.051333702268035,-15.101103293347478,-15.380708134404244,4.525913299520543,4.561531182534104,0.01335726333233489,0.01335726333233489,-1.5187983881271419,1.0275343405724233,-0.00010910361111565408,-0.020035255284290673,0.024112249620844153,-0.045973539685576,75.19839943750809,26.294827506313588,846.4578278521155,4.277688359318066,155.43889783073473,DESCENDING,15,20,False,p00366,80.84307161455189,22.134247574559808,-0.008008774989620271,0.007300608105253681,0.003041512437809285,0.011026487150511799,-0.288023189079059,-0.2796048410567664,-48.9035719311945
0.7166207888173328,0.7366252910744995,0.33126433155676305,0.3716912155621409,0.14338381314577778,0.23167177551860826,0.4397383197599613,0.5409536020547858,-8.307812389041553,-8.567998183809996,-14.985966902856285,-15.10535083473056,4.908759324044491,4.794945986910779,0.013459003241258594,0.013459003241258594,-1.4998845586463387,1.0303289727404144,-5.422701045390563e-05,-0.020100766551005598,0.022663002549153655,-0.045940160159479174,72.06964235410202,25.954467497602863,792.4325857984377,7.635028492764754,185.64898674606223,DESCENDING,15,20,False,p01466,80.84307161455189,22.19748868127918,0.020004502257166656,0.04042688400537786,0.08828796237283049,0.10121528229482452,-0.26018579476844295,-0.11938393187427465,-46.11517485649915
0.5981843776580484,0.5926510554774526,0.2993678121170569,0.29736449588076974,0.06590384955682352,0.07001837113432978,0.3180551618417697,0.33986569855482657,-8.962322141298465,-9.223806821286486,-16.07409232248745,-16.41962418170365,5.330387772691563,5.461679835653275,0.013573615646501058,0.013573615646501058,-1.4980421644238513,0.6765038811123075,0.00263246514452898,-0.016504819799770618,0.019465303451329574,-0.039372031568386374,66.2712309094626,22.864530584711915,531.3288440676602,4.701892402266059,221.12059142593094,DESCENDING,15,20,False,p05511,80.501345269092,22.433205533596833,-0.005533322180595879,-0.0020033162362871337,0.004114521577506261,0.021810536713056883,-0.26148467998802083,-0.34553185921620155,-43.40670032475069
0.7269459290956259,0.6973899141868672,0.33182269442518647,0.31867344638926526,0.17674567824720988,0.13752739777645567,0.48919406142342664,0.45043914395172246,-8.75734063190177,-9.239484077589676,-15.719650547627944,-16.033224818402207,5.312285896456307,5.154605386530757,0.010642751917037785,0.010642751917037785,-1.5107237209875666,1.0775989863475204,0.0005613119876245565,-0.021463491554039565,0.033085450047752464,-0.049606907293484444,67.16280622281802,24.543836534350188,731.8845162632864,7.614235177359465,193.27970930977096,DESCENDING,15,20,False,p01286,80.96733574017367,22.185990298239293,-0.0295560149087587,-0.013149248035921213,-0.03921828047075421,-0.038754917471704176,-0.4821434456879068,-0.3135742707742626,-42.61896968846783
0.5612874110285528,0.5440211841449908,0.2782826067457312,0.2769278662468358,0.04651732859417443,0.045218917295640586,0.2707127518321277,0.275876959203748,-10.589718759959663,-11.1166155049683,-17.50600667350318,-18.173543302869852,5.267032881113334,5.540714102622971,0.013095752303477037,0.013095752303477037,-1.4871084380454886,0.8680919120443573,0.0014787287582748497,-0.018536239532679574,0.020463580296222708,-0.04223870366811775,80.98793391876569,28.49293353220099,713.4548872481176,5.703445351934657,254.1626842867314,DESCENDING,15,20,False,p02647,80.7250206952112,22.266478979518492,-0.017266226883562052,-0.0013547404988953904,-0.0012984112985338428,0.005164207371620322,-0.5268967450086368,-0.6675366293666727,-52.4950003865647
0.7800816420665533,0.7648353430223865,0.40666440731017306,0.42967417496664634,0.23824450268658048,0.26247173197000745,0.5363092662336157,0.5719684267728539,-9.150631928107316,-9.105458156941447,-15.54634052605119,-15.490777476013848,4.576154401242185,4.623781271870274,0.011414465070067714,0.011414465070067714,-1.5648733433683448,0.846436521118435,0.003194192731522199,-0.017552213235255163,0.02206657546226458,-0.04061173836779556,78.7535404710055,29.39466716166606,835.7018646955777,8.988696632988553,184.30747078163617,DESCENDING,15,20,False,p02034,80.64424901355704,22.231983830398836,-0.015246299044166745,0.02300976765647328,0.024227229283426965,0.03565916053923812,0.04517377116586907,0.05556305003734252,-49.35887330933943
0.6615512112006569,0.6437436126013927,0.29218083765073494,0.2843102351952972,0.10986941516189605,0.09062687782810551,0.41267161520665496,0.3936359794628431,-9.233096208781618,-9.72390359140131,-16.284197317283684,-16.84767419526954,5.460909942612267,5.532519718112071,0.0094318491021812,0.0094318491021812,-1.5145054760628667,1.0711037266642416,0.0005521064126495727,-0.02149154437499088,0.03435443199439197,-0.04999949931051757,65.47700041614466,23.904017514640536,722.5624029042201,9.679714729580708,193.0840597908768,DESCENDING,15,20,False,p01087,80.97354894645476,22.174491915199408,-0.017807598599264174,-0.007870602455437747,-0.01924253733379054,-0.01903563574381184,-0.4908073826196926,-0.5634768779858561,-41.572982901504126
0.658113772223585,0.6186568889600951,0.3464116623394737,0.3268095906771085,0.11742442494952603,0.08794745736170609,0.3965637811068997,0.37253252273467274,-9.217276869916772,-9.494776341612237,-15.922933588440229,-15.992297257882125,4.865690353822123,4.613402247843738,0.012253923211028028,0.012253923211028028,-1.4999797663392218,0.6485528882193603,0.0026084158570943163,-0.01636310642192482,0.02001533728348205,-0.03883756004771657,67.01071989775137,22.972847454751996,537.5312306641484,5.220466872915742,188.09217726706558,DESCENDING,15,20,False,p04904,80.45785282512438,22.398710384477177,-0.03945688326348995,-0.01960207166236516,-0.02947696758781994,-0.02403125837222697,-0.2774994716954655,-0.06936366944189665,-44.03787244299937
0.6062604481198828,0.5953335415850091,0.304120891668561,0.30545316689879565,0.05182499577597127,0.05150070675720374,0.308905130672916,0.32646019765291046,-9.022652765004583,-9.413801709948277,-15.788217848315599,-16.073293828638946,4.953428075101107,4.7819230272474424,0.011607006534476993,0.011607006534476993,-1.524748115715544,0.6744913446112268,0.003052183910486617,-0.016360075247603696,0.020359407284623827,-0.03893103597658666,67.69873270675212,23.623397529995355,590.1751254835524,3.329430288692096,103.94995843856903,DESCENDING,15,20,False,p04707,80.47649244396764,22.38721200143729,-0.010926906534873715,0.0013322752302346585,-0.0003242890187675346,0.017555066979994483,-0.39114894494369423,-0.2850759803233469,-44.07533517675677
0.6962619008280755,0.6823632772257475,0.30519674787113443,0.3064719112678926,0.13231357486195724,0.11587910752994666,0.417138777795347,0.40961057360194014,-9.255097557650348,-9.770663886302618,-16.097737133630634,-16.355897412020745,5.2178610847655955,4.874697030318327,0.01253469187639511,0.01253469187639511,-1.536882644597042,1.031302914929888,0.0011937866694483146,-0.02145858850221515,0.032192002117234,-0.0489017928246049,75.03966031214001,25.351237574486674,745.0016636140418,7.382887170176518,213.61424149597298,DESCENDING,15,20,False,p02789,80.98597535901693,22.272228171038435,-0.013898623602327964,0.00127516339675815,-0.01643446733201058,-0.007528204193406884,-0.5155663286522696,-0.25816027839011113,-49.68842273765334
0.6363564930015534,0.6448152728460255,0.27233045663434635,0.3019575297719447,0.0724967373652709,0.16054243949531027,0.3268753626242548,0.4293802107939478,-8.423838664160666,-8.72513384579464,-15.408149435901278,-15.879013179921081,5.302787079711479,5.631224996116373,0.013360827953121768,0.013360827953121768,-1.5414022102587326,1.0035853899419012,0.0012490201993988026,-0.021905355615661065,0.04136084912364507,-0.051167127512648625,68.36676818959036,25.117931662249745,864.847074735732,10.533817455780893,152.40604294305658,DESCENDING,15,20,False,p00796,81.02946780298456,22.15724434063958,0.008458779844472075,0.029627073137598325,0.08804570213003937,0.10250484816969296,-0.3012951816339733,-0.4708637440198036,-43.248836527340615
