ndvi_before,ndvi_after,evi_before,evi_after,ndmi_before,ndmi_after,nbr_before,nbr_after,vv_before,vv_after,vh_before,vh_after,vv_vh_ratio_before,vv_vh_ratio_after,masked_frac_before,masked_frac_after,era5_temp_anomaly_before,era5_temp_anomaly_after,era5_precip_anomaly_before,era5_precip_anomaly_after,era5_sm_anomaly_before,era5_sm_anomaly_after,chirps_rainfall_before,chirps_rainfall_after,elevation_m,slope_deg,aspect_deg,s1_orbit_pass,s1_n_before,s1_n_after,fire_detected,patch_id,lon,lat,ndvi_change,evi_change,ndmi_change,nbr_change,vv_change,vh_change,chirps_rainfall_change,candidate_class
0.6707149492759072,0.645210829549473,0.3197479466474746,0.3248318067228742,0.1567808395444597,0.1740487696516576,0.4250741834682356,0.447543315879163,-8.963443730607048,-9.791331560217044,-16.27530140775432,-16.893694098477194,5.671186113530362,5.459911931156646,0.0105381990962544,0.0105381990962544,-1.4412322335946095,0.9052690635657682,-2.685382502178353e-05,-0.0193185879805738,0.0207800120273114,-0.0450054516957861,63.56159391542422,22.98002938175724,669.058374798035,4.234351261625518,180.5383069540122,DESCENDING,15,20,False,p04370,80.86792443967624,22.36421523535752,-0.0255041197264342,0.0050838600753995,0.0172679301071979,0.0224691324109274,-0.8278878296099954,-0.6183926907228745,-40.58156453366698,stable
0.6319437489356704,0.6036445774311471,0.2950812708093837,0.2959092461792901,0.0700696445580488,0.0770370843860215,0.3361171967661548,0.3359237275821726,-9.060527046788572,-9.796151634126876,-15.521577421678224,-16.422843035121815,4.658003959657778,4.883025853623934,0.0125463408594208,0.0125463408594208,-1.509299301993876,1.0352940955124068,-0.0001077897535891,-0.0201301565017761,0.0237981805806061,-0.0461422611412844,76.23310193101021,26.892972746287302,810.0774440966194,5.665348310288782,154.9044458499795,DESCENDING,15,20,False,p00867,80.84928482083298,22.16299353215952,-0.0282991715045233,0.0008279753699064,0.0069674398279726,-0.0001934691839822,-0.7356245873383038,-0.9012656134435916,-49.34012918472291,stable
0.7254865049858319,0.7074671668753011,0.3458562757591227,0.3616275038883981,0.1440452693946136,0.1705784216152073,0.4287948284564917,0.4625680282089333,-8.726318136547103,-9.279536814352966,-15.271378353376257,-15.691641084206015,4.745575704170187,4.626118217388136,0.0094824048599745,0.0094824048599745,-1.516867428443497,1.0083616901813452,-2.3151722044444097e-05,-0.0198538992974431,0.0227243818584642,-0.0454090774401612,77.56393157411539,27.472729933327255,800.8288959687493,4.818665748775249,164.38627485511194,DESCENDING,15,20,False,p00863,80.82443199570862,22.16299353215952,-0.0180193381105308,0.0157712281292754,0.0265331522205936,0.0337731997524415,-0.5532186778058623,-0.4202627308297604,-50.09120164078813,stable
0.6311797395828561,0.613301744670371,0.3043018482891828,0.3028910486375649,0.0650098612468351,0.0493381496246025,0.3281030986764626,0.3220644956042697,-9.494093203878128,-9.699316994203183,-16.202887350320513,-16.411455736729376,4.860931215563739,4.8689007323781315,0.0117850590546476,0.0117850590546476,-1.5636683402892926,0.7803756520324947,0.0040608831832111,-0.0168270240474613,0.0216976461367165,-0.0394157098626169,67.96484280547888,24.60497782195508,616.4529110341904,5.758099973619624,218.09237926982323,DESCENDING,15,20,False,p03622,80.56969053818398,22.32397089471792,-0.017877994912485,-0.0014107996516178,-0.0156717116222325,-0.0060386030721928,-0.2052237903250553,-0.2085683864088636,-43.3598649835238,stable
0.5675828951454902,0.5604757694989198,0.3024602890398887,0.3013189872186101,0.0152166016794987,0.0101501779727941,0.2391811649722907,0.2543291016305314,-9.94751799571657,-11.082894293145326,-16.59948537154405,-17.503960877511453,4.891073633846402,4.722268738488811,0.0129392674311132,0.0129392674311132,-1.436517403123889,0.9076463783395958,7.943498696840942e-05,-0.0193140572489779,0.0205315117108537,-0.044651693231434,62.16728624579025,22.396605705235107,674.5451013000295,6.255352831123971,206.42063898172293,DESCENDING,15,20,False,p03865,80.8368584082708,22.33546927775781,-0.0071071256465704,-0.0011413018212785,-0.0050664237067045,0.0151479366582407,-1.1353762974287562,-0.9044755059674046,-39.77068054055515,stable
0.7573899456582013,0.7378653975525135,0.3507692495482211,0.3427730379740851,0.1908175890288436,0.1744956876996325,0.498765281509116,0.4894872107633874,-8.775529321752245,-9.179750275136922,-15.512082950730962,-15.69652813917657,4.974944375190856,4.773991036011296,0.011436162572716,0.011436162572716,-1.5560680161467728,0.8404230088084746,0.003212926306072,-0.0175580607740298,0.0219106110151642,-0.0405484689935718,82.66998100280763,30.27316701172912,659.4565904309347,6.438183461726142,195.2741446478998,DESCENDING,15,20,False,p02334,80.64424901355704,22.249231404958664,-0.0195245481056878,-0.0079962115741359,-0.0163219013292111,-0.0092780707457286,-0.4042209533846765,-0.1844451884456077,-52.39681399107851,stable
0.7483118315448533,0.7332553023581114,0.41348667376302,0.4161469428260355,0.2174045369877577,0.234282159231931,0.5250347594476975,0.5488289808264267,-10.422465808329836,-10.35335237191353,-16.82560878381164,-16.66054999281006,4.6561786629801745,4.572686433831116,0.0094872901205458,0.0094872901205458,-1.549658135029392,0.9253682213682216,0.001039768361256,-0.0187854378034744,0.0216394899230925,-0.0430773931675809,80.62582270173722,28.52173668260444,730.6259654402407,13.751022466244606,271.7613631816108,DESCENDING,15,20,False,p00850,80.74366031405447,22.16299353215952,-0.0150565291867418,0.0026602690630154,0.0168776222441732,0.0237942213787292,0.0691134364163055,0.1650587910015772,-52.10408601913278,stable
0.7255682920320571,0.6928679750758746,0.3342980242301014,0.3441862210298531,0.1654206031986278,0.218180194364377,0.4725382658679122,0.5315276033900189,-8.998618298465177,-9.321921900718529,-15.734287912452825,-15.976293429776296,4.965629443669961,4.8924739474698375,0.0094743985351039,0.0094743985351039,-1.562349851428502,0.8953258135883481,0.001545766893969,-0.018393985244497,0.0216988931585805,-0.0422367280110261,73.52921691847459,26.826581881730608,595.8082872349855,4.902182927909436,208.47902827096993,DESCENDING,15,20,False,p00745,80.71259428264902,22.15724434063958,-0.0327003169561824,0.0098881967997516,0.0527595911657491,0.0589893375221066,-0.3233036022533522,-0.2420055173234718,-46.702635036743985,stable
0.7262224648027774,0.7018337253737666,0.3594720359409445,0.3693818315413317,0.1858694849611886,0.1975302417510806,0.4742382833236261,0.5050390096323909,-9.615172294911847,-9.567091591189422,-16.114628025004492,-16.058912736270067,4.723860861207015,4.70002388251202,0.0089768747032293,0.0089768747032293,-1.5825057537251146,0.8505924538485633,0.0034422075933149,-0.0174003810041485,0.0225076293487162,-0.0404872944079908,73.53452021461082,27.936007083878874,671.939017657836,13.400169617640229,216.8103002712282,DESCENDING,15,20,False,p01832,80.63182260099487,22.22048544735895,-0.0243887394290107,0.0099097956003871,0.011660756789892,0.0308007263087647,0.0480807037224266,0.0557152887344258,-45.598513130731945,stable
0.6993334275608389,0.692208386234546,0.3267086649163561,0.3395167686082114,0.152707535731042,0.1886385055710232,0.4203615323553423,0.470415481778712,-7.617469001870925,-7.923273767915242,-14.524288164613514,-14.973083435606968,5.204134742818353,5.390060336648307,0.0128365207361137,0.0128365207361137,-1.4643947146645149,0.8935512324883385,-6.998964743896476e-05,-0.0193171592681363,0.0217215468014561,-0.0457940530025233,62.89646882828467,23.523586876188254,709.8764466662373,9.031545361023593,105.15015591847222,DESCENDING,15,20,False,p04977,80.91141688364387,22.398710384477177,-0.0071250413262929,0.0128081036918553,0.0359309698399811,0.0500539494233697,-0.3058047660443161,-0.4487952709934539,-39.372881952096414,stable
0.7766127048541219,0.7476078795080128,0.3670823702456341,0.3659684292191025,0.2268059724765555,0.2099132577056443,0.5353364619717844,0.5180080737357149,-8.338013633637846,-8.777478005565547,-15.368753652247491,-15.39824510651865,5.414803821330177,4.901612253399857,0.0129601474136579,0.0129601474136579,-1.5327191296120957,1.045596340770106,0.0012427939995908,-0.0217028104101718,0.0348336850979237,-0.0496224561864605,72.50595814735375,25.390223840164808,837.5771424457446,8.79789455159228,139.71404458878956,DESCENDING,15,20,False,p02091,80.99840177157911,22.231983830398836,-0.0290048253461091,-0.0011139410265316,-0.0168927147709112,-0.0173283882360695,-0.4394643719277002,-0.0294914542711559,-47.115734307188944,stable
0.6419068102818941,0.6135373123447606,0.2932145405778741,0.2813811166900777,0.1358809319069673,0.1116517342694623,0.4160396456813655,0.3994349856029812,-9.089775422781155,-9.29700819340724,-15.830478025527166,-16.24800834191722,4.9906754809228495,5.246247276419927,0.0131359411998412,0.0131359411998412,-1.6058347422535688,0.8384963320932067,0.0035970842170209,-0.0170855981553484,0.0234936542298917,-0.0403413255020082,56.892596396057456,22.792224298883404,541.3359429408513,5.510170264883166,158.21174643580443,DESCENDING,15,20,False,p00929,80.6131829821516,22.168742723679465,-0.0283694979371335,-0.0118334238877964,-0.024229197637505,-0.0166046600783842,-0.2072327706260814,-0.4175303163900548,-34.10037209717405,stable
0.6759579342310702,0.6616913493738665,0.3157775349345105,0.3371366903981548,0.1083246948191009,0.1266605499186733,0.383015656524642,0.4148601492976066,-9.106313742698006,-9.353671023668726,-15.742349986145728,-15.948117369597922,4.780102473330962,4.7079869917815635,0.0133732904340317,0.0133732904340317,-1.5709863112311953,0.7893635562702206,0.0041910303649262,-0.016875458349558,0.0220051643877438,-0.0394600118900929,67.03776408851583,24.378786478381965,622.7408781892345,5.7405182756138515,220.74294169399343,DESCENDING,15,20,False,p03323,80.57590374446507,22.306723320158092,-0.0142665848572036,0.0213591554636443,0.0183358550995724,0.0318444927729645,-0.2473572809707196,-0.2057673834521942,-42.65897761013386,stable
0.7794521448846553,0.7565394558149613,0.3526764756334192,0.3598968038550597,0.2188816339605216,0.2218742818377751,0.5272124786949518,0.5344125825902364,-8.419714303686783,-8.805329534637206,-15.22141288464348,-15.456793350480662,5.110906856958543,4.868315658854534,0.0102531547849767,0.0102531547849767,-1.495639587805981,1.0819529591580503,-0.0002357043171344,-0.0206143744720221,0.0255838263289334,-0.0474170759891419,72.21957581620237,25.81222076938577,793.3591128825711,6.176639134332179,165.66461774875145,DESCENDING,15,20,False,p00974,80.8927772648006,22.168742723679465,-0.022912689069694,0.0072203282216404,0.0029926478772535,0.0072001038952845,-0.3856152309504228,-0.2353804658371832,-46.40735504681659,stable
0.5994052842979024,0.5641569819485853,0.3163777602510563,0.3005369854184406,0.1073890358344517,0.0928505887153842,0.3437140933023234,0.3314321165460007,-11.14514293500302,-11.364854332394358,-17.991884448651827,-18.548523750091626,5.183640577355872,5.678014072487073,0.013095752303477,0.013095752303477,-1.4871084380454886,0.8680919120443573,0.0014787287582748,-0.0185362395326795,0.0204635802962227,-0.0422387036681177,81.11961651065924,28.513046386685684,741.530251458459,10.03761013880507,258.19784349225506,DESCENDING,15,20,False,p02547,80.7250206952112,22.26072978799855,-0.035248302349317,-0.0158407748326157,-0.0145384471190675,-0.0122819767563227,-0.2197113973913378,-0.5566393014397946,-52.606570123973555,stable
0.643540987281207,0.6311402140797577,0.3097607676566571,0.2974918459410492,0.0762503343684527,0.0504106912715366,0.3510278755092105,0.3340660741102232,-9.073743842387977,-9.559240560857775,-15.794643594503588,-16.196664460027353,4.930956574372776,4.885694326297702,0.0121502023153299,0.0121502023153299,-1.4725812772880955,0.791649940538064,0.0028557813418912,-0.0171824739494437,0.0195192332442502,-0.0397964863607899,65.89252890679089,23.70826192559117,591.1840546697043,7.764840346880873,183.62231546976787,DESCENDING,15,20,False,p04831,80.62560939471378,22.39296119295723,-0.0124007732014492,-0.0122689217156079,-0.025839643096916,-0.0169618013989873,-0.4854967184697987,-0.4020208655237649,-42.18426698119971,stable
0.7035558477264447,0.6902353736210568,0.3160856864672204,0.327086670148083,0.1566863108481623,0.1704366293660336,0.4593631601328652,0.4742202303680749,-8.384884345414186,-9.091407776739798,-15.70259591847834,-16.300106525688857,5.787722628438723,5.6164347125490774,0.0109089065957277,0.0109089065957277,-1.513499662397571,0.9367635497232538,0.0003273222692964,-0.0197005300673042,0.0248797391474133,-0.046945366117482,62.09699669036692,23.530494398613502,653.6446301579006,4.611450841737312,156.7856884567479,DESCENDING,15,20,False,p05286,80.96733574017367,22.415957959037005,-0.0133204741053879,0.0110009836808626,0.0137503185178713,0.0148570702352097,-0.7065234313256123,-0.5975106072105181,-38.56650229175342,stable
0.739719805243429,0.7143800252738967,0.3591134505926913,0.3642565321067959,0.1769722524715176,0.1782209220208673,0.4787931853269143,0.4856072412674326,-9.881783141072376,-10.119899135389309,-16.67160353721598,-16.673290276172168,5.049525503513435,4.80148949709765,0.0090039522687432,0.0090039522687432,-1.5406425104511965,0.8505837983822039,0.0025315002314895,-0.0179093929407369,0.0213449496168834,-0.0410554427065878,85.08306589771668,30.730663387823363,707.8130685591299,8.63948250618064,260.8457199548753,DESCENDING,15,20,False,p02139,80.67531504496249,22.23773302191878,-0.0253397799695322,0.0051430815141046,0.0012486695493496,0.0068140559405183,-0.2381159943169333,-0.001686738956188,-54.35240250989332,stable
0.7599436645005125,0.7350162894627619,0.3782674809567019,0.3717071124365565,0.2253696976609304,0.2221812701140945,0.5347297102437994,0.5376991390139217,-8.871365375314285,-9.042072110577312,-15.70648744908295,-15.789004219718008,5.072966847415723,4.992385305213821,0.0110051535887388,0.0110051535887388,-1.5563552198500383,0.8984445810611347,0.0014624776154922,-0.0184795053097165,0.0216526355730234,-0.0424300203283966,77.76759349329146,27.933123440886455,629.6373928151097,6.584414856566398,203.6291622965388,DESCENDING,15,20,False,p00946,80.71880748893011,22.168742723679465,-0.0249273750377506,-0.0065603685201454,-0.0031884275468358,0.0029694287701222,-0.1707067352630265,-0.082516770635058,-49.834470052404995,stable
0.59706603496056,0.5816199118341999,0.2925407814696787,0.2891464667855359,0.0463330001089931,0.0285359367794582,0.3069003826308961,0.3029724596663707,-9.125811841099743,-9.354991270052974,-15.767171625733685,-15.965662255405588,4.782951937607574,4.750890972023192,0.0134347434041776,0.0134347434041776,-1.467980298077612,0.7806919970807928,0.0027837737097983,-0.0170148398675131,0.0192108154797552,-0.0399314985485466,64.71918751502947,23.29429255569784,606.2861503791845,6.147957838209319,185.99721904792352,DESCENDING,15,20,False,p05129,80.6131829821516,22.410208767517062,-0.01544612312636,-0.0033943146841428,-0.0177970633295349,-0.0039279229645253,-0.2291794289532305,-0.1984906296719053,-41.42489495933164,stable
0.6706085264249952,0.6370592309432941,0.2990230544612853,0.3075237658950067,0.1073066178224748,0.1273965183710262,0.3570715468547707,0.3934951496308895,-9.609844968757312,-9.8147823984884,-16.386111805623177,-16.544094960429565,5.121906840534868,5.00174155552499,0.0108607429464621,0.0108607429464621,-1.548240879812436,0.9730382468770782,0.0010457583767311,-0.021846345128783,0.0434839232560117,-0.0515803783664958,69.34372505003013,25.718626402979694,851.5234823552022,10.218800297883568,205.41665265332583,DESCENDING,15,20,False,p00298,81.04189421554673,22.128498383039865,-0.0335492954817011,0.0085007114337213,0.0200899005485513,0.0364236027761187,-0.204937429731089,-0.1579831548063879,-43.62509864705043,stable
0.6719948559884901,0.6702185530531852,0.3279915299444554,0.3261429718192693,0.1193795063140759,0.1271848206819146,0.3949588623435468,0.4145735936695074,-7.827888824786153,-8.124733719530704,-14.439052824825604,-14.858463233391836,4.743665670134602,4.856412467033125,0.0119629006898697,0.0119629006898697,-1.549701119623886,0.7382956054185402,0.0036829229760979,-0.0165872376616253,0.0208936724683219,-0.0391492470848356,69.47645927215144,24.90534513623175,571.1847383101697,4.959181048688534,117.09872752264818,DESCENDING,15,20,False,p04316,80.53241130049744,22.36421523535752,-0.0017763029353048,-0.001848558125186,0.0078053143678386,0.0196147313259605,-0.2968448947445514,-0.4194104085662307,-44.57111413591969,stable
0.7440557682502597,0.7188122786273023,0.3614994925433998,0.3627996351713783,0.1960026903317636,0.1907521134353563,0.4971397324658537,0.4992938981030575,-8.57773861288327,-8.614112483666725,-15.169691696587652,-14.860371299310758,4.805064785640874,4.5012472689581635,0.0124944263199945,0.0124944263199945,-1.5204489119249316,1.032360359579131,-0.0001450176651404,-0.0200888978315708,0.0247192727586738,-0.0461921641564028,74.9484818236935,26.106595731937663,823.745838037812,9.127865728173203,180.8877971829181,DESCENDING,15,20,False,p00267,80.84928482083298,22.128498383039865,-0.0252434896229573,0.0013001426279785,-0.0052505768964072,0.0021541656372038,-0.0363738707834553,0.3093203972768936,-48.84188609175584,stable
0.56309969186783,0.5341912274168104,0.2842130711102231,0.285852198742386,0.0033585749693229,0.0457876931715346,0.2354046680036249,0.2868613048996389,-9.813269483210595,-10.612789683624069,-17.005360470658008,-17.831279202160804,5.4339946598911135,5.509874274191203,0.009026259829976,0.009026259829976,-1.6096011581541445,0.8149908291901977,0.0042797722956847,-0.0166442164521064,0.0232389772855205,-0.0393411800575257,58.44401162390071,23.006830195459113,550.022953168133,3.3476696739716547,205.99633811658472,DESCENDING,15,20,False,p01621,80.56347733190289,22.208987064319064,-0.0289084644510196,0.0016391276321628,0.0424291182022117,0.0514566368960139,-0.7995202004134718,-0.8259187315027958,-35.43718142844159,stable
0.7110007886702189,0.6815893912279907,0.3335781801777849,0.3449231192753479,0.1420048349403176,0.1484303043753853,0.4293573844342845,0.4540715508913059,-8.839854661981375,-9.051861944661756,-15.530949545598656,-15.626091149690849,4.89972689407498,4.819790989349538,0.0132312771124273,0.0132312771124273,-1.5959498900711495,0.8479537099849015,0.0038356127302298,-0.0171844233804551,0.0229340280439061,-0.0402110377206352,70.85500460901287,26.920006292627583,625.9009287427368,8.76203582983244,168.53369710431863,DESCENDING,15,20,False,p01929,80.6131829821516,22.226234638878893,-0.0294113974422282,0.0113449390975629,0.0064254694350676,0.0247141664570213,-0.2120072826803802,-0.0951416040921913,-43.93499831638528,stable
0.7076763427681967,0.7065005020735303,0.3283114622156214,0.3346803613281652,0.1605125697379456,0.1836744739731965,0.4489964795781692,0.4844817095877258,-8.615930656747977,-9.199797604613469,-16.0230784043081,-16.402037897819376,5.85660430089916,5.614500772244663,0.0130883765756454,0.0130883765756454,-1.5550946898345173,0.9931942927137556,0.0012027542878551,-0.0210476240083617,0.0310534025812885,-0.0486205055071178,78.304225959482,26.996229113888567,722.4528914256482,4.407269733160662,198.13786432602677,DESCENDING,15,20,False,p03991,80.99840177157911,22.34121846927775,-0.0011758406946663,0.0063688991125437,0.0231619042352509,0.0354852300095566,-0.5838669478654914,-0.3789594935112745,-51.30799684559343,stable
0.5712541658310364,0.5470122004171054,0.2815116217132892,0.2904759690372569,0.0388533447339255,0.0683480061041289,0.279461269790349,0.3200923874733629,-10.303555295214643,-10.894181773844457,-17.28124446021335,-18.16107431538981,5.313195371894174,5.731471531357268,0.012988537054022,0.012988537054022,-1.5793861641576965,0.868141579166326,0.0020726826841914,-0.01797056672015,0.0221013595391993,-0.0414292751412039,65.00598296386886,24.524837585210367,563.0231104209023,4.797345543619212,209.33463281087387,DESCENDING,15,20,False,p00641,80.68774145752467,22.151495149119636,-0.0242419654139309,0.0089643473239676,0.0294946613702034,0.0406311176830138,-0.5906264786298099,-0.8798298551764603,-40.481145378658496,stable
0.4888108481047498,0.4783224504125656,0.2575064693189385,0.2542506180085944,-0.0380323307037854,-0.0323989366927672,0.1642321354719767,0.1855158325880632,-10.091579072561355,-10.692280113879573,-17.364048373960408,-18.204059509511396,5.5802014154140105,5.929263710047824,0.0083009184316577,0.0083009184316577,-1.574020620632869,0.711892380315624,0.0037940797981179,-0.0162776512606603,0.0213380471920854,-0.03888489031062,65.61627481798804,23.8027988576366,499.1852293079182,4.906829666112317,193.9105555200204,DESCENDING,15,20,False,p03908,80.48270565024873,22.34121846927775,-0.0104883976921841,-0.0032558513103441,0.0056333940110181,0.0212836971160864,-0.6007010413182137,-0.8400111355509878,-41.81347596035144,stable
0.7059199634888419,0.6809230110145907,0.3509583947252635,0.3408102963060066,0.1551140917217054,0.1473742312036526,0.4465149379913181,0.4355131262715104,-8.95494573792843,-9.72294501523308,-15.723131039622327,-16.546972772349477,5.048875080015098,5.100324411550317,0.0116515058119605,0.0116515058119605,-1.5506257125694056,0.8081438107122951,0.0039522061517181,-0.0171682704304339,0.0218360868899693,-0.0398674777946682,70.09112998454704,25.201721322243067,604.1655313296715,6.07037212781187,150.662069020983,DESCENDING,15,20,False,p03428,80.60696977587051,22.312472511678035,-0.0249969524742511,-0.0101480984192569,-0.0077398605180528,-0.0110018117198076,-0.76799927730465,-0.8238417327271481,-44.88940866230397,stable
0.6384558694118779,0.6290397619513239,0.2922078574542934,0.3012735658790074,0.0985059328214889,0.1083160867769258,0.348101784606055,0.3798868053322488,-9.692942220234256,-9.982715404993666,-16.609232508460273,-16.642602042060282,5.173115873309601,4.943035079570407,0.0080736910989613,0.0080736910989613,-1.4498411343000863,0.8833611409722483,-0.0001310998169603,-0.0191585951181131,0.0207794338750068,-0.0452758787596829,62.52639850452,23.555730516240555,705.3037920069031,9.206818581313218,229.00146215184017,DESCENDING,15,20,False,p05075,80.89899047108169,22.40445957599712,-0.0094161074605539,0.0090657084247139,0.0098101539554368,0.0317850207261937,-0.2897731847594098,-0.033369533600009,-38.970667988279445,stable
0.7245500498861206,0.6988551774299127,0.3357216379806906,0.3227469716216841,0.1683531845047234,0.1454657416933085,0.4653376834212767,0.4441582824401012,-8.875756101284932,-9.454959928523866,-15.526189290148194,-16.12062270284281,4.8613926220201815,4.900990833707779,0.0134705401322599,0.0134705401322599,-1.5269378192209269,0.8299576959085897,0.0029820332582757,-0.0177042228034911,0.0213049744512328,-0.0405716103281991,82.44519019365963,29.551387289815743,622.4064935378284,4.774961999050983,156.56640313980333,DESCENDING,15,20,False,p02836,80.65667542611922,22.277977362558374,-0.0256948724562079,-0.0129746663590065,-0.0228874428114149,-0.0211794009811754,-0.5792038272389348,-0.5944334126946149,-52.89380290384389,stable
0.6214146047283686,0.6133751605898045,0.2871408313693063,0.2997540715351915,0.0690354833586418,0.0920397539217762,0.3049185956533774,0.3515197688563632,-8.740255073163304,-9.452564944597906,-15.808929161103933,-16.259205553459644,5.402540247585459,5.143856047518819,0.0105076321711549,0.0105076321711549,-1.4566417952813502,0.9156044558669688,-9.655312983569162e-05,-0.0195370309226845,0.0215200497528214,-0.0457891058711549,64.79022100130429,23.320864325560763,702.3115278570455,6.271231401172,137.902534504795,DESCENDING,15,20,False,p04374,80.8927772648006,22.36421523535752,-0.0080394441385641,0.0126132401658852,0.0230042705631343,0.0466011732029857,-0.7123098714346021,-0.4502763923557129,-41.469356675743526,stable
0.7389425141159586,0.7303675545109639,0.3412640705037128,0.3522482117402842,0.1571843334066254,0.1777501934782338,0.4653233013389945,0.4898500598104885,-9.199753427748924,-9.53972618775002,-15.944967626112865,-16.160624126341343,5.069465253322044,4.982241103131886,0.0127495171334127,0.0127495171334127,-1.5170177250197128,1.0625165280688924,0.0001942714512581,-0.0212776915802947,0.0346534362628852,-0.0502432382767005,63.088780505907586,22.631968553752117,774.477666559898,6.866367713004485,232.4445868033313,DESCENDING,15,20,False,p00385,80.96112253389258,22.134247574559808,-0.0085749596049946,0.0109841412365713,0.0205658600716084,0.0245267584714939,-0.3399727600010944,-0.2156565002284782,-40.45681195215547,stable
0.692344438189151,0.67783657112715,0.3147590226963638,0.321879593555594,0.1270593369209685,0.1382111293330827,0.4154480915559109,0.4351315845510404,-8.620933786347639,-9.48027800516794,-15.92594622950161,-16.569547224616855,5.71173820225453,5.489255524191201,0.0130560250283592,0.0130560250283592,-1.5540911536056503,1.0074674901457237,0.0014197265843762,-0.0213641156645836,0.032210769232073,-0.0487175972494652,76.95174400860861,25.972822987978866,698.7587973843665,4.719139207316096,190.40680608182657,DESCENDING,15,20,False,p03591,80.99840177157911,22.318221703197977,-0.014507867062001,0.0071205708592301,0.0111517924121141,0.0196834929951295,-0.8593442188203007,-0.6436009951152446,-50.978921020629755,stable
0.7213497052770875,0.7205329584086678,0.3371821893044516,0.3390252712709541,0.1626819312683696,0.1654033551630985,0.4626324314892477,0.4754216216971332,-9.14444767604251,-9.746882683264472,-15.935320437207825,-16.391944425289488,5.046421789804176,4.898296717591011,0.0092724795309527,0.0092724795309527,-1.4855475784109964,0.8181223606876747,0.0026566011328511,-0.017794478660984,0.0204118390058521,-0.0404573090490008,79.42953128596965,28.10686027252511,630.2392621849821,6.220856786490973,205.66256236407827,DESCENDING,15,20,False,p03538,80.6691018386814,22.318221703197977,-0.0008167468684197,0.0018430819665025,0.0027214238947288,0.0127891902078854,-0.6024350072219615,-0.4566239880816649,-51.322671013444534,stable
0.7133975665058564,0.6975286180803505,0.3380898169115389,0.3514490507722569,0.1557556512893146,0.1770407921645505,0.437777748969429,0.4770353495226084,-9.44096393200735,-9.41486723948938,-16.11790200500882,-16.001700031969268,4.932026355018573,4.816851347742217,0.0131628037348437,0.0131628037348437,-1.5781876117844675,0.8593034192916645,0.0030258040046514,-0.0176151239945124,0.0222339953444812,-0.0408364922626135,76.48936106320384,28.9452951241846,646.824501456421,11.143033193559743,214.57610991965697,DESCENDING,15,20,False,p01735,80.65046221983813,22.214736255839007,-0.0158689484255059,0.0133592338607179,0.0212851408752359,0.0392576005531793,0.0260966925179708,0.1162019730395513,-47.54406593901925,stable
0.5693222329742715,0.5562416972061137,0.2889139739082726,0.2684241189456431,0.0166689874546939,-0.0089142686233509,0.2605451162210146,0.2418595121139692,-8.852529235559413,-9.307657508348736,-15.735415152042972,-16.558048433779852,5.048318813452033,5.521909549576056,0.0089304483094113,0.0089304483094113,-1.4919530374281726,0.7003896730347203,0.0026672138221546,-0.0165786576313314,0.0193541747586205,-0.0395917012522676,65.24540790328143,22.80495523057715,478.86435316109856,3.8958602949400074,155.23341961047475,DESCENDING,15,20,False,p05615,80.52619809421635,22.438954725116776,-0.0130805357681578,-0.0204898549626295,-0.0255832560780449,-0.0186856041070453,-0.4551282727893238,-0.8226332817368807,-42.44045267270428,stable
0.6465415973402672,0.6479106077418348,0.2924199503524144,0.3166204294224813,0.1068017116049872,0.1482883892258297,0.3659819766206457,0.4178986816885577,-8.734701147506168,-9.571772449120113,-16.089408427841914,-16.923689373890888,5.789135160065858,5.736099521951201,0.0128872343713365,0.0128872343713365,-1.4272313843986393,0.8795471046017468,-0.0001099989446417,-0.0188298411541075,0.0195778225765478,-0.0441705608237304,62.05324975794805,23.663595201110493,653.6894612077629,4.041062316686088,182.50690666559535,DESCENDING,15,20,False,p05273,80.88656405851951,22.415957959037005,0.0013690104015676,0.0242004790700669,0.0414866776208424,0.051916705067912,-0.8370713016139426,-0.834280946048974,-38.38965455683755,stable
0.631849887933865,0.6119189047699685,0.3009093668334885,0.2975195689279307,0.0807381152453522,0.0757763120334114,0.3322049093192041,0.3467726767894609,-7.855167962475349,-8.461251673867888,-14.457324311345172,-15.001945312492548,4.876197775280562,4.831911007477134,0.0093203535055231,0.0093203535055231,-1.4491064056632,0.814060916213515,0.0023033075144776,-0.017598532089464,0.0192980913850114,-0.0400268753711898,73.57077863877709,26.197855585247943,778.2176397714104,12.062830196219473,122.88166087199778,DESCENDING,15,20,False,p04238,80.6691018386814,22.358466043837577,-0.0199309831638965,-0.0033897979055578,-0.0049618032119407,0.0145677674702568,-0.6060837113925395,-0.5446210011473749,-47.37292305352914,stable
0.5189188515582325,0.5083209346302022,0.254268072341981,0.2612955833196923,-0.0047710230267723,0.0081250674403392,0.2072794842513602,0.2362181412775978,-10.210811174534514,-10.851125420042424,-16.858846379869284,-17.615927745124353,4.93362746176908,5.126998661229378,0.0091243200691674,0.0091243200691674,-1.492024733180793,0.9846706622934356,2.965169546966205e-05,-0.0198138260336603,0.0217864990649182,-0.0454271425308937,68.71850408452957,24.52841847884372,699.48730825567,5.343578476346837,219.81579667455375,DESCENDING,15,20,False,p01963,80.82443199570862,22.226234638878893,-0.0105979169280302,0.0070275109777113,0.0128960904671116,0.0289386570262375,-0.6403142455079109,-0.7570813652550683,-44.19008560568585,stable
0.7618831656174624,0.7415478875790273,0.35719059962653,0.3630221414378107,0.2125507206453883,0.2108578961795677,0.5152209008163965,0.5243015450487641,-7.514824414445008,-7.781189006162571,-14.37690479810634,-14.44741147739728,5.168803826603008,4.895828783773092,0.0106868314620575,0.0106868314620575,-1.5174279200294396,1.055456855614185,0.0007856178924228,-0.021381326012956,0.0315469015791007,-0.04901207204542,73.54783551449324,25.720339561900953,841.1136838231178,9.04137230271948,106.51436549401144,DESCENDING,15,20,False,p02186,80.96733574017367,22.23773302191878,-0.020335278038435,0.0058315418112807,-0.0016928244658206,0.0090806442323676,-0.2663645917175632,-0.0705066792909399,-47.82749595259229,stable
0.5127510679165523,0.5155797695533095,0.2507002330494557,0.2655470099943008,0.0312041790862821,0.05820132067479,0.2399832376245556,0.2803316751024686,-8.97559816076807,-9.211543132023326,-16.398366094262265,-16.703357193940384,5.79135213547107,5.808994132465311,0.0117700475261857,0.0117700475261857,-1.6001941329255247,0.7775071384416408,0.0042317517997552,-0.0162776213026804,0.0234194023593095,-0.0388040736622149,52.573850049833055,21.444673492660037,525.4228808336603,4.488350687913681,125.81309877304044,DESCENDING,15,20,False,p01116,80.53241130049744,22.18024110671935,0.0028287016367571,0.014846776944845,0.0269971415885079,0.040348437477913,-0.2359449712552557,-0.3049910996781193,-31.129176557173015,stable
0.7184755750973101,0.7159183604503817,0.3393556752511778,0.3417513228267814,0.1787136083984635,0.1834156238704401,0.4666099138911753,0.4819154164814495,-8.567261997288982,-9.224275935994829,-15.66027707792814,-16.237536379255005,5.506830467065571,5.3695545626994265,0.0105076321711549,0.0105076321711549,-1.452010930221452,0.9034203587842607,-0.0001155559092603,-0.0193859048036395,0.0211247213319532,-0.0455298081190968,63.8885554936982,23.284963227665852,682.8126843304163,4.871861887063902,162.06980777684538,DESCENDING,15,20,False,p04574,80.8927772648006,22.375713618397405,-0.0025572146469283,0.0023956475756035,0.0047020154719766,0.0153055025902741,-0.6570139387058447,-0.5772593013268654,-40.60359226603235,stable
0.7181729662247887,0.7180497206442663,0.3275619849256938,0.3299730118056075,0.1585288162186885,0.2010135177928769,0.46202932873189,0.5209454990379944,-8.819134767347515,-9.11938956562124,-15.728054425632209,-16.160348296086084,5.205626977191521,5.394355706283969,0.0135464586443725,0.0135464586443725,-1.475492516988892,0.9712037831910668,3.81035948539221e-05,-0.0199009021315199,0.0220941484591419,-0.0458269270176878,65.0289782781035,23.252060617812695,666.7556735915003,4.634546312665482,166.66440816261226,DESCENDING,15,20,False,p02666,80.84307161455189,22.266478979518492,-0.0001232455805223,0.0024110268799137,0.0424847015741884,0.0589161703061043,-0.3002547982737233,-0.4322938704538757,-41.7769176602908,stable
0.6674658759802584,0.6503115600296573,0.3356105979717101,0.3318539542146993,0.1324215112889675,0.1357828465101163,0.392334915827871,0.4183616261509931,-9.616803249420348,-9.933918610148192,-16.11397802455491,-16.313159410497892,4.720630149476673,4.607315308514621,0.0082649556704065,0.0082649556704065,-1.4119369429987136,0.8346991299431094,0.0014590786743537,-0.0180048874604336,0.0186638246847445,-0.0405815293737008,71.90298066348053,25.91198819919224,798.0736360566644,12.149901111093248,217.32324612886111,DESCENDING,15,20,False,p04345,80.71259428264902,22.36421523535752,-0.0171543159506011,-0.0037566437570108,0.0033613352211488,0.026026710323122,-0.3171153607278434,-0.1991813859429818,-45.9909924642883,stable
0.5926301049949034,0.5809903399491576,0.2981899560614883,0.3083376173660416,0.0801026397855392,0.0914413265005837,0.3054747409050025,0.3332678056216637,-9.874325108773077,-10.69515825514021,-16.909195129990835,-17.706305963874964,5.410226757771934,5.4097682886007465,0.0127411615349729,0.0127411615349729,-1.4430555054876382,0.9150140161144484,4.8228360875713914e-05,-0.0194317897197273,0.0209282208594888,-0.0450220023166041,63.392569926968456,22.738808649082255,693.8786388748964,7.9649164887705535,197.32245168821404,DESCENDING,15,20,False,p03867,80.84928482083298,22.33546927775781,-0.0116397650457458,0.0101476613045533,0.0113386867150444,0.0277930647166612,-0.8208331463671339,-0.7971108338841297,-40.65376127788621,stable
0.6900388188471233,0.6651361590312668,0.3195518640271467,0.3344654912970005,0.1543175873677922,0.1810061894245868,0.4289184129764017,0.4645917702374031,-8.514819739032673,-9.31570196007102,-15.973837579329428,-16.553658823365506,5.887390480836257,5.666219828948813,0.0105365361219844,0.0105365361219844,-1.464515384519617,0.946748074702681,2.9963739275517215e-05,-0.0198976377825626,0.0222638306342404,-0.0461473987065312,65.62923048359073,23.159254567263876,681.2782157477286,4.050674811308687,176.39119067417167,DESCENDING,15,20,False,p03570,80.86792443967624,22.318221703197977,-0.0249026598158564,0.0149136272698537,0.0266886020567945,0.0356733572610014,-0.8008822210383482,-0.5798212440360775,-42.46997591632686,stable
0.7147440531096325,0.698791586456045,0.3247922682386913,0.3296096168903876,0.1226351593763615,0.1339641978893882,0.4039647322865725,0.4145069948945023,-8.893931748872804,-9.39522580405403,-15.654554854239406,-16.228652004627044,5.025609791429947,5.165364155002048,0.0127376864836483,0.0127376864836483,-1.5130954938269512,1.021930461273446,-6.592988943656493e-05,-0.0199925606376731,0.0232633329640756,-0.045777304918962,76.96498136154258,27.199858238099917,791.3493003746278,7.361283660465554,159.85150171304153,DESCENDING,15,20,False,p00865,80.8368584082708,22.16299353215952,-0.0159524666535875,0.0048173486516963,0.0113290385130266,0.0105422626079298,-0.5012940551812264,-0.5740971503876384,-49.76512312344266,stable
0.7012319892691156,0.6833115224226789,0.3252322323250323,0.3151502554370803,0.1668455969701869,0.1558889475822637,0.4545540035600278,0.4516573864870571,-9.125166675688703,-9.495589948253954,-15.98225126994866,-16.31362033579996,5.110165947836902,5.08941092298229,0.0133625876674909,0.0133625876674909,-1.524239594791819,0.8015975936591849,0.0035701269488227,-0.0171865026780387,0.0210444202492398,-0.0398834500537692,70.38486436123821,25.158254860742,571.066644275982,6.15026548955634,155.78049931228614,DESCENDING,15,20,False,p03829,80.6131829821516,22.33546927775781,-0.0179204668464366,-0.010081976887952,-0.0109566493879231,-0.0028966170729706,-0.3704232725652492,-0.3313690658513,-45.22660950049621,stable
0.7033970159632333,0.6899693003270302,0.3190017109059745,0.3370948118746578,0.1438211181175265,0.186549306699679,0.4475235976107977,0.4980764254703084,-8.956450514684462,-9.351154533160898,-15.675678732272717,-16.058234780860076,4.953398800099289,4.9297127112057195,0.0132088940269209,0.0132088940269209,-1.6030329634710163,0.8537260503287835,0.0038182397997745,-0.017171606234596,0.0230885391089683,-0.0402539936621899,68.52473928374825,26.368001455144856,570.8163180385071,4.046892754829314,190.29579245554785,DESCENDING,15,20,False,p01729,80.6131829821516,22.214736255839007,-0.0134277156362031,0.0180931009686832,0.0427281885821524,0.0505528278595107,-0.3947040184764354,-0.3825560485873591,-42.15673782860339,stable
0.7138540439518883,0.6871881519923964,0.3366166943496129,0.3436437407579348,0.1592240131668732,0.1666178548855546,0.4332338949344406,0.4556507940545748,-8.338227804938358,-8.550756730892324,-15.036138797395065,-15.109269135156644,5.016020101937345,4.823788868731851,0.0135486554286952,0.0135486554286952,-1.5405754041592226,1.0321665151151145,0.0012841548614445,-0.0215254222224763,0.0327510662025779,-0.0489971458209165,75.22028787342926,25.393211402849523,778.1723996493461,11.70285268499827,89.35092770570782,DESCENDING,15,20,False,p02890,80.99218856529802,22.277977362558374,-0.0266658919594919,0.0070270464083219,0.0073938417186814,0.0224168991201342,-0.2125289259539666,-0.0731303377615795,-49.82707647057973,stable
0.6092666077776565,0.5917816009507296,0.2944891019339077,0.2961364809073062,0.0709361887416359,0.0913284874167899,0.3183515833525254,0.3509568060338598,-8.850767011493836,-9.286577537556512,-16.28660918584761,-16.779769471723238,5.750007540745528,5.8414899796277595,0.0090769848722674,0.0090769848722674,-1.6088130818904531,0.7824146196213686,0.0044330928694539,-0.0163003490958232,0.02320093324195,-0.0386595542952472,53.766686503586435,21.375334853228093,529.1525614967271,3.406054446809532,157.7355760766929,DESCENDING,15,20,False,p01415,80.52619809421635,22.19748868127918,-0.0174850068269268,0.0016473789733985,0.0203922986751539,0.0326052226813344,-0.4358105260626761,-0.4931602858756285,-32.391351650358345,stable
0.7148071071810439,0.6949703252008079,0.3188559428733533,0.3229649352081968,0.1629426221633738,0.1605054186075125,0.4617505605876332,0.4645570872177001,-8.460090825902157,-9.064263874038444,-15.675530206204384,-16.12240054439867,5.613135243649242,5.444651926504924,0.0108787763411755,0.0108787763411755,-1.5022325562007688,0.9375822170032372,0.0002783215363129,-0.0194901423053687,0.0240519754264383,-0.046444489409102,60.900539354388854,23.25627665720213,663.5191438022341,4.071677399766692,178.48294156186566,DESCENDING,15,20,False,p05486,80.96733574017367,22.42745634207689,-0.0198367819802359,0.0041089923348434,-0.0024372035558613,0.0028065266300669,-0.6041730481362872,-0.4468703381942838,-37.644262697186726,stable
0.5236722387756331,0.5003396436438864,0.2483645337115635,0.248653360297219,0.0162554944410291,0.070067378258584,0.2253795271410079,0.2827438556024371,-9.696732304105266,-10.06310928811674,-16.631243982940248,-17.59866593564575,5.296468404062668,6.143847524127634,0.0133073207889476,0.0133073207889476,-1.5424321825426006,0.9925999892183976,0.0008822737755648,-0.0217800183830043,0.042493913298329,-0.051624205904394,66.6415878611754,24.684198094199584,789.3031205707833,6.369679935298398,148.78572400925685,DESCENDING,15,20,False,p00296,81.02946780298456,22.128498383039865,-0.0233325951317466,0.0002888265856555,0.0538118838175549,0.0573643284614291,-0.3663769840114739,-0.9674219527055036,-41.95738976697581,stable
0.6744237031109024,0.6639200641966835,0.3152476809668134,0.3178602183597812,0.0972817163478013,0.1001961725117726,0.3846864139704415,0.3911895904913659,-9.123817296789763,-9.483992318846145,-15.847250618282263,-16.126785917670357,5.011457729517163,4.94376899646432,0.012419883362247,0.012419883362247,-1.5159510064182298,1.0624318459220616,2.154283496475148e-05,-0.0211368782133757,0.03371445658791,-0.0499933270622336,64.33767571510414,22.77357891736886,767.250102682634,8.356618801794324,147.4665254612664,DESCENDING,15,20,False,p00183,80.9486961213304,22.12274919151992,-0.0105036389142189,0.0026125373929677,0.0029144561639712,0.0065031765209243,-0.3601750220563779,-0.2795352993880939,-41.56409679773528,stable
0.6503544820274381,0.6472362566517919,0.3218444014200802,0.3311113050379906,0.1114374959115223,0.1351386338201663,0.381994661900703,0.4170601739037521,-8.689830352179914,-8.926392206196217,-15.520140124265192,-16.147294619981235,5.095399413885211,5.565625657471789,0.0194729327077725,0.0194729327077725,-1.5835769531944737,0.8886589321653264,0.0015491836439679,-0.018230993925169,0.0222901511818616,-0.0419303585618507,59.88609292607421,22.934973838778255,553.5648130035031,3.3859334203655354,193.74320740861617,DESCENDING,15,20,False,p00044,80.70638107636793,22.11699999999998,-0.0031182253756462,0.0092669036179103,0.0237011379086439,0.0350655120030491,-0.236561854016303,-0.6271544957160433,-36.95111908729596,stable
0.5897966114720353,0.5831956096919702,0.3054438483037078,0.2988849458729056,0.0279530339983483,0.0212135591617257,0.2676818156783109,0.2715217966388019,-8.587332037924229,-9.088810792780706,-15.60196701464188,-16.126032257988722,5.182779850074849,5.244106451644716,0.0095765474608306,0.0095765474608306,-1.5403104451272724,0.7244527693166039,0.0034843371046981,-0.0155185133738864,0.0227200811440843,-0.0376362158940757,55.49198393273527,23.873756155045367,567.7794800782546,2.7635797151621047,100.70350452053368,DESCENDING,15,20,False,p00402,80.4454264125622,22.13999676607975,-0.0066010017800651,-0.0065589024308021,-0.0067394748366225,0.0038399809604909,-0.5014787548564765,-0.5240652433468416,-31.618227777689903,stable
0.7331585825749651,0.7243410059783277,0.3381756120489913,0.3394295183217278,0.1387209546558767,0.1409950470863973,0.4431925391470747,0.4549090518849215,-9.086643438973107,-9.486497163491244,-15.626439442063196,-15.990153196292232,4.754058158460397,4.762983566943726,0.009237046385461,0.009237046385461,-1.5046925075269482,0.825248267159308,0.0027284695226339,-0.0178417339878428,0.0208474093562547,-0.0406439368605143,83.15329435122068,29.51366074292083,647.1328497972829,5.019536029300043,190.0184324795484,DESCENDING,15,20,False,p03038,80.6691018386814,22.289475745598264,-0.0088175765966374,0.0012539062727364,0.0022740924305205,0.0117165127378467,-0.3998537245181381,-0.3637137542290372,-53.639633608299846,stable
0.7154606395702807,0.6838370735050354,0.3653018973184834,0.3668277661717555,0.1526687765525319,0.1807645878136068,0.4429866165022673,0.485963456895324,-8.56675059839741,-8.588467056652709,-14.815986620881004,-15.028009240916486,4.496109343300194,4.684544823739013,0.0099160988926606,0.0099160988926606,-1.5064628001300162,0.9981768532122745,1.4666961391512356e-05,-0.019818344768957,0.0218001989704474,-0.0453258890080192,72.6074789180616,25.80467892826366,815.607163151787,14.914770499019562,130.91389011164912,DESCENDING,15,20,False,p01462,80.81821878942753,22.19748868127918,-0.0316235660652453,0.0015258688532721,0.0280958112610749,0.0429768403930566,-0.0217164582552982,-0.2120226200354817,-46.80279998979795,stable
0.528332470069947,0.5067890292698081,0.2613804572265208,0.2530652168955504,-0.0149829927898586,-0.0216058972781907,0.2032625114713994,0.1989373248492773,-9.304790696831256,-9.968396809450953,-16.29425745573408,-17.32783031917605,5.203756646963673,5.690141883373315,0.0084946003028234,0.0084946003028234,-1.5961786447620987,0.727615099829443,0.0041162139366127,-0.0162318721232872,0.0217978188201321,-0.0388464194410991,62.06745029346505,22.960817872987136,485.9070066852188,4.254550107155419,180.9753622493042,DESCENDING,15,20,False,p03508,80.48270565024873,22.318221703197977,-0.0215434408001389,-0.0083152403309704,-0.006622904488332,-0.0043251866221221,-0.6636061126196964,-1.0335728634419716,-39.106632420477915,stable
0.5435681866915582,0.5352303499206832,0.2719801918549516,0.2728544722278672,0.0727085013009186,0.0874072771268845,0.2871727501626257,0.3119329662249112,-9.093812154138885,-9.947215072811398,-16.21458035260086,-17.195842759261883,5.556950960059614,5.814252969068292,0.0136127139124326,0.0136127139124326,-1.408935697891622,0.8433180929420514,0.0011954222482797,-0.0181444204082493,0.0186697914228398,-0.0410435993326541,68.66003220055227,24.888004442201044,668.9792653218743,5.7646907485870065,142.2884122173001,DESCENDING,15,20,False,p04348,80.73123390149229,22.36421523535752,-0.0083378367708749,0.0008742803729155,0.0146987758259659,0.0247602160622854,-0.8534029186725132,-0.981262406661024,-43.77202775835122,stable
0.7488202314740909,0.7188988393602262,0.3508142139034059,0.3624119454297605,0.2080842083136706,0.2151475043361289,0.5196162129159791,0.527544311024784,-8.727275230114868,-9.242497712579649,-15.758064859598436,-15.909664453219932,5.366809456854117,4.941611705621616,0.0127391001406066,0.0127391001406066,-1.4917645418149246,1.070016745282962,-0.0001392680069505,-0.0204493809382217,0.0237280257166191,-0.0466984011120625,70.74614637731071,25.730823895196703,722.330449882368,6.401069090792697,213.02003745018655,DESCENDING,15,20,False,p01571,80.87413764595733,22.20323787279912,-0.0299213921138646,0.0115977315263546,0.0070632960224582,0.0079280981088049,-0.5152224824647806,-0.151599593621496,-45.015322482114,stable
0.5899689043673267,0.5772266260849306,0.3051029355481099,0.2952974159833882,0.0717984287878083,0.1118853952399897,0.313318610335148,0.3559829003756244,-10.0367497272677,-10.693252482472149,-16.82097669154055,-18.2428827224497,5.117762519200615,6.270472696256737,0.012660464209939,0.012660464209939,-1.4851260063464622,1.0017829153008584,-1.3261410070178837e-05,-0.0200486057189456,0.022537183613139,-0.0460275572492669,67.77388254409512,24.32611498179501,664.982458399047,5.174949306382566,191.33119025395095,DESCENDING,15,20,False,p02267,80.84928482083298,22.24348221343872,-0.0127422782823961,-0.0098055195647217,0.0400869664521814,0.0426642900404764,-0.6565027552044498,-1.421906030909149,-43.44776756230011,stable
0.6725532979131474,0.6391675258127969,0.3044099230542533,0.3148947642989608,0.118474606777616,0.1337464787207835,0.382428795894506,0.4231107101442043,-9.02435501414865,-9.007050011340615,-15.71291602110032,-15.583735378261109,4.935687872084636,4.860963636823611,0.0105377082494358,0.0105377082494358,-1.5028690672518183,1.0355700313539635,0.0003553995011311,-0.0209076908909574,0.0274509022356131,-0.0481247239885135,73.66951653818145,25.46085640440022,800.4106135586402,11.055739287869642,220.9401971434319,DESCENDING,15,20,False,p02580,80.93005650248713,22.26072978799855,-0.0333857721003505,0.0104848412447074,0.0152718719431674,0.0406819142496983,0.017305002808035,0.1291806428392128,-48.20866013378124,stable
0.6699905641070102,0.6339867454747027,0.303822732152712,0.3002274174121959,0.1027631553516266,0.0821191130773208,0.3899511943891361,0.3717880822139602,-8.837471847901448,-9.227647104137132,-15.605731379362624,-16.142907572461404,4.969520696335157,5.117390781150582,0.0133153247056503,0.0133153247056503,-1.5934821382511883,0.8084003713039961,0.0042893382604257,-0.016827210956616,0.0227371984434638,-0.0394990568634904,66.81857549119911,24.993785653733244,544.1066558324012,4.887535499650031,174.42095143084703,DESCENDING,15,20,False,p02523,80.57590374446507,22.26072978799855,-0.0360038186323075,-0.003595314740516,-0.0206440422743057,-0.0181631121751759,-0.3901752562356844,-0.5371761930987784,-41.82478983746587,stable
0.6659420738591245,0.6452979406032123,0.3275543814675418,0.3309603084218695,0.1323962439532778,0.1357712496214405,0.4035334812664362,0.4130118242861524,-8.480367201586324,-8.903928734524838,-15.300080673835332,-15.897369919804872,5.1224014682344725,5.348606361165099,0.0123287905928238,0.0123287905928238,-1.5060942415569774,0.8938573360104002,0.001235373841955,-0.018707107120985,0.020775967392083,-0.0428071677709528,79.36597666557687,27.626835510243463,703.4150191619926,5.7496299615159945,127.19286005744596,DESCENDING,15,20,False,p02149,80.73744710777338,22.23773302191878,-0.0206441332559121,0.0034059269543276,0.0033750056681626,0.0094783430197162,-0.423561532938514,-0.5972892459695416,-51.7391411553334,stable
0.6531830625842593,0.6463406523468541,0.2749407388511343,0.2781217725733181,0.0736412565146221,0.0853455243290055,0.3644310609590137,0.3855484451720844,-8.92818394302174,-9.299472827160727,-15.762785191311211,-16.427454667261248,5.159652568118496,5.498911533443393,0.0128013735997005,0.0128013735997005,-1.5129805796375302,1.0719839093760166,0.0003849254675295,-0.0213521879551984,0.0333443559257117,-0.049771351505444,65.21369772784787,23.755600584152088,701.5028897569731,7.461928852742469,175.36394127629612,DESCENDING,15,20,False,p00985,80.96112253389258,22.168742723679465,-0.0068424102374051,0.0031810337221838,0.0117042678143833,0.0211173842130706,-0.3712888841389876,-0.6646694759500367,-41.45809714369578,stable
0.6922026719779613,0.6770005785106369,0.3212895588310905,0.3281715840410101,0.1323071746515053,0.1428505315199067,0.4136045039321246,0.4265133438602601,-8.902354069809956,-9.943531033625264,-16.041519198849233,-17.04406919350011,5.56959517088681,5.540676511323808,0.0079447135093597,0.0079447135093597,-1.5456418762765154,0.9650200769304568,0.0006246848554108,-0.0199656908954839,0.0275131166859429,-0.0479219044645999,65.45139190035727,24.414949362780032,672.197111313488,3.693212864880408,187.39026026937628,DESCENDING,15,20,False,p05393,81.01082818414129,22.421707150556948,-0.0152020934673243,0.0068820252099195,0.0105433568684013,0.0129088399281354,-1.0411769638153086,-1.0025499946508774,-41.03644253757723,stable
0.723501939187614,0.7182324612220086,0.3873429068007761,0.3803214136941974,0.1638905707000356,0.1522319665922038,0.4599436873466818,0.455734999184941,-9.933495123092309,-9.979202422404487,-16.120259538060953,-16.006997161609142,4.368323873079528,4.225987043314851,0.0093053224041806,0.0093053224041806,-1.4582351068219894,0.8150285054783515,0.0023927512225982,-0.0176471673091089,0.0195773619267593,-0.0401343381231409,75.25176282928572,26.73563881100658,749.1279053874788,11.198478867351122,196.07460142626292,DESCENDING,15,20,False,p04038,80.6691018386814,22.34696766079769,-0.0052694779656053,-0.0070214931065786,-0.0116586041078317,-0.0042086881617408,-0.0457072993121805,0.1132623764518108,-48.51612401827914,stable
0.7079700414741531,0.6846905982391608,0.3477299283979992,0.3399440213497397,0.1451229072762379,0.1376093270925819,0.4350880447744029,0.4317884295243763,-9.196332565875538,-9.507750083921843,-15.613419923615888,-15.795340926735363,4.61958078755549,4.500359456985092,0.012285372545966,0.012285372545966,-1.545518044559589,0.9585639852892788,0.0005073816033602,-0.0191591557044551,0.021862371354439,-0.0438060760584551,75.00837163933896,27.02471978121249,810.7178988326845,4.620862756401015,174.6742165858032,DESCENDING,15,20,False,p00355,80.77472634545991,22.134247574559808,-0.0232794432349923,-0.0077859070482594,-0.0075135801836559,-0.0032996152500266,-0.3114175180463068,-0.1819210031194753,-47.98365185812647,stable
0.5192742463986724,0.4956064285755043,0.237994504826901,0.2360216187139813,-0.0528574387079542,-0.0620556125788869,0.1699627510999826,0.1709951211717883,-10.328519460532942,-11.001391602133827,-16.82254126117795,-17.760383656438908,4.725809139261297,5.213108897261491,0.0104443763563971,0.0104443763563971,-1.5268103476346633,1.015842553340664,-6.858825702583515e-05,-0.0198854906300878,0.0237524779820243,-0.0455502046127295,75.44777492111359,26.59376708324743,808.887981358253,4.369888133503089,188.72416940927752,DESCENDING,15,20,False,p00264,80.83064520198971,22.128498383039865,-0.023667817823168,-0.0019728861129196,-0.0091981738709326,0.0010323700718056,-0.6728721416008874,-0.937842395260958,-48.85400783786616,stable
0.5836217178455009,0.5739143604992215,0.2863400253226083,0.2948761642527034,0.0233492996350431,0.0415240830071363,0.2526613794706571,0.2828846878062473,-9.485931074168931,-10.361965275005144,-16.456749457345136,-17.245974059276136,5.335927827964227,5.27382442468006,0.0129239912351132,0.0129239912351132,-1.4082051911633169,0.8801532546130236,-4.1777159827417885e-05,-0.0185382213688405,0.0187304423504901,-0.0431507302279293,61.550666969769615,23.40872121706401,638.1008715519382,4.244354084950351,203.92367729411495,DESCENDING,15,20,False,p05371,80.87413764595733,22.421707150556948,-0.0097073573462793,0.0085361389300951,0.0181747833720931,0.0302233083355901,-0.8760342008362105,-0.7892246019310001,-38.14194575270561,stable
0.7418202902376758,0.7447527661531486,0.3352471575334375,0.3459560822762281,0.1932632326233303,0.2037896893291604,0.4991484823071747,0.5222657602390921,-8.788617557978105,-9.237847983206388,-15.56888320051055,-15.940913889786035,5.008880767911752,4.971749265960314,0.0115269446084848,0.0115269446084848,-1.502388535329793,0.8119486753485708,0.00307647551174,-0.0175037659531983,0.0206902970810723,-0.0401488230677247,74.8151073368717,26.545945768269227,614.6963362571452,5.9061593008578495,187.3888536030422,DESCENDING,15,20,False,p03734,80.64424901355704,22.329720086237863,0.0029324759154727,0.0107089247427906,0.01052645670583,0.0231172779319174,-0.4492304252282828,-0.3720306892754852,-48.26916156860248,stable
0.670771522372083,0.6631261114262912,0.3147646963984722,0.3240783301358066,0.1036222902422324,0.1362165007728934,0.376522681249728,0.4229198746404663,-8.877020003841162,-9.643475994452924,-16.234840928893135,-16.6604331453999,5.757064608750879,5.394334839648157,0.0107824722480971,0.0107824722480971,-1.5308545661231563,1.0015059911977746,0.0009407871703279,-0.0210228628485902,0.0293638444432593,-0.048248760289907,72.93697603717786,24.663318468120004,695.5021187795818,5.074645004477411,167.7085358833311,DESCENDING,15,20,False,p03586,80.96733574017367,22.318221703197977,-0.0076454109457918,0.0093136337373344,0.0325942105306609,0.0463971933907383,-0.7664559906117621,-0.4255922165067645,-48.27365756905785,stable
0.4893561137166384,0.4699316795171037,0.2439358602238442,0.2394736999967007,-0.0739889118749941,-0.0821564213702641,0.1311850778254775,0.1369771202976218,-9.528334804458297,-10.403217780738103,-16.507627825188994,-17.703827012223325,5.163847898392719,5.628805613122403,0.0091835881686525,0.0091835881686525,-1.5744398245847038,0.7141398672172672,0.0037734149522482,-0.0160188428574131,0.0215957462253769,-0.038711754201832,59.90418683589049,22.70995686171913,508.0465664390229,4.546675032376908,174.9752407152682,DESCENDING,15,20,False,p02803,80.45163961884329,22.277977362558374,-0.0194244341995347,-0.0044621602271435,-0.0081675094952699,0.0057920424721442,-0.8748829762798067,-1.1961991870343311,-37.19422997417136,stable
0.4989510879839801,0.4749606055573657,0.2631466647434018,0.2504488774107531,-0.0671794764434709,-0.0786166194680541,0.1412521491409751,0.1354501623229859,-9.435857744309104,-10.215578383060317,-16.207657031814513,-17.273323529934306,4.924372091436762,5.268326396707083,0.0091435403610639,0.0091435403610639,-1.5704511931101144,0.7215515889620866,0.0038169930901865,-0.0159010464807889,0.0219114394158001,-0.0383736618673231,59.83785337155219,22.81749566643069,530.496283066229,4.991689193538007,127.29430552873782,DESCENDING,15,20,False,p02203,80.45163961884329,22.24348221343872,-0.0239904824266143,-0.0126977873326487,-0.0114371430245832,-0.0058019868179891,-0.7797206387512094,-1.0656664981197927,-37.0203577051215,stable
0.7336327589645942,0.7265717406272366,0.3313773213272045,0.3396144753438267,0.1679696866733127,0.1746103502218334,0.4654719611488918,0.4820495136708292,-8.645481073323516,-9.01301680404688,-15.479980608355357,-15.768955326674703,5.0523974204991005,5.011620561612025,0.0084069414688886,0.0084069414688886,-1.5453673738132745,0.7995899818731401,0.0038995674924353,-0.0170754828623523,0.0215702214772575,-0.0397524146462419,68.83462190715146,24.743698274708233,594.6796746927249,6.02452599339469,121.9430232465153,DESCENDING,15,20,False,p03627,80.60075656958942,22.32397089471792,-0.0070610183373576,0.0082371540166222,0.0066406635485206,0.0165775525219374,-0.3675357307233646,-0.2889747183193485,-44.09092363244322,stable
0.5981843776580484,0.5926510554774526,0.2993678121170569,0.2973644958807697,0.0659038495568235,0.0700183711343297,0.3180551618417697,0.3398656985548265,-8.962322141298465,-9.223806821286486,-16.07409232248745,-16.41962418170365,5.330387772691563,5.461679835653275,0.013573615646501,0.013573615646501,-1.4980421644238513,0.6765038811123075,0.0026324651445289,-0.0165048197997706,0.0194653034513295,-0.0393720315683863,66.2712309094626,22.864530584711915,531.3288440676602,4.701892402266059,221.12059142593097,DESCENDING,15,20,False,p05511,80.501345269092,22.433205533596833,-0.0055333221805958,-0.0020033162362871,0.0041145215775062,0.0218105367130568,-0.2614846799880208,-0.3455318592162015,-43.40670032475069,stable
0.7557679029748785,0.7313795037617982,0.3541226376522531,0.3451084952865662,0.1898910711140477,0.1727613027333658,0.4916393453568648,0.4842766608969089,-7.875137556159622,-8.401881415715424,-14.837916937113446,-15.136097288592694,5.3010096253788435,5.008719907400201,0.0083095933447602,0.0083095933447602,-1.533150917370376,0.9676423812792057,0.0006845752053492,-0.0204538032661301,0.0277470397590754,-0.047931189990589,71.34253924758767,25.1817624969204,736.4260749338848,6.7161804779627525,108.65855325032358,DESCENDING,15,20,False,p04387,80.97354894645476,22.36421523535752,-0.0243883992130803,-0.0090141423656868,-0.0171297683806818,-0.0073626844599558,-0.5267438595558023,-0.2981803514792478,-46.16077675066727,stable
0.6581409820905187,0.6598838818817686,0.3346209701458331,0.3335471650555158,0.1234008925294708,0.1151185370522769,0.3992606173763906,0.4047571955576921,-10.098354802332636,-10.29208537466959,-16.85770743893361,-16.864849301046817,4.990791512310962,4.8034124274821,0.0135399359652473,0.0135399359652473,-1.48471611255875,0.7910057390329537,0.0030260699139548,-0.0171500155283928,0.0198548457827616,-0.0398614180784991,67.24859924316407,24.119524922000767,604.3703510154205,12.58387869627438,261.36944252383796,DESCENDING,15,20,False,p04630,80.61939618843269,22.38146280991735,0.0017428997912498,-0.0010738050903172,-0.0082823554771939,0.0054965781813014,-0.1937305723369533,-0.0071418621132082,-43.1290743211633,stable
0.597692203862232,0.5834162453995025,0.2932252441464165,0.286666126436064,0.0310690273394272,0.01836911559213,0.2850047184674369,0.2859975954526786,-9.27314458501004,-9.913471482715112,-15.860021447094706,-16.621572534971424,4.811833905337632,4.979494913840806,0.0091424755691649,0.0091424755691649,-1.4450194366686946,0.7904114910444706,0.0023722919312249,-0.0170602710862391,0.0186868575110438,-0.0399813074963426,64.39783624016172,23.234589673047523,584.9522443631258,3.524752712571311,198.82721040604704,DESCENDING,15,20,False,p05332,80.63182260099487,22.421707150556948,-0.0142759584627294,-0.0065591177103525,-0.0126999117472972,0.0009928769852416,-0.6403268977050711,-0.7615510878767182,-41.1632465671142,stable
0.63057208183171,0.6081255169925175,0.3109850148810985,0.3060058282931853,0.0822625431338665,0.0763392491785359,0.3442763867434562,0.3490323675187964,-8.974670345877048,-9.367676904709782,-15.925277652142611,-16.46877256748339,5.13696640256513,5.325376701939288,0.0091424755691646,0.0091424755691646,-1.5137093524043592,0.67274460047672,0.0028932166027786,-0.0164285217840082,0.0199756224018425,-0.0391046133857944,67.20084675087774,23.12435536907143,529.2679627724551,4.315734906448913,218.9841027454509,DESCENDING,15,20,False,p05209,80.48891885652982,22.415957959037005,-0.0224465648391924,-0.0049791865879131,-0.0059232939553306,0.0047559807753402,-0.3930065588327345,-0.54349491534078,-44.076491381806306,stable
0.7240285038614984,0.702561231812143,0.3206176122391792,0.3304411704451303,0.149434718823261,0.1528298857575325,0.4438776284794324,0.4497600045218361,-9.7062281058468,-9.854934190347423,-16.319642729394513,-16.36317934941929,4.927479806834052,4.806986655519822,0.0122832327437063,0.0122832327437063,-1.5387536581056356,1.0147365076445736,0.0012205875199554,-0.0218876874673796,0.0405242280892348,-0.0510335722885489,68.33395540495933,24.944116048105467,833.0711998975548,9.461526763990271,230.96620085798443,DESCENDING,15,20,False,p00995,81.02325459670347,22.168742723679465,-0.0214672720493553,0.0098235582059511,0.0033951669342714,0.0058823760424036,-0.148706084500624,-0.0435366200247777,-43.389839356853855,stable
0.5783110857712138,0.5546195750924456,0.2863490066851523,0.289263253708437,0.0324423551872451,0.0416531724671431,0.2548911446036873,0.2776081652803165,-10.177717475314036,-11.06722169809397,-16.98757805198817,-18.0868537799755,5.103997557718539,5.47038168979435,0.0083629334717802,0.0083629334717802,-1.4205074665918933,0.8349631568742072,0.0015143908019177,-0.018078578614663,0.0189242539461551,-0.0407729748916553,74.80844788307691,26.814017951923564,742.6426778175771,7.097367916080336,225.55376902903927,DESCENDING,15,20,False,p04145,80.71259428264902,22.35271685231763,-0.0236915106787681,0.0029142470232847,0.009210817279898,0.0227170206766292,-0.8895042227799355,-1.0992757279873295,-47.99442993115335,stable
0.7002821238371445,0.6949669144789604,0.3210188778120487,0.3262271521576954,0.1421640751695136,0.1817779370043551,0.4317859424029783,0.4801961372995545,-8.59495739434541,-9.18038801457062,-15.720264405036424,-16.335349717458637,5.4793686192937185,5.493697258978559,0.0135464586443725,0.0135464586443725,-1.480379357360161,0.9832488588319768,1.860705195348941e-05,-0.0199425557737671,0.0222124713551867,-0.0458549688885168,65.98931351187024,23.636449167608685,678.463160168657,3.9688527606871102,162.6293934569195,DESCENDING,15,20,False,p02466,80.84307161455189,22.254980596478607,-0.005315209358184,0.0052082743456466,0.0396138618348415,0.0484101948965761,-0.5854306202252086,-0.6150853124222131,-42.35286434426155,stable
0.7316494547894921,0.7172793542379332,0.3464613791490915,0.343680564427794,0.1634805502298877,0.1717133671697235,0.4626148481144028,0.4726557248955849,-8.859940837965755,-9.346715212327505,-15.612123815149758,-15.866606870017968,5.033840026550622,4.752458561761705,0.0135224972698736,0.0135224972698736,-1.5116794252103116,1.05696861404888,0.0006164579570978,-0.0212513653418167,0.0303137519101684,-0.0487577636543771,74.50508698016188,25.923740004536008,825.6947736873867,9.237674512170583,200.7485013075839,DESCENDING,15,20,False,p02284,80.95490932761149,22.24348221343872,-0.0143701005515588,-0.0027808147212974,0.0082328169398357,0.0100408767811821,-0.4867743743617474,-0.25448305486821,-48.58134697562587,stable
0.70153241001982,0.6695463348040617,0.3402299035466283,0.3545636944386526,0.1566421831134366,0.1613584110531058,0.433735504686652,0.4585419498262925,-5.266472809395834,-5.389628407311785,-12.453944915314038,-12.574309639010476,5.3913105935012595,5.369591164792404,0.0233775994732657,0.0233775994732657,-1.5247414362663283,0.7232146042544781,0.0032368835038293,-0.0153574809721181,0.0227617304724593,-0.0373244133869457,55.35089802065796,24.467804725521333,687.9761654733495,20.758623427142464,133.7938316198944,DESCENDING,15,20,False,p00000,80.43300000000002,22.11699999999998,-0.0319860752157583,0.0143337908920242,0.0047162279396692,0.0248064451396404,-0.1231555979159511,-0.1203647236964382,-30.883093295136625,stable
0.6848907121969915,0.6724378579036783,0.3123548362134664,0.3278121769295886,0.1254499687193101,0.1423449364815118,0.4216283287455748,0.4460866373777338,-8.873392055219446,-9.11120909300234,-15.58280177161242,-15.9233356130348,4.836171351396203,4.958788232071512,0.0117316727309794,0.0117316727309794,-1.6032815078502636,0.7939189419402382,0.0043678888376639,-0.0166069432799069,0.0228216949780926,-0.0391595667149345,62.1932144800242,23.604244573925538,544.428409181796,4.547028713108847,216.95020395105152,DESCENDING,15,20,False,p02419,80.55105091934071,22.254980596478607,-0.0124528542933132,0.0154573407161222,0.0168949677622016,0.0244583086321589,-0.2378170377828929,-0.3405338414223795,-38.58896990609867,stable
0.6287539762724441,0.6134022085805041,0.2894987778201984,0.2998482784906103,0.0740203962102727,0.1017318040627545,0.3511872135559086,0.3849049923325011,-9.304515872483533,-9.641393634302588,-15.924400954139418,-16.69304061703587,4.83330242236147,5.378660483405266,0.0117940590729533,0.0117940590729533,-1.6125485978240277,0.8350206897329205,0.0040670569327099,-0.0168035418428524,0.0235503393347787,-0.0398004971920653,60.03777558500355,23.71472575352591,539.5681064460043,4.893658638676024,184.609376006182,DESCENDING,15,20,False,p01325,80.58833015702724,22.191739489759236,-0.01535176769194,0.0103495006704119,0.0277114078524817,0.0337177787765924,-0.3368777618190552,-0.7686396628964509,-36.32304983147764,stable
0.739874970514403,0.7320954052710382,0.3515569763401319,0.3706557965129097,0.1907420627224255,0.2387381568600676,0.484259733567186,0.5479741955610908,-10.020294267297698,-10.162778170504737,-16.72899728542218,-16.777370318493205,5.021649024339983,4.915685226769598,0.011184124639006,0.011184124639006,-1.578710157891593,0.9760531656840216,0.0018979543549876,-0.021372613632309,0.0357990666131322,-0.0493839586052039,84.05904407893144,29.326234042372334,811.5247575415957,14.68557562383569,238.8537574056751,DESCENDING,15,20,False,p03998,81.04189421554673,22.34121846927775,-0.0077795652433647,0.0190988201727778,0.047996094137642,0.0637144619939047,-0.1424839032070366,-0.048373033071023,-54.7328100365591,stable
0.5365535331009319,0.5167540674400258,0.2539746046618809,0.2535429054561596,-0.0321715233117152,-0.0382344138917159,0.2013581962715287,0.1988376256577526,-9.211532442981463,-9.958464815471904,-16.24323718917001,-17.256525617995944,5.216597552467264,5.599187535642405,0.0090240401063964,0.0090240401063964,-1.6113595959497604,0.7417811963009796,0.0043868886503307,-0.0161971553030112,0.0222516084450468,-0.0387167251602334,58.84209722367517,22.16545439092782,491.83551947532567,3.201039750459888,165.55979364952415,DESCENDING,15,20,False,p03009,80.48891885652982,22.289475745598264,-0.019799465660906,-0.0004316992057212,-0.0060628905800007,-0.002520570613776,-0.7469323724904413,-1.013288428825934,-36.67664283274735,stable
0.6339312497749873,0.6198224100809218,0.3113825466946234,0.292119447552266,0.108500183244331,0.0921578918258597,0.3660403427411767,0.3470637834690528,-9.035538532222423,-9.912724697520122,-15.900584252453845,-16.9411155278468,5.138050067079032,5.404250794386664,0.0095144856203566,0.0095144856203566,-1.4310828156470945,0.8318106613919116,0.0016769245479135,-0.0180938157421223,0.0191971913551927,-0.0407909980290578,77.3448955595058,27.612239045818352,729.3963636945116,4.355994946910575,183.96724286810783,DESCENDING,15,20,False,p03944,80.70638107636793,22.34121846927775,-0.0141088396940655,-0.0192630991423574,-0.0163422914184712,-0.0189765592721238,-0.8771861652976973,-1.040531275392958,-49.732656513687445,stable
0.509649578248959,0.49070873416499,0.2560732531078596,0.2573800531939697,-0.0110155882472953,-0.0121790334413086,0.1876574394893756,0.1975793421952898,-9.109448131540177,-9.606591972418531,-16.227771612746796,-16.979073661528304,5.377676231226695,5.7174505809441145,0.0134705401322601,0.0134705401322601,-1.5861469285710783,0.7237756222841306,0.0039799130216939,-0.0160672228005722,0.0218482365399595,-0.0386834801770624,59.45425039703829,22.51245957199675,491.7662515286091,2.7323324966209688,191.40698815730192,DESCENDING,15,20,False,p02805,80.46406603140547,22.277977362558374,-0.0189408440839689,0.0013068000861101,-0.0011634451940132,0.0099219027059142,-0.4971438408783548,-0.7513020487815076,-36.94179082504154,stable
0.7656387580202992,0.7321105366103936,0.3911547546418504,0.3822905547370231,0.2274611711505855,0.2137386110205228,0.5343282863926352,0.5282075086025027,-9.30648240332754,-9.25836280181119,-15.93439297480386,-15.733597744584564,4.857890769561776,4.708593936220407,0.01332267054017,0.01332267054017,-1.5524585505468436,0.9533340317731432,0.0005969784248323,-0.0190659102929806,0.0220141423716998,-0.0435811475525183,72.536562403952,26.316984633186596,651.9695225058375,11.770810854336094,204.0145824945647,DESCENDING,15,20,False,p00154,80.76851313917882,22.12274919151992,-0.0335282214099056,-0.0088641999048272,-0.0137225601300627,-0.0061207777901325,0.0481196015163494,0.2007952302192954,-46.21957777076541,stable
0.6917746152404959,0.657210033345861,0.3225854310050952,0.3137169397583007,0.1228948233598395,0.1055757121061256,0.4113430564145861,0.38612270112771,-9.638389245902802,-10.127177820049312,-16.344131655944565,-16.800843889270734,5.042344507264729,4.989397110812167,0.0134785435334058,0.0134785435334058,-1.5247336725406286,1.0590249156935276,0.0010604062426773,-0.0216704121392762,0.0343493220709047,-0.0496774098573844,70.85087865765078,25.227958271973325,848.5644347012089,6.89034059542192,241.90140574619755,DESCENDING,15,20,False,p01890,80.99218856529802,22.22048544735895,-0.0345645818946348,-0.0088684912467945,-0.0173191112537139,-0.0252203552868761,-0.4887885741465094,-0.4567122333261686,-45.62292038567746,stable
0.5081989293262167,0.5104336572188176,0.2563620102303217,0.2623572646213943,-0.0012675685432957,-0.0038741901040167,0.1966997289196293,0.2155656267627858,-9.704639444913392,-10.699688596608867,-17.08028284200827,-17.805308398154697,5.851462087916422,5.577956955038159,0.0103104623361733,0.0103104623361733,-1.4527030526800784,0.927946718166026,4.437908949859583e-05,-0.0196305360151877,0.0214803997854835,-0.045502108971458,64.00176178246276,22.795420720127357,665.9431867235836,4.175236222360781,191.18171934705077,DESCENDING,15,20,False,p03668,80.85549802711407,22.32397089471792,0.0022347278926009,0.0059952543910725,-0.0026066215607209,0.0188658978431564,-0.9950491516954756,-0.7250255561464272,-41.20634106233541,stable
0.6637593920925567,0.6429627175310534,0.311668476082469,0.3235609676841829,0.0985133486648259,0.1259906385814052,0.3807179687963865,0.4133196470205831,-9.517538609931576,-9.89902112408526,-15.993855295388034,-16.443039698514916,4.714597927590262,4.818562917045214,0.0090245331875236,0.0090245331875236,-1.6081611737571857,0.847720351673727,0.0040333689455966,-0.0170088720468263,0.0232732229422569,-0.0400192985172141,65.88312549617169,25.46038643591595,566.1816974216997,3.881399740729481,165.0949058143817,DESCENDING,15,20,False,p01727,80.60075656958942,22.214736255839007,-0.0207966745615033,0.0118924916017139,0.0274772899165793,0.0326016782241965,-0.381482514153685,-0.4491844031268819,-40.422739060255736,stable
0.7250505400022803,0.6929345792991167,0.3106677494355483,0.3075926221815398,0.1149217374206121,0.1060935569995318,0.4099271977656243,0.4096219163759669,-8.922010946326646,-9.294063832585774,-15.622104896719623,-15.980151917298116,4.987666129951232,4.962939664006885,0.0096068500574826,0.0096068500574826,-1.5183771258712735,1.062487500759,0.0003868893857314,-0.0214242261638917,0.0355353679991276,-0.0504467295557677,62.29090309012307,22.646953809413876,750.1735549098239,8.716601426478707,192.05249633774403,DESCENDING,15,20,False,p00587,80.97354894645476,22.145745957599697,-0.0321159607031635,-0.0030751272540084,-0.0088281804210802,-0.0003052813896574,-0.3720528862591283,-0.3580470205784927,-39.643949280709194,stable
0.6097090001806862,0.6033931780555575,0.2834295016718649,0.2903801624185078,0.050493033066899,0.0704939076800438,0.3173584020680822,0.3444790790718605,-9.709623501499896,-10.572730056431736,-16.155062498124426,-17.243020373708507,4.674319078324617,4.91229650087673,0.0132928150716842,0.0132928150716842,-1.5681852448285336,0.8248953413010823,0.0039138515211214,-0.0172318338572467,0.0223292165328045,-0.0400404718436157,73.50112746771823,26.857810303582475,621.5594664392544,3.94478547350298,146.5149199095714,DESCENDING,15,20,False,p02829,80.6131829821516,22.277977362558374,-0.0063158221251287,0.0069506607466429,0.0200008746131447,0.0271206770037783,-0.8631065549318429,-1.087957875584081,-46.64331716413576,stable
0.6106944785379458,0.5857348217700706,0.2967929679636185,0.2906330073891197,0.0741877515814987,0.0632394678616882,0.3205440653212564,0.3171883534471876,-8.926092440899417,-9.275560645765385,-15.91857304522416,-16.42853827483246,5.181963030300912,5.39923026701298,0.0134982425570849,0.0134982425570849,-1.4749609751894233,0.7434738179373789,0.0026549947999715,-0.0167425247226705,0.0191502665613743,-0.04006790103479,64.0111050192457,22.87016190381816,544.6488147076926,5.565368850821754,210.02941857956708,DESCENDING,15,20,False,p05623,80.57590374446507,22.438954725116776,-0.0249596567678751,-0.0061599605744987,-0.0109482837198104,-0.0033557118740688,-0.3494682048659676,-0.5099652296082979,-41.14094311542755,stable
0.4898702906846703,0.4185018659853337,0.2689151332498779,0.2268604971493632,-0.0324193024366408,-0.0905711758113081,0.1738042633955273,0.1094682780835733,-9.942828087038835,-11.266337362739757,-16.714100907476663,-18.431447755305243,4.944097545313141,5.545066981186392,0.0115943441659964,0.0115943441659964,-1.5056006314245265,0.6612594312900499,0.0027197446441432,-0.0164210886833524,0.0199105784257151,-0.0390191285509016,67.13336686061247,23.03391627717192,516.2985471806679,2.573272279759622,187.17093402378225,DESCENDING,15,20,False,p05107,80.47649244396764,22.410208767517062,-0.0713684246993366,-0.0420546361005147,-0.0581518733746673,-0.064335985311954,-1.3235092757009213,-1.7173468478285798,-44.09945058344054,decline
0.7789853070029541,0.7411123960102423,0.3546650638113686,0.3570381357303406,0.196943508437887,0.1895614421945616,0.5129550750733001,0.5099735656513439,-8.97629046140827,-9.3253996683455,-15.797756308189545,-16.071392902360028,5.135956289589322,5.070621378326538,0.0124733203950585,0.0124733203950585,-1.5092755807475595,1.075802141258465,0.000215054497698,-0.0212234518755085,0.0321033030164955,-0.0494547644329096,65.3829305267857,23.704900877785203,754.2618012695822,9.746123612145077,179.35922928523965,DESCENDING,15,20,False,p00883,80.9486961213304,22.16299353215952,-0.0378729109927118,0.002373071918972,-0.0073820662433253,-0.0029815094219561,-0.3491092069372303,-0.273636594170485,-41.67802964900049,decline
0.5187167083935288,0.4737912757684621,0.2456226788464211,0.2351448452606508,0.0278659250387845,0.0207243260952066,0.2327489752508383,0.2333416932675227,-9.87582181735261,-10.521988960853236,-16.51345744587861,-17.5053994466424,4.929875505810161,5.552830794309217,0.0105839865759785,0.0105839865759785,-1.5040421766954557,1.023642565477666,0.000389811792537,-0.0208650010359063,0.0272286181769332,-0.0480570050151942,73.17770395985033,25.071721650564687,726.780092777734,6.872214668479563,187.6357834119811,DESCENDING,15,20,False,p02780,80.93005650248713,22.272228171038435,-0.0449254326250666,-0.0104778335857702,-0.0071415989435778,0.0005927180166844,-0.6461671435006249,-0.9919420007637888,-48.10598230928565,decline
0.6822206676175403,0.63953023218759,0.3442934937019355,0.3405941269412584,0.107967069529478,0.096385980660936,0.3832822585623107,0.3652616913385257,-9.960739542803296,-10.591959872651604,-16.30574332450559,-17.036806011328107,4.590038387586474,4.75878318500227,0.009337657522411,0.009337657522411,-1.5513414823797242,0.8889558722923501,0.0017419040204463,-0.0183656502596813,0.0212891089004914,-0.0421411554445713,85.7431165284484,30.44717806142612,845.6556512413376,5.860475725513424,231.77995293967004,DESCENDING,15,20,False,p01444,80.70638107636793,22.19748868127918,-0.0426904354299503,-0.003699366760677,-0.0115810888685419,-0.0180205672237849,-0.6312203298483077,-0.7310626868225185,-55.295938467022275,decline
0.6957152132537603,0.6338989863098842,0.3260232519532868,0.3218719916196237,0.1256160124593038,0.1129775680530797,0.4008291934571154,0.3963387757581816,-9.793410309984097,-10.213764957499976,-16.6787238916492,-16.882641931525274,5.260184411791735,5.032121243639554,0.0095663803350236,0.0095663803350236,-1.5335211091675325,1.027383778358597,0.0011806524773214,-0.0218779336933242,0.0396075243295007,-0.050881217519862,68.60620687863766,24.923491673591805,879.5685747214766,9.830388013830197,203.0996046228711,DESCENDING,15,20,False,p01194,81.01704139042238,22.18024110671935,-0.0618162269438761,-0.004151260333663,-0.0126384444062241,-0.0044904176989337,-0.4203546475158788,-0.2039180398760756,-43.68271520504586,decline
0.7687548263772044,0.728406694139696,0.3579979580427339,0.3591805557161879,0.2227403405004425,0.2368681082098527,0.5311543276614008,0.5511896268634625,-8.458783466984604,-8.885824134226638,-15.248978287437392,-15.605992547455989,5.021073762330741,4.955337417279115,0.0091078398157723,0.0091078398157723,-1.5784993764208806,0.8658342885680935,0.0025689066154066,-0.017810516322205,0.0220931876441289,-0.0411921128179199,76.52782880737836,28.613966157401567,588.0993368422746,3.770912807635971,178.97568689941576,DESCENDING,15,20,False,p01338,80.6691018386814,22.191739489759236,-0.0403481322375083,0.001182597673454,0.0141277677094101,0.0200352992020617,-0.4270406672420339,-0.3570142600185964,-47.91386264997679,decline
0.7773107464578671,0.7394777587122667,0.3406512525868491,0.3369001199324756,0.2057849892882833,0.1947705029682065,0.5242994995892571,0.5198318110254917,-8.266724097392107,-8.609916559798915,-15.413261167388567,-15.84216603923926,5.524421446497234,5.642957249474971,0.0094852002853078,0.0094852002853078,-1.5056296520886925,1.080731069613846,0.0001229818465867,-0.0211166848092785,0.0305572509467159,-0.0490339783325971,67.2895921661782,24.358283904966473,723.3196051272597,7.315257684085787,154.77459748120506,DESCENDING,15,20,False,p00981,80.93626970876822,22.168742723679465,-0.0378329877456004,-0.0037511326543734,-0.0110144863200767,-0.0044676885637654,-0.3431924624068081,-0.4289048718506922,-42.931308261211726,decline
0.6772603152904579,0.6394498981433645,0.3283026399065513,0.3207375625297539,0.1126772547547985,0.0984846384740841,0.3861882753332976,0.37237564473654,-8.708033806186327,-8.956372278395868,-15.498502467541051,-15.712040708891726,4.952356817047429,4.9264544152665115,0.0085967261821321,0.0085967261821321,-1.5700885195551495,0.7729541895433603,0.004091300517438,-0.0167428929300613,0.0217170304135277,-0.0393022404524704,67.92611123786125,24.65628009452123,598.3090379941156,7.0540648586414205,169.14027120378665,DESCENDING,15,20,False,p03620,80.5572641256218,22.32397089471792,-0.0378104171470934,-0.0075650773767973,-0.0141926162807143,-0.0138126305967575,-0.2483384722095412,-0.2135382413506743,-43.26983114334002,decline
0.7182897380458497,0.6792207202339913,0.3407788393550425,0.3279568734531282,0.156094822912645,0.1232065626960555,0.4502383406022661,0.4148400055153534,-9.023111242896084,-9.488825501223625,-15.653594551891612,-15.862418938739165,4.914860242866477,4.621473805160967,0.0108508049914064,0.0108508049914064,-1.5326101003251096,1.0435979103808373,0.0013151102317656,-0.0218053714031641,0.0361581933481843,-0.0499060541996248,72.07194666452777,25.343579848897964,888.1438248710749,4.064691826834116,175.67865676565003,DESCENDING,15,20,False,p01992,81.0046149778602,22.226234638878893,-0.0390690178118584,-0.0128219659019142,-0.0328882602165895,-0.0353983350869126,-0.4657142583275391,-0.208824386847553,-46.72836681562981,decline
0.6473775815603263,0.6028202856105399,0.2918269064104505,0.2666869393031955,0.0879453826839146,0.0594363230475996,0.3742219050814714,0.3284449961122727,-9.701762926648197,-10.472801704957602,-16.32091431794561,-17.415283029727394,4.827801256397956,5.206019075845915,0.0090779472692502,0.0090779472692502,-1.5344533023209677,0.8152565692847141,0.0035548837622686,-0.0174486752249016,0.0215846357487615,-0.0401528876437125,75.34096278065313,26.873636309682897,599.2502758896451,4.571131547381043,196.2748100759696,DESCENDING,15,20,False,p03232,80.63182260099487,22.30097412863815,-0.0445572959497864,-0.025139967107255,-0.0285090596363149,-0.0457769089691987,-0.771038778309407,-1.094368711781783,-48.467326470970235,decline
0.556250601324699,0.5141918668551647,0.292320197100973,0.2713513666779266,-0.0187610064580096,-0.0409743618725521,0.2013678984691156,0.1874881272482131,-9.454283874738154,-10.11128646115019,-15.970066129417038,-16.585129468348104,4.666992155415627,4.636510748730888,0.0094170945645523,0.0094170945645523,-1.5626322177339735,0.7297842720865738,0.0039133311523574,-0.0157054913623712,0.0235519621275297,-0.0380566490735666,54.85291083101166,24.236610757246655,571.817692016526,4.1798113860947606,165.09011911185576,DESCENDING,15,20,False,p00109,80.48891885652982,22.12274919151992,-0.0420587344695342,-0.0209688304230463,-0.0222133554145425,-0.0138797712209024,-0.6570025864120357,-0.6150633389310656,-30.616300073765007,decline
0.650995367968178,0.6020879003109019,0.3088539382538435,0.2951507384070091,0.1022964518763272,0.0927452509169001,0.3745305925146477,0.3715042659256521,-8.921442253657956,-9.635962057977231,-16.031201254512535,-16.71346754142635,5.478967388877695,5.516192360065537,0.0096350196708487,0.0096350196708487,-1.5980070007408131,0.834588550191285,0.0028752488115268,-0.0173005967062424,0.0232835504933805,-0.0406824070275819,51.41245287095094,21.222555094646516,562.0539093324745,3.4770512923745853,144.9861744101779,DESCENDING,15,20,False,p00133,80.63803580727595,22.12274919151992,-0.0489074676572761,-0.0137031998468343,-0.0095512009594271,-0.0030263265889955,-0.7145198043192771,-0.6822662869138156,-30.189897776304427,decline
0.5632967764918049,0.5234890014369884,0.2609625385158788,0.2591288437653233,0.0281033783898546,0.0177273608389661,0.2718770213441393,0.2668012569335,-10.39307045122015,-11.15650835789916,-16.971185706541853,-18.142727936865754,4.811932350429605,5.66327214948598,0.0114745620506786,0.0114745620506786,-1.5299952066742224,0.8224947453062753,0.0032693141720211,-0.0175731424996022,0.0214438775190018,-0.0403530096013243,79.67351151079322,28.63166190566703,613.5217592962825,4.309788084766089,158.25296281487408,DESCENDING,15,20,False,p02934,80.64424901355704,22.28372655407832,-0.0398077750548164,-0.0018336947505554,-0.0103760175508885,-0.0050757644106393,-0.7634379066790089,-1.171542230323901,-51.04184960512619,decline
0.7309620535347066,0.6842075427806117,0.3320971688046225,0.3095799589098343,0.2112299561433815,0.1632157485893028,0.5187950713930487,0.4767569388698283,-8.611288713681875,-9.2336665773607,-15.848920286336655,-16.171609826332613,5.643010133812878,5.338861417147337,0.0126300950879181,0.0126300950879181,-1.544846767119095,0.9499970121063464,0.0005260534802214,-0.0201098717589704,0.0270425338052779,-0.0479964186103653,67.17103023794448,24.83521998472458,664.4877473892781,5.102311496760067,182.7197839513572,DESCENDING,15,20,False,p05089,80.98597535901693,22.40445957599712,-0.0467545107540948,-0.0225172098947881,-0.0480142075540786,-0.0420381325232204,-0.6223778636788264,-0.3226895399959559,-42.3358102532199,decline
0.5191549923115358,0.4598981956405629,0.2711197223197663,0.2373388728584813,-0.0048349547424711,-0.0480067628369372,0.2154002084587763,0.1685480796211383,-9.42596520630504,-10.323176173677137,-16.242277971020354,-17.251833373172712,5.037296534660355,5.186490945086911,0.0122862738044565,0.0122862738044565,-1.479618614952516,0.6340040629505508,0.0021495779591889,-0.0165022432033751,0.0194110206963619,-0.0389937517509598,64.02060239882282,21.477554968083673,502.73986051973503,3.5804088545203268,216.83793607553963,DESCENDING,15,20,False,p05604,80.45785282512438,22.438954725116776,-0.0592567966709729,-0.033780849461285,-0.0431718080944661,-0.046852128837638,-0.8972109673720965,-1.0095554021523585,-42.54304743073914,decline
0.7585035461370201,0.714955944173179,0.3687644774909899,0.357460521875529,0.2023748016564641,0.2035342616571897,0.5029835756543536,0.5086149162098141,-9.040783875176537,-9.077867691078405,-15.620869336199512,-15.449529907992543,4.796721821570145,4.575548847925328,0.0093474238009965,0.0093474238009965,-1.5577447986869708,0.895300961966922,0.0015712788301041,-0.0184122789401877,0.0215522444755559,-0.04226605034866,80.31378108126682,28.727121838929996,655.0928648605382,8.909031974068577,194.08467725799335,DESCENDING,15,20,False,p01145,80.71259428264902,22.18024110671935,-0.0435476019638411,-0.0113039556154608,0.0011594600007256,0.0056313405554605,-0.0370838159018678,0.1713394282069682,-51.58665924233683,decline
0.710763504534501,0.6558588852947455,0.3533267134960466,0.3235776891484974,0.1353946073571782,0.0881872012395601,0.4205882113115984,0.3812811955444389,-9.55395013916059,-9.903112683038852,-16.07320139977629,-16.09848767185079,4.786810362949532,4.444401274881859,0.0126180837712358,0.0126180837712358,-1.5446351694391969,0.9833244068822076,0.000914909961949,-0.0207479555159183,0.0292462191495647,-0.0482919120325074,75.79120264784262,26.304500832827426,785.9936367851383,8.603706013078162,197.22245671255217,DESCENDING,15,20,False,p04189,80.98597535901693,22.35271685231763,-0.0549046192397555,-0.0297490243475492,-0.047207406117618,-0.0393070157671595,-0.349162543878263,-0.0252862720744992,-49.4867018150152,decline
0.6815292548941358,0.6421123518339872,0.3538890622157456,0.3363175600869306,0.1260133822113301,0.1103047794616838,0.4146486360714158,0.4050256321134634,-10.451791715343,-10.64105887564726,-16.789893922255423,-16.981230599628404,4.603539679555211,4.5554259958753,0.0113456932831913,0.0113456932831913,-1.4723540823772068,0.8200825286586796,0.002395302215544,-0.0179197491738926,0.0201230849413169,-0.0405738565283052,83.36658204669709,29.42267216908213,716.852572917999,10.139007931431497,226.0285035819369,DESCENDING,15,20,False,p03340,80.68152825124358,22.306723320158092,-0.0394169030601486,-0.0175715021288149,-0.0157086027496463,-0.0096230039579524,-0.1892671603042615,-0.1913366773729805,-53.94390987761496,decline
0.7497530735021926,0.7032370282771857,0.35085731296005,0.3386939801366121,0.1640101387300647,0.1456844084994734,0.4750401460309371,0.4569919312201309,-8.766405645668142,-9.34602355464114,-15.563129519735208,-15.949403472975096,5.089603353669819,4.841751286982139,0.0112896469450519,0.0112896469450519,-1.5138347201783815,0.8389850029794247,0.0024278133858098,-0.0179787054577718,0.0208743226619585,-0.0409663193418934,86.13504459044307,30.63346390776534,645.852499400143,4.009197792529794,197.18537950891792,DESCENDING,15,20,False,p02640,80.68152825124358,22.266478979518492,-0.0465160452250068,-0.0121633328234379,-0.0183257302305913,-0.0180482148108062,-0.5796179089729971,-0.386273953239888,-55.501580682677734,decline
0.7809817713875823,0.7261650236687118,0.3909888763071454,0.3722549985443112,0.2252194701763768,0.1811715781793728,0.53266225377069,0.4917061982202641,-7.76418159610495,-8.493688434985707,-14.920581513422205,-15.227941259667007,5.486824076331829,5.036394178882894,0.0098104618324948,0.0098104618324948,-1.5690988866905355,0.9689457265908124,0.0010302827542126,-0.0205872478541358,0.0307119774888698,-0.0488695645750237,73.79152589057485,26.69861416529565,722.7171317606437,7.517756680731357,105.05238300728804,DESCENDING,15,20,False,p04794,81.01704139042238,22.38721200143729,-0.0548167477188704,-0.0187338777628342,-0.0440478919970039,-0.0409560555504258,-0.7295068388807566,-0.3073597462448045,-47.092911725279194,decline
0.6493684465926463,0.6116103592937945,0.3535425811805132,0.3183310273052925,0.0903181547262216,0.0624033507973956,0.3649342572180497,0.3498878050318572,-10.154148320855365,-10.315191343426596,-16.411453093184065,-16.594959991941817,4.492654413039417,4.5471896218950745,0.0085345015964672,0.0085345015964672,-1.4789556006218234,0.8190984310432615,0.0025252672285627,-0.017857591521178,0.0202670943118888,-0.0405164934604315,80.34123702767778,28.423783074339777,690.7957656389915,8.207864270180375,243.7532541256238,DESCENDING,15,20,False,p03539,80.67531504496249,22.318221703197977,-0.0377580872988517,-0.0352115538752206,-0.027914803928826,-0.0150464521861924,-0.1610430225712313,-0.1835068987577521,-51.917453953338,decline
0.6978086181536833,0.6593338350850101,0.3156841737244888,0.317369445470669,0.1376779077842848,0.1267129796314319,0.4316466367069201,0.4212242997254085,-8.353950327080295,-8.717361394227082,-15.302559206337788,-15.6810855668637,5.137332374953127,5.138725634494964,0.0133550468097927,0.0133550468097927,-1.5999918447685249,0.7806972502184133,0.0044210586158278,-0.0166300981145462,0.0224481531275485,-0.0391256742432005,63.273537735616486,23.617816217856607,545.5265456290492,7.069375349916021,165.05980964568508,DESCENDING,15,20,False,p02918,80.54483771305962,22.28372655407832,-0.0384747830686732,0.0016852717461801,-0.0109649281528528,-0.0104223369815116,-0.3634110671467869,-0.3785263605259104,-39.65572151775988,decline
0.7683809416351236,0.7149852729695908,0.3561179802080295,0.3461226531152065,0.2294653871711851,0.2079034371514067,0.5448907209949444,0.5269994338368138,-8.565872467339911,-9.310401360113913,-15.86803062451201,-16.32899093115,5.704771474018879,5.3889894916058765,0.0081109787309996,0.0081109787309996,-1.532135457045263,0.9497012775630496,0.0005138559660633,-0.0201390319975006,0.0266962940382225,-0.0477349037401498,67.4999125147388,24.751741428444856,673.4846528205077,4.715399921685827,193.9576624020072,DESCENDING,15,20,False,p04887,80.97354894645476,22.39296119295723,-0.0533956686655328,-0.009995327092823,-0.0215619500197783,-0.0178912871581305,-0.7445288927740012,-0.4609603066379897,-42.74817108629394,decline
0.7098482017918072,0.6701662966717818,0.3306674118689628,0.3315584862498198,0.1625816832896859,0.1690695430483235,0.4333740955307127,0.443724643814589,-8.887610179717594,-9.774744383279767,-16.184231787549933,-16.806388824414704,5.711017493803114,5.434614315490699,0.0128235966294085,0.0128235966294085,-1.4671833041999869,0.9515052010795018,1.6820001260476107e-05,-0.0199604839154673,0.022476375202213,-0.0463202463776436,67.11436157853066,23.451168084449147,687.7816794991727,4.426183109064305,206.16604702853536,DESCENDING,15,20,False,p03371,80.87413764595733,22.306723320158092,-0.0396819051200253,0.000891074380857,0.0064878597586376,0.0103505482838762,-0.887134203562173,-0.6221570368647704,-43.66319349408151,decline
0.6289469924029022,0.590436033259259,0.2939880531221706,0.2918701397438041,0.0908756463169623,0.0805088693065791,0.3340996401825483,0.3270079342810295,-9.452457629923082,-10.22001990754218,-16.541924223570415,-17.154293826259103,5.43374878812417,5.260713531737186,0.0137121175494504,0.0137121175494504,-1.412360691148163,0.8810312367847218,-6.389122110494464e-05,-0.0185837157055259,0.018867539288699,-0.0433507339340929,61.8656434521636,23.71355362034105,659.4211968461165,4.75700397031451,217.09944958818983,DESCENDING,15,20,False,p05472,80.88035085223842,22.42745634207689,-0.0385109591436432,-0.0021179133783664,-0.0103667770103832,-0.0070917059015188,-0.7675622776190973,-0.6123696026886876,-38.15208983182255,decline
0.7414406656210513,0.6932100309616289,0.3727942667879507,0.3502184579740784,0.1712168896123347,0.1348230448279883,0.4666109289962938,0.4347733483917168,-9.855648117021678,-10.143132601904943,-16.592155215829383,-16.66152958275715,5.11133396200526,4.7918301303899,0.0110102845858018,0.0110102845858018,-1.5623141961099545,0.9727812179869912,0.0009728080851491,-0.0206431458816948,0.0300513739705735,-0.0486609806160241,75.38830213190323,26.833136804775428,744.2988108937479,11.092962856412232,241.97944636235772,DESCENDING,15,20,False,p04592,81.0046149778602,22.375713618397405,-0.0482306346594223,-0.0225758088138722,-0.0363938447843463,-0.031837580604577,-0.2874844848832669,-0.069374366927768,-48.5551653271278,decline
0.6961032026582411,0.6487373277708197,0.3467236960011205,0.3309421328608763,0.1571474263853661,0.1262364558802998,0.4430499757261082,0.4150614484180529,-8.518445568668858,-9.022113559900117,-15.245870379818422,-15.716360375959932,4.866168860070333,4.840438404708079,0.0117501100945264,0.0117501100945264,-1.5847995466844058,0.7915612776400627,0.0043552785410601,-0.0168383734221227,0.0223257018393352,-0.0393929644651293,66.34710536342467,24.328701528537017,530.1774598272452,4.836317135549875,141.88918914571573,DESCENDING,15,20,False,p03122,80.56969053818398,22.295224937118206,-0.0473658748874213,-0.0157815631402441,-0.0309109705050662,-0.0279885273080553,-0.5036679912312572,-0.4704899961415094,-42.01840383488766,decline
0.6863245060753409,0.6325350841973599,0.3322460701049923,0.3200289998790742,0.1734163876593502,0.1356233267613257,0.454944541125825,0.4275020094843381,-8.6100894504203,-8.888318379417415,-16.026513563663492,-16.1199778829414,5.724924389212709,5.478333832124988,0.011593081287856,0.011593081287856,-1.599770694521493,0.7879976101976119,0.0040630637839017,-0.0164058218934065,0.0235779480533396,-0.0391517576340318,50.48206874140858,21.15889500875543,544.7181322042635,6.027440595015784,186.5635585034453,DESCENDING,15,20,False,p00719,80.55105091934071,22.15724434063958,-0.0537894218779809,-0.012217070225918,-0.0377930608980244,-0.0274425316414869,-0.2782289289971142,-0.0934643192779063,-29.323173732653153,decline
0.6484575839083608,0.6050121750602423,0.326018980770801,0.318911522102371,0.1379839054556987,0.1377212340443839,0.3994145510732523,0.401391404446872,-9.519798338787457,-9.781730434086429,-16.40414291890995,-16.746868372803917,5.216020671210389,5.316955947981838,0.009537223340442,0.009537223340442,-1.5406644399324534,0.9240080174122934,0.0010734531192944,-0.01881659494399,0.0213558285925816,-0.0431725672478753,83.00942334301395,28.60219570969882,729.4968250263576,7.333657939848537,165.44068151271998,DESCENDING,15,20,False,p01350,80.74366031405447,22.191739489759236,-0.0434454088481185,-0.0071074586684299,-0.0002626714113148,0.0019768533736197,-0.2619320952989703,-0.3427254538939657,-54.40722763331513,decline
0.5484888944628651,0.5063307375584041,0.2726354972362491,0.2525057493878549,0.0294628112199861,0.0128144762240404,0.2431897001296316,0.2348016886280068,-9.639104728320412,-10.0567865983643,-16.80948838746771,-17.375518676303006,5.490449851216793,5.745000129883566,0.0120541992692072,0.0120541992692072,-1.463241585656361,0.7519041327533895,0.0024777684064805,-0.0167492990472717,0.018890623704461,-0.0403790831782906,63.15690074511314,22.62074838903941,561.255147452441,3.792607802874741,178.23086633801802,DESCENDING,15,20,False,p05725,80.58833015702724,22.44470391663672,-0.042158156904461,-0.0201297478483941,-0.0166483349959456,-0.0083880115016247,-0.4176818700438875,-0.5660302888352966,-40.53615235607373,decline
0.7545722548182265,0.7124180951104592,0.3993922903148624,0.3850733624519782,0.2076060651672018,0.1893667830808714,0.5034668581686552,0.4939755481221944,-8.67364908768176,-8.808431518453324,-15.070907694304656,-14.996953935795764,4.618067968359318,4.3756331067214385,0.0108504162238465,0.0108504162238465,-1.5356111562528385,0.9357945216089704,0.000860002622729,-0.0189737885309714,0.021334146236845,-0.0435286177127623,82.45477321920873,28.33916600109779,780.6065197208356,10.578090984761175,169.53844122166728,DESCENDING,15,20,False,p01252,80.75608672661664,22.185990298239293,-0.0421541597077673,-0.0143189278628842,-0.0182392820863303,-0.0094913100464607,-0.1347824307715637,0.0739537585088925,-54.11560721811094,decline
0.7064576509861856,0.6560705531498547,0.3703979748367217,0.3727673646266027,0.1898495650809373,0.1761305995975637,0.4669400427197084,0.4706555300571194,-5.915180409553123,-6.155656469740023,-12.936805698543962,-13.106918803529554,5.190779425133907,5.141845865304038,0.0153856797324056,0.0153856797324056,-1.5284468616003897,0.7225085747037816,0.0032868233548598,-0.0154046890613326,0.0226349276347321,-0.037417269397293,55.130596733267765,24.18656226373657,676.1403023480221,17.54250298221048,57.87466071953395,DESCENDING,15,20,False,p00100,80.43300000000002,22.12274919151992,-0.0503870978363308,0.0023693897898809,-0.0137189654833736,0.003715487337411,-0.2404760601869,-0.1701131049855924,-30.944034469531196,decline
0.5562627551441474,0.5110979341633407,0.2882138187577002,0.2680776113080598,-0.0127985545534503,-0.0303921145185338,0.2009160566890074,0.1965677016397579,-9.26706723405258,-9.7937915501874,-16.138905975391726,-16.608008481082045,5.055710910410587,5.030641276413386,0.0132462071730725,0.0132462071730725,-1.5920300163149923,0.7286280625386664,0.0040837853032363,-0.0160916528781754,0.0219748319869872,-0.0386696213196414,59.159802971530134,22.393524293264335,517.5286339383563,5.597260997208197,192.0170067755122,DESCENDING,15,20,False,p02706,80.47027923768655,22.272228171038435,-0.0451648209808066,-0.0201362074496403,-0.0175935599650834,-0.0043483550492495,-0.5267243161348212,-0.4691025056903193,-36.7662786782658,decline
0.6962597468827684,0.6576851801655217,0.3152197251087724,0.3133716329412203,0.1114051534637858,0.1017401756515965,0.3869259429751747,0.3830073805604146,-8.711706598078205,-9.687863678477022,-16.04821763522186,-16.677855870666086,5.8054555071570935,5.380584066657236,0.0109912662206834,0.0109912662206834,-1.5592859071835872,1.0039240055003642,0.0015486464707572,-0.0214357548834177,0.0330425764518756,-0.0488368049087937,77.6818531474022,26.2443998349856,702.0808340862383,3.9569044782563503,177.10141439662263,DESCENDING,15,20,False,p03592,81.0046149778602,22.318221703197977,-0.0385745667172466,-0.0018480921675521,-0.0096649778121893,-0.0039185624147601,-0.9761570803988172,-0.6296382354442258,-51.437453312416594,decline
0.6629770338887345,0.6100372444702836,0.3091290167170257,0.3048779428620339,0.0603913766946167,0.0528374847651658,0.3296666721967676,0.3325490707165112,-9.152775118994889,-9.378356707112946,-15.202133296403082,-15.644995306398805,4.262426465352458,4.505349261280154,0.0095765648281049,0.0095765648281049,-1.4998734401321228,1.0813049098900134,-0.0002587969680497,-0.0206870508818563,0.0268618763554965,-0.047838294361174,72.51640856680095,25.39279290178358,833.9558850609687,5.115995868728028,159.8811058358219,DESCENDING,15,20,False,p00575,80.89899047108169,22.145745957599697,-0.0529397894184509,-0.0042510738549917,-0.0075538919294509,0.0028823985197435,-0.2255815881180591,-0.4428620099957214,-47.12361566501737,decline
0.7326759467377014,0.6884318204203563,0.3497224319032592,0.3524442139829677,0.19217856068776,0.1791828158910179,0.4846045301864877,0.474597022763281,-9.081580591319373,-9.448217859438335,-15.78654265240936,-16.08614855942092,4.988638651108552,4.874322485613638,0.0086537983361313,0.0086537983361313,-1.5716496804705535,0.8142891650761485,0.0041515123811331,-0.0170948107172512,0.0223817228356863,-0.0398017462688441,70.11471025468663,25.664697613533065,640.209194611545,7.892334890567,166.73663285549716,DESCENDING,15,20,False,p02927,80.60075656958942,22.28372655407832,-0.044244126317345,0.0027217820797085,-0.0129957447967421,-0.0100075074232066,-0.3666372681189624,-0.2996059070115606,-44.45001264115356,decline
0.6672516601568831,0.621282254384424,0.2957427510104896,0.2967066011877945,0.1463624752670014,0.1511293918432482,0.4023689721542681,0.4144790735273647,-8.279184263661424,-8.948407509201568,-15.82939621068556,-16.22543591120845,6.036456949186222,5.794207851265773,0.0111673232424752,0.0111673232424752,-1.5791089166470555,0.976641053854297,0.0020339674800371,-0.0215269045918035,0.0365005829009433,-0.049420587466073,82.63245859682233,28.34613735409934,762.6523898249512,9.656404187091669,156.8982815011476,DESCENDING,15,20,False,p03698,81.04189421554673,22.32397089471792,-0.0459694057724591,0.0009638501773048,0.0047669165762467,0.0121101013730966,-0.6692232455401435,-0.3960397005228913,-54.28632124272299,decline
0.7613892080327621,0.7220322013234852,0.3646399445169506,0.3445846604328291,0.2074456999162615,0.1491915446519904,0.5223192828950394,0.4667446548844738,-8.579831008302037,-9.399499335831512,-15.831229532253868,-16.406452535127872,5.664772207585561,5.3550570537037645,0.0111991316172279,0.0111991316172279,-1.5773146856792406,0.973670638030809,0.0013518956425192,-0.0207537534556534,0.032990411832789,-0.0492426121191969,73.3910594379891,26.88032979104556,694.956207996037,4.415320808393999,197.24140741747053,DESCENDING,15,20,False,p04898,81.04189421554673,22.39296119295723,-0.0393570067092768,-0.0200552840841214,-0.058254155264271,-0.0555746280105655,-0.8196683275294756,-0.5752230028740044,-46.51072964694354,decline
0.7341124566202218,0.6896783569215527,0.3385936166389474,0.3303840471456294,0.1661524538270536,0.1325959122413283,0.4650459208754495,0.4347061825448004,-8.624218601687833,-9.07529363608868,-15.29492251058108,-15.542123182519228,4.909093512083256,4.681114898230234,0.0115361372291594,0.0115361372291594,-1.5934616941557846,0.8410745904116018,0.0039787184331212,-0.0171265454876556,0.0229156998908952,-0.0400809285024428,71.79734179353059,27.024155123157584,595.8640350175251,3.7966806971496223,136.06352927996406,DESCENDING,15,20,False,p02128,80.60696977587051,22.23773302191878,-0.0444340996986691,-0.0082095694933179,-0.0335565415857252,-0.030339738330649,-0.451075034400846,-0.2472006719381454,-44.77318667037301,decline
0.7500811574349151,0.6836654059773053,0.3514638944416259,0.3297293138454288,0.2359380104616485,0.1704752407605671,0.5405829727490565,0.4888580190718708,-8.460344713012667,-8.993724686633158,-15.765680527155892,-15.88998872377801,5.704279112345961,5.141712473893692,0.0116934976871634,0.0116934976871634,-1.6034614378669558,0.8045123289461382,0.0037199238243569,-0.0166756180751148,0.0238611783572035,-0.0398438077203474,50.2527158914144,21.055582959647587,567.5743749049241,2.645487225882897,169.17300101680527,DESCENDING,15,20,False,p00325,80.58833015702724,22.134247574559808,-0.0664157514576098,-0.021734580596197,-0.0654627697010814,-0.0517249536771857,-0.5333799736204909,-0.1243081966221186,-29.19713293176681,decline
0.5850419987995596,0.534493232822822,0.2756594461696766,0.2606342915920307,0.0309035994387292,0.014335298312467,0.259865965074944,0.2393627718968342,-9.237289257085802,-10.35176593637878,-16.078857154271724,-17.655488397243545,5.152049792973773,5.96761103761935,0.0111576170922469,0.0111576170922469,-1.465460967772043,0.848128912912144,0.0016119023517278,-0.0184454231499258,0.0201370744810985,-0.0418498869618444,82.44286866205483,29.070756333401693,702.5709475401711,4.737068999991997,101.56175767221998,DESCENDING,15,20,False,p03046,80.71880748893011,22.289475745598264,-0.0505487659767376,-0.0150251545776459,-0.0165683011262622,-0.0205031931781097,-1.114476679292979,-1.5766312429718212,-53.372112328653145,decline
0.6961313475048562,0.6542858586681762,0.3238890214283438,0.3152475725424169,0.129745456477282,0.1244338880744813,0.4190420056633414,0.4130527473264131,-9.21881682830206,-9.974742040250764,-15.946190027979751,-16.854968762264015,4.983584252891974,5.176805142103105,0.0090240401063964,0.0090240401063964,-1.542432814251107,0.8211470139303338,0.0035361759498135,-0.0174405613422111,0.021738159434324,-0.0402089249007039,76.46809053072964,27.501899933727987,621.3460375849656,4.828628548580565,169.15374650139947,DESCENDING,15,20,False,p03032,80.63182260099487,22.289475745598264,-0.0418454888366799,-0.0086414488859269,-0.0053115684028007,-0.0059892583369282,-0.7559252119487052,-0.9087787342842636,-48.966190597001656,decline
0.794521219898891,0.7558177299201396,0.3629455126464282,0.3629649902309646,0.2440174010844423,0.2348359877868185,0.5576303771293227,0.5488532665285474,-7.665582696079665,-7.870617403696651,-14.637364066775168,-14.642283426420615,5.286837116827033,5.065698718008108,0.0096356545812411,0.0096356545812411,-1.5447850910427132,1.0220642044372297,0.001590934068121,-0.0218584155521516,0.0373126017010713,-0.0499556531307884,73.59314162696236,25.551709453701537,814.2986870634545,12.008632897821368,118.47116100074405,DESCENDING,15,20,False,p02094,81.01704139042238,22.231983830398836,-0.0387034899787513,1.9477584536409243e-05,-0.0091814132976238,-0.0087771106007753,-0.2050347076169858,-0.0049193596454504,-48.04143217326083,decline
0.761499603311156,0.7200696428071848,0.3509266101350329,0.3448690919221496,0.203456860081855,0.1828561608187641,0.5028507059290975,0.4884809710490906,-7.356797508865164,-7.829471598966069,-14.581130908429817,-14.708790899315892,5.589877046285091,5.224727252357796,0.0114526293620186,0.0114526293620186,-1.5805412679986135,0.973929639216802,0.0017153439051454,-0.0211049896336225,0.0350219031734917,-0.0494116367520286,82.06108801236672,29.1773855434077,751.72646671193,9.541417712185126,113.5902688166214,DESCENDING,15,20,False,p04399,81.04810742182782,22.36421523535752,-0.0414299605039711,-0.0060575182128833,-0.0206006992630909,-0.0143697348800068,-0.472674090100905,-0.1276599908860767,-52.88370246895903,decline
0.7701493175894921,0.7206931793975762,0.3534433184647808,0.3347199516111404,0.2136944161142179,0.1722151567202648,0.5316693071171744,0.4943215067690664,-8.46758510681436,-9.155104586847546,-15.728657473280863,-16.210972470683625,5.658750661974451,5.409604721404048,0.0136705833017037,0.0136705833017037,-1.5512320649672198,0.9627630316860496,0.0006794907976201,-0.0203370572481523,0.0280528837012138,-0.0482418253136942,70.714671598311,25.722552080423917,688.9115289642558,4.510344662250173,195.83876071825287,DESCENDING,15,20,False,p04890,80.99218856529802,22.39296119295723,-0.0494561381919159,-0.0187233668536404,-0.041479259393953,-0.0373478003481079,-0.6875194800331865,-0.48231499740276,-44.99211951788708,decline
0.7313770295776861,0.6923271345352815,0.3299350892534186,0.3207183647890397,0.203732401095251,0.1739554027371178,0.5038010991428621,0.4850047995775806,-8.0347151841214,-8.50921741989216,-15.42456193741804,-15.988734262487847,5.851682366790377,5.970250286656596,0.0136593338060699,0.0136593338060699,-1.5731808153167817,0.9686560836776162,0.0010577479538995,-0.020512612305046,0.0311583050811908,-0.0490188601338994,71.53500654379819,26.318566583586435,674.0471452452905,4.576842088343085,144.93767279624512,DESCENDING,15,20,False,p04996,81.02946780298456,22.398710384477177,-0.0390498950424046,-0.0092167244643788,-0.0297769983581332,-0.0187962995652815,-0.4745022357707604,-0.5641723250698067,-45.21643996021176,decline
0.6900555484293367,0.6203927730213722,0.3202999529336202,0.303883804673551,0.1516614393427462,0.1044878237456128,0.4291689261595239,0.3940250766304484,-8.993830676976787,-9.615705524819806,-16.22676192282893,-16.36394934771325,5.655329807645461,4.983358980028399,0.0114088093450517,0.0114088093450517,-1.6064267726693109,0.8217465192126326,0.0035066545455134,-0.0169350102122175,0.0237654848478679,-0.0402243955872865,50.45512774611172,20.892327663996447,577.6568545803971,3.423358424087123,171.43802049967977,DESCENDING,15,20,False,p00328,80.60696977587051,22.134247574559808,-0.0696627754079645,-0.0164161482600692,-0.0471736155971334,-0.0351438495290755,-0.6218748478430189,-0.137187424884317,-29.56280008211527,decline
0.7631226257390268,0.7177295416762715,0.3488554148136119,0.3414137500455578,0.2069833736617089,0.1911414653942406,0.5205116959984682,0.5076238427659896,-8.282729848169874,-8.578445193485688,-15.325671914904802,-15.498581952306791,5.327092451101315,5.184607043017478,0.0103533106800889,0.0103533106800889,-1.5002991102153944,1.057557245636363,-0.0001541947629934,-0.0203502364482063,0.02423809684599,-0.0466391025495578,72.90940248824431,26.160412730367927,754.7183108735315,8.228209724400621,129.17284177843212,DESCENDING,15,20,False,p01170,80.86792443967624,22.18024110671935,-0.0453930840627553,-0.0074416647680541,-0.0158419082674682,-0.0128878532324786,-0.2957153453158145,-0.1729100374019889,-46.74898975787639,decline
0.5435661131541143,0.4988867631236744,0.2670468349898741,0.2548837317065255,0.0085888388471022,0.0021468139308353,0.209927300107025,0.2157858740760798,-9.898656799680392,-11.003442440773505,-17.105091205618805,-18.12772225384995,5.681068217814447,5.6136402923709685,0.0103728068096211,0.0103728068096211,-1.4775116293057795,0.9519893387376454,2.510906153548138e-05,-0.0200276929578935,0.0234131041198979,-0.0468178358463419,67.39861866356354,23.730354213888468,697.039658177051,5.820095288343163,176.4412202024078,DESCENDING,15,20,False,p03976,80.90520367736278,22.34121846927775,-0.0446793500304398,-0.0121631032833485,-0.0064420249162669,0.0058585739690547,-1.1047856410931125,-1.022631048231144,-43.66826444967507,decline
0.5026784047924895,0.4622906179437189,0.2266570850027638,0.2286211734503755,0.0092086879284744,0.0354816487946813,0.1978015795565062,0.2260130555860529,-10.893214292885675,-11.212106741221817,-18.016876030897333,-18.91113601728549,5.629224561539155,6.460759810859681,0.012905187707019,0.012905187707019,-1.545336531177519,0.9828191180477378,0.0009640160761479,-0.0218131817558937,0.0429889182771704,-0.0516022921354449,67.99584344105844,25.202610776537945,792.8265162313224,6.050583751060994,209.0524655274579,DESCENDING,15,20,False,p00297,81.03568100926564,22.128498383039865,-0.0403877868487705,0.0019640884476116,0.0262729608662068,0.0282114760295467,-0.3188924483361397,-0.8942599863881533,-42.793232664520495,decline
0.750691452057213,0.7043471055357056,0.3594789059949341,0.3420923519619173,0.227662043667268,0.1806964775413368,0.5316512703506456,0.4877619908451364,-8.386842887074504,-8.953282151638138,-15.138056523485028,-15.6843957121263,4.947077352750022,5.004453106421731,0.0116139662187844,0.0116139662187844,-1.5605606841669757,0.8123281828317264,0.0040807169414068,-0.0171883634648607,0.0221633643465275,-0.039879202514126,70.31077594314117,25.33541266774871,617.2433407169888,4.201293872100185,149.2537124853061,DESCENDING,15,20,False,p03228,80.60696977587051,22.30097412863815,-0.0463443465215074,-0.0173865540330168,-0.0469655661259312,-0.0438892795055091,-0.566439264563634,-0.5463391886412747,-44.97536327539245,decline
0.7598234021935659,0.7183458767759446,0.3909842668373036,0.3797130328280992,0.2248093251687984,0.2151895878567392,0.5215757790500501,0.5245698088453407,-9.364098061283926,-9.459814845721016,-15.986517739120186,-15.782491710328497,4.823527727010281,4.501250614006619,0.0133817861489942,0.0133817861489942,-1.564921145084094,0.872820475213025,0.0020549839350582,-0.0181160441319617,0.0215632255528518,-0.0416079210721482,80.4681232373282,29.152880309164907,703.4527428896201,13.311079625049024,199.27578588410452,DESCENDING,15,20,False,p01242,80.69395466380575,22.185990298239293,-0.0414775254176212,-0.0112712340092043,-0.0096197373120591,0.0029940297952905,-0.0957167844370907,0.2040260287916915,-51.31524292816329,decline
0.7607646898480622,0.7228699311317587,0.3484000950431458,0.3531553473005588,0.1892011663669854,0.1848502318726871,0.4986036879546187,0.4975034906765865,-8.439985673830762,-8.856811296666107,-15.326226480200004,-15.537425928813256,5.176893729516895,4.995089015863109,0.0134371500899853,0.0134371500899853,-1.4952904327887604,1.0960538268297748,-1.70991900412744e-05,-0.0209801595162304,0.0276991738703278,-0.0482722550889707,69.23593667525479,25.269589422171908,756.268510144464,8.846796590499826,190.1047260794751,DESCENDING,15,20,False,p01278,80.91763008992496,22.185990298239293,-0.0378947587163035,0.004755252257413,-0.0043509344942982,-0.0011001972780321,-0.4168256228353453,-0.211199448613252,-43.96634725308289,decline
0.7221944389329682,0.6710016807288469,0.3350452019780204,0.3197344344934327,0.1610246449895072,0.125079954911579,0.4591512516361148,0.4168220933860953,-8.7647022034368,-9.328898919807008,-15.445152842275917,-15.967709586021105,4.960478716122832,4.962000560308018,0.0134870374829589,0.0134870374829589,-1.5287277080910748,1.0523555069906445,0.0011175490337979,-0.0216354255818214,0.0339688449675335,-0.0495132364228613,72.47051999908294,25.423652152075384,864.6502703826965,5.424196851401502,146.31349993600418,DESCENDING,15,20,False,p02090,80.99218856529802,22.231983830398836,-0.0511927582041212,-0.0153107674845877,-0.0359446900779282,-0.0423291582500195,-0.5641967163702084,-0.5225567437451861,-47.046867847007555,decline
0.6852006998070888,0.6460124805675677,0.3234195468090553,0.312934701478476,0.1275367362509046,0.1170815146729297,0.4115157127485161,0.4016559429555805,-8.77678298237513,-9.509980969827737,-15.43469998631311,-16.440555297533276,4.879087484759051,5.2072665879140825,0.0133110995448577,0.0133110995448577,-1.5611341162799055,0.8190863210538332,0.0039341157948682,-0.0172431004915244,0.0221774666952535,-0.0399959893778213,72.51344706981668,26.28246724147902,616.5648838474337,6.521406629975678,149.21109848969664,DESCENDING,15,20,False,p03029,80.6131829821516,22.289475745598264,-0.039188219239521,-0.0104848453305793,-0.0104552215779748,-0.0098597697929356,-0.7331979874526073,-1.0058553112201665,-46.23097982833766,decline
0.7783002337998062,0.7296685033162557,0.3478551797161924,0.3403449119745064,0.2105686906409717,0.2035469757112768,0.5203566216349177,0.5188616534555263,-8.28582400485466,-8.59756911071773,-15.294389505843986,-15.59976663037294,5.324697916098759,5.275233832906365,0.0134265808494244,0.0134265808494244,-1.4991297944276776,1.0682754671535124,-0.0001953114220949,-0.0204769739859503,0.025053840808182,-0.0470577159487212,73.14269047517043,26.06598869260851,780.9187722597943,6.25593661210933,147.59357317219568,DESCENDING,15,20,False,p00972,80.88035085223842,22.168742723679465,-0.0486317304835505,-0.0075102677416859,-0.0070217149296949,-0.0014949681793914,-0.3117451058630696,-0.3053771245289542,-47.07670178256191,decline
0.7166579793553486,0.656171981422332,0.3298599321497076,0.3082778283443665,0.1283795391324963,0.090282174733589,0.4248420360768746,0.3844881931336746,-9.296087955700576,-9.85718812157744,-15.896521805441004,-16.15779198288218,4.871255694099256,4.578746109539033,0.0097874938538298,0.0097874938538298,-1.5182646084950648,1.0645418958463084,0.0005348732650108,-0.021517419163402,0.035655609509732,-0.0504140360123275,63.639401897433906,23.246530470726043,811.2523370469977,4.976197336406708,182.78196632091175,DESCENDING,15,20,False,p00888,80.97976215273584,22.16299353215952,-0.0604859979330165,-0.021582103805341,-0.0380973643989072,-0.0403538429431999,-0.5611001658768657,-0.2612701774411761,-40.39287142670786,decline
0.6307598326311216,0.5867223732384365,0.3364743617114467,0.3243107512980806,0.1035293527348837,0.0761640429254208,0.3692896889816586,0.3548713705060879,-9.161693095808596,-9.45757329304042,-15.900684448489644,-16.019094216963996,4.859939542245084,4.685335276650627,0.012253923211028,0.012253923211028,-1.5104615516426474,0.6568561323989254,0.002764972491954,-0.0163325470381958,0.0202045149245499,-0.0388473256706515,66.59087619120187,22.98994398682657,572.8037495205216,6.64090269786472,159.90002876869974,DESCENDING,15,20,False,p04804,80.45785282512438,22.39296119295723,-0.0440374593926851,-0.0121636104133661,-0.0273653098094628,-0.0144183184755706,-0.2958801972318223,-0.1184097684743505,-43.6009322043753,decline
0.7297482199641239,0.6669953545133734,0.3825583146890537,0.3587359684183224,0.2241215204206887,0.1922130245896311,0.5066251315523489,0.4821751414718732,-10.089092722512843,-10.310914351167211,-16.799262001512208,-16.743128640636517,5.022228034783039,4.744622050311393,0.010843264026739,0.010843264026739,-1.525192650384463,0.9532609567265964,0.000499161299826,-0.0201612559625143,0.0265162424227989,-0.0476332412633806,67.84850905801608,24.554586633917403,777.1274738348254,17.68827671580842,237.2687255831898,DESCENDING,15,20,False,p04686,80.96733574017367,22.38146280991735,-0.0627528654507504,-0.0238223462707313,-0.0319084958310575,-0.0244499900804756,-0.2218216286543679,0.056133360875691,-43.293922424098675,decline
0.7506004128773025,0.6807893885499923,0.3542206369742601,0.3069305014916766,0.2207801703853192,0.1468220890008256,0.5247666835066623,0.4498450951679892,-9.10914500539546,-9.579786833821007,-15.80549888014847,-16.401475717958117,4.92195493677859,5.100627059197761,0.0134614809044583,0.0134614809044583,-1.5476396396727323,0.8139798010915075,0.0038213295603182,-0.0173190781304907,0.0218798423719199,-0.0400186130403013,72.79205962683208,26.093231162815687,598.6853149089987,6.042462335668363,165.8169241595496,DESCENDING,15,20,False,p03230,80.61939618843269,22.30097412863815,-0.0698110243273102,-0.0472901354825834,-0.0739580813844935,-0.074921588338673,-0.4706418284255491,-0.5959768378096477,-46.6988284640164,decline
0.5702350216586969,0.5280632451022544,0.2739937564857297,0.2726350701589357,0.030333253683429,0.0323876701270677,0.2457136370170907,0.260510547667705,-10.728729288474115,-11.378861691557058,-17.766223808182183,-18.480698197791067,5.493288885211979,5.66144348729996,0.0103896281067144,0.0103896281067144,-1.4823805120963975,1.0215219494911063,-7.30213811383713e-05,-0.0204340731319838,0.0238288776697951,-0.0471167856288095,71.4879510322118,25.005238204895093,716.0993209575371,8.051388077965907,248.0815410824689,DESCENDING,15,20,False,p02674,80.8927772648006,22.266478979518492,-0.0421717765564424,-0.001358686326794,0.0020544164436386,0.0147969106506142,-0.6501324030829405,-0.7144743896088848,-46.4827128273167,decline
0.7864658049127922,0.7439629046217308,0.3647788068515822,0.377478807256048,0.2168903505564875,0.2204579539087721,0.5219988877405007,0.5289179654540109,-8.78485724558861,-8.810589247121868,-15.409493484836942,-15.225666783783772,4.848581807451109,4.673461042127575,0.0128429295497551,0.0128429295497551,-1.5273658468295308,1.044034990921206,0.000554072094138,-0.0216121628438481,0.0390361264605919,-0.0513777434028896,60.733265919049,22.337214497587148,826.2274820468231,11.08970952886999,178.12381251408874,DESCENDING,15,20,False,p00491,80.99840177157911,22.13999676607975,-0.0425029002910614,0.0127000004044658,0.0035676033522846,0.0069190777135101,-0.0257320015332584,0.1838267010531691,-38.396051421461856,decline
0.6713832806255383,0.6269806388524396,0.3155409281031401,0.3080665130384357,0.0962540334179161,0.0786631495651848,0.3582565277728847,0.3527339511249766,-9.341383049378264,-9.897823058999265,-15.882090207551505,-16.457789041523387,4.738207218117356,4.855365590015404,0.0098415822910239,0.0098415822910239,-1.5228720625606025,1.002567853004358,-6.350702521056182e-06,-0.0197722937290062,0.0226719001059673,-0.0451880070947497,79.58851879170432,28.201038606859864,813.9848521240647,4.175449552449117,187.4289923299866,DESCENDING,15,20,False,p00662,80.81821878942753,22.151495149119636,-0.0444026417730987,-0.0074744150647044,-0.0175908838527312,-0.0055225766479081,-0.5564400096209994,-0.5756988339718845,-51.38748018484445,decline
0.7892167433876607,0.7483673908906052,0.3698026914492365,0.3731332610585224,0.227253366352552,0.2175829360778899,0.5411311127526354,0.5343543232953836,-8.52727898047661,-8.805095630316654,-15.22100261588404,-15.139765871551027,4.947688333492572,4.543744487638527,0.0124055517785144,0.0124055517785144,-1.516540423422544,1.0706798916204667,0.0007776799994959,-0.0216438848554898,0.035100999444701,-0.0501073552711963,66.75844885313532,24.37322548233395,806.2448425971864,9.02185394427284,157.2628715010482,DESCENDING,15,20,False,p01289,80.98597535901693,22.185990298239293,-0.0408493524970554,0.0033305696092859,-0.0096704302746621,-0.0067767894572517,-0.2778166498400445,0.0812367443330135,-42.38522337080137,decline
0.6840255879367051,0.6445846758444614,0.3298480831976683,0.3124563311296213,0.1386488861543174,0.1162592271943948,0.4045473060580964,0.3933887224549399,-7.784245770110418,-8.242372688323098,-14.31054165418193,-15.1876795540923,4.740017178849489,5.328170285386613,0.0082421667063344,0.0082421667063344,-1.4428929180871286,0.8163451841688454,0.0021893353240528,-0.0176501585631098,0.019174976728864,-0.0400482405459514,72.6651100094301,25.968187946472717,774.1393776677414,13.215477118719008,138.88226168179233,DESCENDING,15,20,False,p04339,80.67531504496249,22.36421523535752,-0.0394409120922436,-0.017391752068047,-0.0223896589599226,-0.0111585836031564,-0.4581269182126792,-0.8771378999103696,-46.69692206295738,decline
0.7075429567246245,0.6595304734100277,0.3255817414650435,0.312804826962154,0.1584612200733085,0.1277904841892,0.4523136735614077,0.4382700535527177,-8.862248004955108,-9.149280114590969,-15.918517137566065,-16.182549451037655,5.332587008494655,5.314035073189909,0.0118665848494332,0.0118665848494332,-1.601413637390851,0.838373006737566,0.0032405144323243,-0.0172000999453342,0.023323513880367,-0.040502516044191,52.01359802408236,21.236894501192698,561.6616635847677,3.0145129399710187,152.39626810115027,DESCENDING,15,20,False,p00631,80.62560939471378,22.151495149119636,-0.0480124833145968,-0.0127769145028895,-0.0306707358841085,-0.0140436200086899,-0.2870321096358594,-0.264032313471592,-30.776703522889665,decline
0.5898704364909085,0.5506901056398981,0.2850916123399523,0.2610201854952241,0.0504997247481393,0.0131971891480111,0.2927710991756072,0.2529452184017407,-9.422852734433611,-10.353144589398322,-16.209837986540464,-17.254168629461315,5.069617872176341,5.266346765986122,0.0135955362672965,0.0135955362672965,-1.4336745645444946,0.8044560456136433,0.0022400627421987,-0.0173661761667751,0.0186784274823442,-0.0397218104025265,64.52337187121105,23.370038278991792,637.3602211975682,3.2527789542661236,171.8730591271965,DESCENDING,15,20,False,p05036,80.65667542611922,22.40445957599712,-0.0391803308510104,-0.0240714268447281,-0.0373025356001282,-0.0398258807738665,-0.9302918549647092,-1.0443306429208512,-41.15333359221926,decline
0.6675732745611815,0.6296674559795331,0.3090895971312531,0.3148994757173559,0.1042966277448489,0.0914672119756582,0.3879656253668749,0.3798065460434304,-7.886905284200805,-8.157958685552963,-14.944072025846271,-15.2293106140641,5.247317013027991,5.304216396336871,0.0087506864796107,0.0087506864796107,-1.5974106083361572,0.7995375570899602,0.0043350903245289,-0.0167281858903154,0.0227188761906308,-0.0393349908324134,65.00831472110924,24.321743786661894,547.0367594718026,11.49352550208351,153.93142390965292,DESCENDING,15,20,False,p02621,80.56347733190289,22.266478979518492,-0.0379058185816484,0.0058098785861027,-0.0128294157691907,-0.0081590793234445,-0.2710534013521579,-0.2852385882178296,-40.686570934447346,decline
0.7657943465883054,0.7141331422530439,0.391139686107765,0.3649823841829743,0.2226171200221379,0.1768024944378194,0.5216637853534734,0.4813248452066493,-8.058772399177752,-8.587946890251244,-15.226679753690734,-15.368515002659008,5.565152026483469,5.122220254318544,0.0125148677815339,0.0125148677815339,-1.5707772692933513,0.9770333296191316,0.0013618419242383,-0.0209406803952661,0.032569565022708,-0.049024944319263,79.45644577880844,28.052276729667273,760.6769370513568,11.30419684412754,85.31725923008281,DESCENDING,15,20,False,p04395,81.02325459670347,22.36421523535752,-0.0516612043352614,-0.0261573019247906,-0.0458146255843184,-0.040338940146824,-0.5291744910734923,-0.1418352489682739,-51.404169049141174,decline
0.6957321461418662,0.6410944407711884,0.3284645549905586,0.3042562389520303,0.1144990920512486,0.0715926673573622,0.4058573259311395,0.3631888438745128,-8.84464264305754,-9.582528693807255,-15.399701152824882,-16.26788251026895,4.813214749724213,4.952107604689788,0.0098593499487765,0.0098593499487765,-1.516269997527985,1.0693749331211793,0.0008492216048261,-0.0215840239695017,0.0334840207798218,-0.0495585533185827,70.15538426421897,25.22275468679843,860.0212743827317,5.390803770022238,117.3230361800522,DESCENDING,15,20,False,p01788,80.97976215273584,22.214736255839007,-0.0546377053706778,-0.0242083160385283,-0.0429064246938863,-0.0426684820566266,-0.7378860507497151,-0.8681813574440689,-44.932629577420535,decline
0.7979297345978246,0.7553166058297304,0.3782044898612623,0.3830571513700718,0.2547965247478743,0.2496770065094636,0.567436512994691,0.5626388454481037,-7.32402779961996,-7.708228888723442,-14.14812383005175,-14.133912815006967,5.060820945539034,4.66558194656251,0.0093563759603045,0.0093563759603045,-1.4908873762681276,1.0941433628039263,-0.0001807586730801,-0.0207432554792939,0.0255539735554529,-0.0475611761075624,70.02547294162487,25.642496108356188,763.300284950737,8.931265696438919,96.6381850086934,DESCENDING,15,20,False,p01375,80.89899047108169,22.191739489759236,-0.0426131287680942,0.0048526615088094,-0.0051195182384106,-0.0047976675465872,-0.384201089103481,0.0142110150447809,-44.382976833268685,decline
0.7453319110453281,0.7051503414401555,0.3564428207863458,0.3545740777844497,0.1832400449430915,0.1831933217648649,0.4830293813508657,0.4920728716439624,-8.200357887961802,-8.207015673650423,-14.77190897194562,-14.52287571005708,4.772671354002835,4.510001124030074,0.0133295972498895,0.0133295972498895,-1.5225693904948423,1.0268544241663091,-0.0001195411957689,-0.0200210954310765,0.0243970078331239,-0.045978177641845,74.19595148794394,25.913563359590075,791.2632138456461,6.744670569949018,153.80650564955818,DESCENDING,15,20,False,p00166,80.84307161455189,22.12274919151992,-0.0401815696051726,-0.0018687430018961,-4.6723178226626416e-05,0.0090434902930967,-0.0066577856886205,0.2490332618885418,-48.28238812835387,decline
0.744480175114689,0.6921338686193385,0.3511959949818079,0.3334836402605998,0.2178704056533893,0.1749352663103235,0.5301978053716994,0.4890786472908287,-8.579984878282612,-9.214960510730211,-15.955466075740723,-16.348554067451165,5.779409359769142,5.578597037824527,0.0126452317892122,0.0126452317892122,-1.543683247531254,0.9653273424157292,0.0006731477153283,-0.0203597313210383,0.0278893643745185,-0.0481234938481307,71.39743345948659,25.659454015400858,688.8047322060056,5.740460039863694,169.66679258020966,DESCENDING,15,20,False,p04689,80.98597535901693,22.38146280991735,-0.0523463064953505,-0.0177123547212081,-0.0429351393430658,-0.0411191580808706,-0.6349756324476008,-0.3930879917104413,-45.73797944408574,decline
0.6241763730501532,0.5861383949113343,0.2971727422658634,0.3007857405450828,0.0885633175321908,0.0886176374888685,0.3305029980582007,0.3421122418702017,-9.183483033055367,-10.200934696027383,-16.749180280467996,-17.469070131221766,6.079604266438234,5.807346575148005,0.0129591061436676,0.0129591061436676,-1.387906694250744,0.884999138356711,8.422539952016719e-06,-0.0181431056533608,0.0176334222957369,-0.0419371189964918,61.86688524169783,24.113161970574566,646.1688861550265,3.956366483196064,201.13214676583135,DESCENDING,15,20,False,p05771,80.87413764595733,22.44470391663672,-0.0380379781388188,0.0036129982792194,5.4319956677761905e-05,0.0116092438120009,-1.0174516629720165,-0.7198898507537699,-37.75372327112326,decline
0.5651563803730193,0.5257484308386793,0.2642043122199446,0.2446029191761847,-0.0100129304270339,-0.0454637052617504,0.2226529577575995,0.1916467277674912,-9.80943217069468,-10.64370730892509,-16.180028990909623,-16.903497246827005,4.549563438856824,4.554658156164936,0.0104725119433984,0.0104725119433984,-1.5189447943954604,1.0152794061450725,-5.184324066358139e-05,-0.019909893002975,0.0232459119607274,-0.045576055678938,77.74064055019922,27.40791252864539,822.6413239285519,3.379292399580466,175.67985044154975,DESCENDING,15,20,False,p00564,80.83064520198971,22.145745957599697,-0.03940794953434,-0.0196013930437598,-0.0354507748347164,-0.0310062299901083,-0.8342751382304119,-0.723468255917382,-50.33272802155383,decline
0.6457075562782199,0.590202854875708,0.3193491919973766,0.2999423915608208,0.1157447434899127,0.082351450615091,0.3734407204795441,0.3476416672957667,-9.366177489397314,-10.168955643217844,-16.525058689858742,-17.175783423819418,5.509449430177326,5.333228737192936,0.0117201524775704,0.0117201524775704,-1.6057221290239456,0.8122049647168131,0.0038060307457261,-0.0167089997874455,0.0237834358045084,-0.0398355873298576,50.24343486412447,20.854976400146768,568.5782727396466,3.4610137466674114,193.66117707340896,DESCENDING,15,20,False,p00525,80.58833015702724,22.145745957599697,-0.0555047014025118,-0.0194068004365557,-0.0333932928748217,-0.0257990531837774,-0.8027781538205296,-0.6507247339606756,-29.3884584639777,decline
0.5683526479700177,0.5192664578223959,0.2762919068144908,0.2640742848847345,0.0186102373508673,0.0110684375209884,0.243784492994536,0.2443482391286442,-9.817256982679586,-10.900038553359042,-17.133471768675086,-17.97918163301333,5.764109106818388,5.511830230130009,0.0130389831589512,0.0130389831589512,-1.5535903119144128,1.0146006479120906,0.0015292140038041,-0.0215240733455715,0.0327920043641456,-0.0487650298422279,75.8131488529,25.265636506741934,706.6808698869212,5.443203204169282,186.58749537550875,DESCENDING,15,20,False,p03191,80.99840177157911,22.295224937118206,-0.0490861901476218,-0.0122176219297562,-0.0075417998298789,0.0005637461341082,-1.0827815706794564,-0.845709864338243,-50.54751234615806,decline
0.7443768662574405,0.702096228928487,0.3595280772464942,0.3468282027999944,0.1518631855344485,0.1379889974337319,0.4623592139099879,0.4508662022985235,-9.443921998777467,-9.93199167769973,-16.080264810377297,-16.387119111202455,4.870476283801596,4.683722383488576,0.0134704438869979,0.0134704438869979,-1.5145839371922687,0.8476929054745607,0.0021471097580062,-0.0181229874816653,0.020767143623866,-0.0412471178987883,88.0553351500519,31.214106773395596,688.8977345449887,8.705522846537816,217.2382887495199,DESCENDING,15,20,False,p02442,80.69395466380575,22.254980596478607,-0.0422806373289534,-0.0126998744464998,-0.0138741881007165,-0.0114930116114643,-0.4880696789222618,-0.3068543008251581,-56.841228376656304,decline
0.7787514327509599,0.7342638023123289,0.388172241200414,0.3710075114460049,0.2233342760491338,0.1857970113056682,0.5294042661946565,0.4985812554939267,-7.253332568558496,-7.75102442896893,-14.299199105895784,-14.35248370156068,5.415268753109594,4.861610333994824,0.0098580693101678,0.0098580693101678,-1.5694834753711668,0.964569752381246,0.0009064379423797,-0.0204291015308501,0.0300760662694765,-0.0488389517979634,71.27057569718708,26.15457224693612,739.3768595838382,10.370566535126136,118.26199336135596,DESCENDING,15,20,False,p04994,81.01704139042238,22.398710384477177,-0.044487630438631,-0.017164729754409,-0.0375372647434656,-0.0308230107007298,-0.4976918604104341,-0.0532845956648966,-45.116003450250965,decline
0.5475697731123764,0.5055127303209794,0.2528653298783055,0.2447091296707585,0.0312499245335217,0.0264435065818177,0.2510098988178009,0.2448433253368855,-10.011313387622202,-10.93351596250061,-17.37160149325866,-18.681834464279294,5.807314885641212,6.4898904281398915,0.0120366455790277,0.0120366455790277,-1.560608271119898,0.9810549157989158,0.0020424923300558,-0.0220688167874152,0.0415944411701342,-0.0506861372574234,75.42788992948957,26.22913825217454,749.2644513982023,9.185322229174302,189.67402748710856,DESCENDING,15,20,False,p01899,81.04810742182782,22.22048544735895,-0.0420570427913969,-0.008156200207547,-0.004806417951704,-0.0061665734809153,-0.9222025748784084,-1.3102329710206355,-49.19875167731503,decline
0.7496379652932756,0.707369206441091,0.3289755291240279,0.3150038958251287,0.1826973530226389,0.1642129298999401,0.4933703128173731,0.4810273564837293,-8.7027475728893,-8.943060648280275,-15.562168701911196,-15.931921162094538,5.183720597138478,5.2865448743283405,0.0134118302574061,0.0134118302574061,-1.50053083842554,1.0867362818314177,-9.838172626891696e-05,-0.0209353166577044,0.0286309237656275,-0.0485172881279762,69.42941393102548,24.885053483398135,725.4971297727038,6.839275277615427,165.54595966469995,DESCENDING,15,20,False,p00878,80.91763008992496,22.16299353215952,-0.0422687588521846,-0.0139716332988991,-0.0184844231226987,-0.0123429563336437,-0.2403130753909756,-0.3697524601833404,-44.54436044762734,decline
0.7219436142652227,0.6701402023043933,0.3415806550726848,0.3381618075163338,0.2048424072131062,0.1607696970451209,0.4989919757611986,0.467566130401692,-8.840190450587192,-9.360229451367884,-15.882653586084066,-15.91452230614736,5.355998093767472,4.822636693008613,0.0151439864770414,0.0151439864770414,-1.603634918551676,0.8070887021695499,0.0033415283496276,-0.0168758811616216,0.0239241612332285,-0.040237826790296,50.10996771555513,20.920105498675344,581.4944192173033,3.06225209558608,199.58817092948263,DESCENDING,15,20,False,p00028,80.60696977587051,22.11699999999998,-0.0518034119608293,-0.003418847556351,-0.0440727101679853,-0.0314258453595065,-0.5200390007806917,-0.0318687200632936,-29.189862216879785,decline
0.5417677266561649,0.5037438926134761,0.2526108552821066,0.24861787409749,0.039200827869189,0.0512630581144431,0.2506468566904706,0.2686270199801214,-10.105451931201442,-10.765752780515028,-17.401436770173838,-18.33635961202776,5.8192514307950205,6.356299803109709,0.0111097391642905,0.0111097391642905,-1.57976907123974,0.9779871557271524,0.002306117738294,-0.0218358970232802,0.037899659513766,-0.0494912954214345,80.147196946732,26.854093669647497,727.9406682861696,7.660121623578244,157.4401856529224,DESCENDING,15,20,False,p03198,81.04189421554673,22.295224937118206,-0.0380238340426888,-0.0039929811846165,0.012062230245254,0.0179801632896508,-0.660300849313586,-0.934922841853922,-53.2931032770845,decline
0.7877721867088514,0.7452230770849814,0.4461574578252811,0.4403658189122543,0.2282460176849339,0.2268140115950982,0.5429326428784176,0.5444469195646516,-10.598799668365428,-10.363130570187232,-16.76156848397701,-16.457857963665973,4.359099058693625,4.313968738575967,0.0134908133437977,0.0134908133437977,-1.5030017377156166,0.841376725538145,0.0021612088741296,-0.0181193109673519,0.0206041236972938,-0.0411534163957155,87.63962313859132,31.005997502673285,819.9456839107582,15.260653232967217,202.65204905246804,DESCENDING,15,20,False,p02642,80.69395466380575,22.266478979518492,-0.04254910962387,-0.0057916389130268,-0.0014320060898357,0.001514276686234,0.2356690981781941,0.3037105203110357,-56.63362563591804,decline
0.7389084203779793,0.6844893754552644,0.3434033522086212,0.3293897092951981,0.1779766553003153,0.1445358980486615,0.4793194904254393,0.4456120554847722,-8.468142404725512,-8.978841619655391,-15.092417009084324,-15.378911353711445,4.866219414277489,4.664427752412065,0.0127161005881516,0.0127161005881516,-1.4951124534498097,1.067252796410176,-0.0001569847374928,-0.0204338424789978,0.0241045046023147,-0.0467550657969685,71.4174272905102,25.93294984200319,812.0460672981741,6.347218980628236,172.28983606029627,DESCENDING,15,20,False,p01371,80.87413764595733,22.191739489759236,-0.0544190449227148,-0.0140136429134231,-0.0334407572516538,-0.0337074349406671,-0.510699214929879,-0.2864943446271173,-45.484477448507015,decline
0.5604715122192179,0.520799150312197,0.2707251803937683,0.2544875915736288,0.0329892274103116,0.0218520031468882,0.2465442233118568,0.2430363095709615,-10.025045365707836,-10.54320041174749,-16.826420276690012,-17.59446159261971,5.063824821935571,5.441509332971299,0.0091529787177935,0.0091529787177935,-1.439112770893659,0.7897409339600826,0.0022399990388956,-0.0169933833354424,0.0184830931647066,-0.0400988003071677,63.75061114426075,23.010119777526295,574.794117177141,5.455391522471997,153.11228011311889,DESCENDING,15,20,False,p05632,80.63182260099487,22.438954725116776,-0.0396723619070208,-0.0162375888201395,-0.0111372242634234,-0.0035079137408952,-0.518155046039654,-0.7680413159296968,-40.74049136673446,decline
0.6138433354697609,0.5758228255536606,0.2990374335195868,0.2891023074742271,0.0549593977243879,0.035770893944206,0.3022141232324988,0.2848068011311767,-8.81350997262042,-9.43246287297929,-15.72090040692049,-16.340854449048678,5.063598289247057,5.094773774958086,0.0135892376376749,0.0135892376376749,-1.44927719739154,0.7821778448136588,0.0023964162105108,-0.0169341741415263,0.018686624274894,-0.0401951984680008,63.821693665578486,22.992245166813404,557.1230423078471,3.8859576519747705,203.7791072361285,DESCENDING,15,20,False,p05530,80.61939618843269,22.433205533596833,-0.0380205099161002,-0.0099351260453596,-0.0191885037801819,-0.0174073221013221,-0.6189529003588703,-0.619954042128187,-40.82944849876508,decline
0.7730760996179475,0.7143800380317726,0.4247984169345252,0.4139739502432791,0.2270133215420294,0.2022932167325731,0.5279352238744931,0.5105865629379165,-11.372621834648328,-11.42186320170101,-17.88354007501537,-17.661603931797792,4.824025037181836,4.531905503642838,0.0110645804325206,0.0110645804325206,-1.5630064271239137,0.9663642135880822,0.0008602230596678,-0.0204855003020783,0.0294731938114689,-0.0486290485868382,72.1179121795797,26.208146270174183,791.5963511699272,16.540292162127606,269.1039748753358,DESCENDING,15,20,False,p04892,81.0046149778602,22.39296119295723,-0.0586960615861749,-0.010824466691246,-0.0247201048094563,-0.0173486609365766,-0.0492413670526818,0.2219361432175794,-45.90976590940552,decline
0.5075306010785214,0.4627277993051216,0.2444813939387191,0.2321530583792066,0.02108419800053,0.0062616773085213,0.2280565801946353,0.2137864509215506,-9.815776720633858,-10.647223936137811,-16.874143107966713,-18.275793837338306,5.5381056022072785,6.5985687984166965,0.012570706621317,0.012570706621317,-1.5443907989677763,1.008321950521365,0.0012045303090211,-0.0212246751774371,0.0308869874821753,-0.0485121314042762,75.27523752133344,25.27813463728793,678.7434142811195,5.925627211321974,156.90515439047937,DESCENDING,15,20,False,p03489,80.98597535901693,22.312472511678035,-0.0448028017733997,-0.0123283355595125,-0.0148225206920086,-0.0142701292730847,-0.831447215503955,-1.401650729371589,-49.9971028840455,decline
0.6584057434431176,0.6188768623416089,0.3106746114503565,0.3040983419381161,0.1359734268268704,0.1224090255506912,0.388063159619235,0.3799788370065382,-8.883404954471233,-9.776413892187138,-16.210021366995683,-16.83830896285821,5.731558428139928,5.45182210900129,0.0104929133698912,0.0104929133698912,-1.4610747077332682,0.9279828153773616,-7.91245722426518e-05,-0.0196869129400909,0.0219025868340219,-0.0460430945318107,65.67762810241545,23.35130327950844,683.3817718240961,5.6360519206483675,135.74420128842502,DESCENDING,15,20,False,p04174,80.8927772648006,22.35271685231763,-0.0395288811015087,-0.0065762695122404,-0.0135644012761792,-0.0080843226126968,-0.893008937715905,-0.6282875958625276,-42.32632482290701,decline
0.7093725654157768,0.6572372999736376,0.3294779615601758,0.3218737537458082,0.1776343035677489,0.1396567750730138,0.4803779211260253,0.44961389337899,-8.191346896994178,-8.89716765990466,-15.591675828778309,-15.768802759056866,5.787659031488051,5.118580373813538,0.0169129257728727,0.0169129257728727,-1.6007225044050784,0.8207880564089478,0.0030241748624299,-0.0171144415887644,0.0236064265135341,-0.0405030260811685,50.70070656438759,21.0620074003853,575.7861969704948,2.2515553794333263,121.63485238755696,DESCENDING,15,20,False,p00031,80.62560939471378,22.11699999999998,-0.0521352654421392,-0.0076042078143676,-0.0379775284947351,-0.0307640277470352,-0.7058207629104825,-0.1771269302785576,-29.638699164002286,decline
0.7296498029407745,0.6646665994231795,0.3419494061713471,0.319851818151554,0.1786118318511838,0.1203413775578796,0.4693770178389918,0.4056462867660126,-8.470376729134253,-9.537631938056112,-15.847882112634116,-16.621674935550026,5.838744802477887,5.482614691079805,0.0098698784792632,0.0098698784792632,-1.5586983145553406,0.9662640541877664,0.0007977695585106,-0.0202199400924901,0.0290506876704291,-0.0484357440687574,67.48859365926171,25.05648963077225,691.5941210310165,4.8005161475894385,165.78117259783608,DESCENDING,15,20,False,p05194,81.01704139042238,22.410208767517062,-0.064983203517595,-0.022097588019793,-0.0582704542933041,-0.0637307310729791,-1.0672552089218588,-0.7737928229159081,-42.43210402848946,decline
0.7345659228358399,0.685096979373942,0.3378299200199849,0.3223374689335823,0.1729422695795402,0.1533294416663488,0.478020212686655,0.4535357693058308,-8.571928251414063,-8.922594558411271,-15.552544205615751,-15.953820004207024,5.232750180904197,5.34617159987279,0.0208812194846902,0.0208812194846902,-1.5622774017374426,0.9412120504211304,0.0007792561766917,-0.018887899959909,0.0221816470074409,-0.0432017230274709,69.33320285809334,25.43123265067482,599.615469416785,3.1132161229675837,203.48604425345525,DESCENDING,15,20,False,p00052,80.75608672661664,22.11699999999998,-0.0494689434618978,-0.0154924510864026,-0.0196128279131913,-0.0244844433808242,-0.3506663069972084,-0.4012757985912714,-43.90197020741853,decline
0.6390069209388062,0.5885858900394377,0.3510450389718755,0.3268795707033441,0.1151577408902007,0.0821667176859514,0.3809105675047692,0.3575958681358248,-9.6056633725874,-9.858005521994086,-16.1049095672301,-16.10811484764145,4.632317905889952,4.373867195734083,0.0133591875937849,0.0133591875937849,-1.5199859276912453,0.6686129405404597,0.0029564467709757,-0.016350899177801,0.0203077764979325,-0.0389031325412749,67.54237466310933,23.392441015826524,581.027370002478,6.307518959220698,198.5663712571023,DESCENDING,15,20,False,p04806,80.47027923768655,22.39296119295723,-0.0504210308993684,-0.0241654682685313,-0.0329910232042493,-0.0233146993689444,-0.2523421494066848,-0.0032052804113504,-44.14993364728281,decline
0.7575419374892395,0.7196778866920847,0.3569164393888965,0.3690232783338736,0.1891867571030305,0.2209680348224488,0.490474155558198,0.5286231385551041,-9.03865598430466,-9.243007788077724,-15.805778648665736,-15.915117046897764,5.037436223099656,4.904043776439511,0.0105480841561111,0.0105480841561111,-1.5070990305754792,1.0146289466162983,-2.8712624467305383e-05,-0.0199481846119382,0.0224866520923427,-0.0456219904629517,73.98179371367848,26.36726241960917,776.6235280933046,7.1426478710885855,231.8489229365288,DESCENDING,15,20,False,p01264,80.83064520198971,22.185990298239293,-0.0378640507971548,0.0121068389449771,0.0317812777194182,0.0381489829969061,-0.2043518037730631,-0.1093383982320279,-47.61453129406931,decline
0.7142618848490123,0.6732844098521925,0.3392012085820522,0.3338496015862193,0.1794803758366122,0.1736030012435442,0.4667555136190915,0.4669473905358681,-9.281151885351155,-9.844238483521782,-16.051797059115756,-16.3962459494344,5.040794739096422,4.782901813761723,0.0088328976077819,0.0088328976077819,-1.5528841338996582,0.8336378245276681,0.0033648110120977,-0.0174942165915141,0.0218992305284249,-0.0404023785952583,80.09754077622488,29.187344821700208,635.61643174358,4.906465212074404,171.93936248954105,DESCENDING,15,20,False,p02533,80.63803580727595,22.26072978799855,-0.0409774749968198,-0.0053516069958329,-0.0058773745930679,0.0001918769167765,-0.5630865981706261,-0.3444488903186453,-50.91019595452467,decline
0.628016118175438,0.5773141782940777,0.3072303280989834,0.2913090469953076,0.0814761597276551,0.0694887107502311,0.3380283125417623,0.3266518208442858,-9.484747948412604,-10.54182066407654,-16.63213870747599,-17.316928050840705,5.606716729316671,5.175331127129282,0.0129829723369349,0.0129829723369349,-1.5264186214290116,0.999264581839756,0.0008543841051678,-0.0209567874715543,0.028863957982526,-0.0481616259227076,72.11714006776683,24.397714030905952,696.3337731503686,4.044013690304833,169.21190384799937,DESCENDING,15,20,False,p03585,80.96112253389258,22.318221703197977,-0.0507019398813602,-0.0159212811036758,-0.011987448977424,-0.0113764916974765,-1.057072715663935,-0.6847893433647165,-47.719426036860874,decline
0.749170575266814,0.6920502376574277,0.3542839375386504,0.3451984062259817,0.2022568828037857,0.2090495776992794,0.512492973997743,0.5204363690112558,-8.772122841018273,-9.253814165620224,-15.46894056518262,-15.920854657101108,4.895911132146634,4.942379398262963,0.0130400737103164,0.0130400737103164,-1.57217991223289,0.8695383076305836,0.0021521057556319,-0.0180125078790847,0.0218270776273099,-0.0414659203013635,74.28426414744526,27.399071014810897,598.2539985350107,3.4139238366617577,195.6017644265211,DESCENDING,15,20,False,p01041,80.68774145752467,22.174491915199408,-0.0571203376093862,-0.0090855313126686,0.0067926948954937,0.0079433950135128,-0.4816913246019503,-0.4519140919184874,-46.88519313263435,decline
0.6825909626750073,0.6877423028022636,0.3097122757935387,0.3263094146599822,0.1111168163150608,0.1506140900517699,0.3930435455314171,0.45079309855547,-8.264466807375598,-8.908536786984437,-15.4246282364764,-15.96947981567567,5.592660284958009,5.449212340133438,0.0086019930983941,0.0086019930983941,-1.5354211081706008,1.0038015302030805,0.0010297766835578,-0.021090975747585,0.0298773185621861,-0.0483371984677634,73.75681200658894,24.92892290533405,694.2181143661245,7.187803824996797,145.67903287706287,DESCENDING,15,20,False,p03587,80.97354894645476,22.318221703197977,0.0051513401272562,0.0165971388664434,0.0394972737367091,0.0577495530240529,-0.6440699796088385,-0.5448515791992694,-48.8278891012549,increase
0.6258799415988177,0.6423646760044388,0.3038596725791311,0.321466381921708,0.0401403775676777,0.0825646523739748,0.3018736232666905,0.3675212353183122,-8.896080941889739,-9.177161905254174,-15.852081142158926,-16.233506974065673,5.1752214030088295,5.267100330685205,0.0135552637580612,0.0135552637580612,-1.5468889124810092,0.6871405816045445,0.0033296203391676,-0.0162564551471519,0.0208508881641956,-0.0388838429237216,64.31881109336867,23.323358568396877,500.8164340416007,3.437295154044157,201.52410986937824,DESCENDING,15,20,False,p04105,80.46406603140547,22.35271685231763,0.0164847344056211,0.0176067093425769,0.042424274806297,0.0656476120516217,-0.2810809633644346,-0.3814258319067463,-40.99545252497179,increase
0.6138100890456146,0.6341058560460414,0.2848266437226339,0.2963144840343843,0.0399126348988468,0.0616588385570249,0.3087995374700935,0.3439494556275052,-8.632304137388873,-8.83122248676055,-15.582475645870476,-16.016111301772355,5.117380213560137,5.402990822769593,0.0119102993824097,0.0119102993824097,-1.4750719822332996,0.718446365049814,0.0024820428842919,-0.0166489171652559,0.0190259623156811,-0.039991105041645,64.32464030222461,22.804983848441736,505.9216134185295,4.316006389776353,198.27932108626177,DESCENDING,15,20,False,p05719,80.55105091934071,22.44470391663672,0.0202957670004267,0.0114878403117503,0.0217462036581781,0.0351499181574117,-0.1989183493716773,-0.4336356559018792,-41.51965645378287,increase
0.485735534274272,0.4955735777382309,0.2475762965827434,0.2684180581401277,-0.053549917496385,0.0093399899018674,0.1455143676550861,0.2247839711003864,-9.997837813137773,-11.135216978169987,-17.455039805413563,-18.771834159736077,5.9802518368195114,6.30289495745337,0.0129733983645345,0.0129733983645345,-1.466303150923366,0.9045854711729456,2.3989094222134052e-05,-0.0192393264656695,0.0218985991395253,-0.0455640630907197,61.76150008793835,23.62403782121667,660.0430792719669,5.259311342360075,171.45281047852447,DESCENDING,15,20,False,p05279,80.92384329620604,22.415957959037005,0.0098380434639589,0.0208417615573842,0.0628899073982524,0.0792696034453003,-1.1373791650322165,-1.3167943543225142,-38.13746226672168,increase
0.7148399253311041,0.7378108185512431,0.3161402590264076,0.3283808852604029,0.1635530392797561,0.2031259843380891,0.4588322179789092,0.5074768647013982,-8.59572272061362,-9.085489674926622,-16.040929059557236,-16.742186933424197,5.931367435218435,6.2240098525138245,0.0112483847384561,0.0112483847384561,-1.5692574811647075,0.9783509926877856,0.0011558842828178,-0.0204424091375072,0.0317362302834061,-0.0489480903960786,66.63280671720635,25.08758112633065,671.5621549856759,4.80970294882914,194.50660234171724,DESCENDING,15,20,False,p05299,81.04810742182782,22.415957959037005,0.022970893220139,0.0122406262339952,0.039572945058333,0.0486446467224889,-0.4897669543130014,-0.701257873866961,-41.5452255908757,increase
0.66478786688228,0.6698571301853332,0.3173235893243042,0.3288805565912721,0.1121645139310082,0.1236928972089187,0.394514545189662,0.4145588601823319,-8.338708113672002,-8.657431634270527,-15.251160540501964,-15.63928089287726,5.0669086897003215,5.156187582527328,0.011948915315508,0.011948915315508,-1.560804225158713,0.7449408010395537,0.0038393937663511,-0.0165826961242902,0.0211812171456148,-0.0391247194631456,69.15807038581423,24.972160797978677,594.2338460054186,6.284384270909543,108.25060097603335,DESCENDING,15,20,False,p04016,80.53241130049744,22.34696766079769,0.0050692633030532,0.0115569672669678,0.0115283832779104,0.0200443149926699,-0.3187235205985246,-0.3881203523752958,-44.18590958783555,increase
0.6143700805824519,0.6228783423684823,0.2945646895287844,0.3193236681823529,0.0881465080262738,0.1155240130078638,0.3246656548133697,0.3807759787892448,-8.778782953672541,-9.15661731232243,-15.48416706918766,-15.870213614443657,4.976959286106488,4.976354360744216,0.0112245653206591,0.0112245653206591,-1.4195432163427062,0.8381398791090582,0.001423318825587,-0.0181276666358792,0.0189271695599089,-0.0409355452817795,73.52684263199784,26.40325923035614,761.512196877024,9.914665835152269,160.96720315335844,DESCENDING,15,20,False,p04146,80.71880748893011,22.35271685231763,0.0085082617860303,0.0247589786535685,0.0273775049815899,0.0561103239758751,-0.3778343586498884,-0.3860465452559936,-47.123583401641696,increase
0.5135040089941302,0.5558113262572744,0.2267671388674971,0.2459905105473134,-0.0516936631934147,0.0055396343479883,0.1720401143588293,0.2512478428571787,-9.43788104633831,-9.776256605210634,-16.556781374861934,-17.27877532474875,5.362527259842423,5.885651893741854,0.0134870874588114,0.0134870874588114,-1.493961356173877,0.7204866067226506,0.0028413036353001,-0.0166495699874588,0.0195035899601721,-0.0396191050712328,66.00692957394745,23.369695332061216,517.3934067338878,3.80099554163537,176.1313459786828,DESCENDING,15,20,False,p05418,80.54483771305962,22.42745634207689,0.0423073172631441,0.0192233716798163,0.057233297541403,0.0792077284983493,-0.3383755588723236,-0.7219939498868158,-42.63723424188623,increase
0.7081828703929385,0.7446885693625745,0.3193901379652292,0.3712003285268613,0.1312513694262012,0.2536026106851572,0.4302542716182853,0.5660196723114745,-7.931774153114183,-8.276445578432725,-14.728187620219671,-15.115664941411392,5.035853210630445,5.118041423152139,0.0134349252647117,0.0134349252647117,-1.503629068780383,1.0296751025919726,-6.50662606543461e-05,-0.0200875639626298,0.0229506780757881,-0.0459464759054744,73.60462602298625,26.326322327565105,770.5806841464977,6.842201306185171,95.33682289665764,DESCENDING,15,20,False,p01266,80.84307161455189,22.185990298239293,0.036505698969636,0.0518101905616321,0.122351241258956,0.1357654006931892,-0.3446714253185412,-0.387477321191719,-47.278303695421144,increase
0.5593213789463136,0.5726373025016133,0.2700758933814275,0.275291197488316,0.0157411893288,0.0176652407274749,0.2647558809368771,0.2701900932312512,-10.143760985803516,-11.293687667645258,-16.78099100240252,-18.118930121846574,4.879894725241054,5.1464619290590345,0.0132439855441394,0.0132439855441394,-1.5236695318874038,0.8231831257695333,0.0031341030096743,-0.0176402903716624,0.021294760478315,-0.0404257414161218,80.21159691440462,28.633676132872765,609.618315727183,4.3347114377334,179.20416470080187,DESCENDING,15,20,False,p03035,80.65046221983813,22.289475745598264,0.0133159235552996,0.0052153041068884,0.0019240513986749,0.0054342122943741,-1.149926681841741,-1.337939119444055,-51.57792078153186,increase
0.6479681605071466,0.6726367045398652,0.3185479809218329,0.3274484288028531,0.1104526623007334,0.1167539072178828,0.3919488342514484,0.4085585730474403,-9.288900705448484,-9.730959333040992,-16.033709470255147,-16.467897220638374,4.988769875636054,5.003964435395243,0.0133918667884278,0.0133918667884278,-1.4945137707024263,0.7897307350878269,0.0031911493243737,-0.0171160069867191,0.0200694915244635,-0.0398171980832661,67.70982763323471,24.259101712138115,573.5787327929398,9.611276320207203,185.44564887204817,DESCENDING,15,20,False,p04529,80.6131829821516,22.375713618397405,0.0246685440327186,0.0089004478810201,0.0063012449171493,0.0166097387959919,-0.4420586275925071,-0.4341877503832272,-43.45072592109659,increase
0.6818100535181767,0.699056350188669,0.3224052778200001,0.3285400559180872,0.130287590582463,0.1338387469985907,0.4166808891453075,0.431977066744105,-8.408193707448712,-8.83604804303712,-15.299838988732189,-15.608861324149546,5.165576739002392,5.077153162285696,0.0121048458731615,0.0121048458731615,-1.4823963511161822,0.7948989295150606,0.0029743418574723,-0.0172120850982073,0.0198360607214134,-0.0398398556485115,68.95101263751721,24.650127077973593,604.4828209186702,6.164316434041598,183.02661998177385,DESCENDING,15,20,False,p04431,80.62560939471378,22.369964426877463,0.0172462966704922,0.0061347780980871,0.0035511564161277,0.0152961775987974,-0.4278543355884086,-0.3090223354173584,-44.300885559543616,increase
0.6236378895205853,0.6310202157135417,0.3030052506903513,0.3180873741253871,0.0639241774971457,0.0893773296238684,0.322486231149598,0.3673225342153313,-8.630865727736651,-8.977568643214566,-15.76161754876294,-16.27577805830608,5.3661069846786935,5.599983860597102,0.0118784196422324,0.0118784196422324,-1.595490129381521,0.7498072072493649,0.0043837513265125,-0.0159638768080195,0.023109882007651,-0.038148370133018,52.37391727221066,21.208147979762455,535.9113609988399,3.7506983072551927,161.0563287846653,DESCENDING,15,20,False,p01210,80.49513206281091,22.185990298239293,0.0073823261929564,0.0150821234350358,0.0254531521267226,0.0448363030657333,-0.3467029154779144,-0.5141605095431405,-31.165769292448203,increase
0.6375130685828898,0.6759725701470347,0.3140427230221528,0.3454007460715623,0.1172512125506831,0.144852619619807,0.3645945595120697,0.4183966835277191,-9.291882498573251,-9.379330445143724,-15.991842811862602,-15.93171412941848,4.9764608044753915,4.870373182886411,0.0113782611095677,0.0113782611095677,-1.445604341582352,0.8189469667868452,0.0021558496665444,-0.0177562919255162,0.0193200164834194,-0.0401960614842104,76.39426103393305,27.18424152753439,749.4126460989379,9.20569604990274,97.98835227729462,DESCENDING,15,20,False,p04040,80.68152825124358,22.34696766079769,0.0384595015641449,0.0313580230494094,0.0276014070691238,0.0538021240156493,-0.0874479465704709,0.0601286824441213,-49.21001950639866,increase
0.7166207888173328,0.7366252910744995,0.331264331556763,0.3716912155621409,0.1433838131457777,0.2316717755186082,0.4397383197599613,0.5409536020547858,-8.307812389041553,-8.567998183809996,-14.985966902856283,-15.10535083473056,4.908759324044491,4.794945986910779,0.0134590032412585,0.0134590032412585,-1.4998845586463387,1.0303289727404144,-5.422701045390563e-05,-0.0201007665510055,0.0226630025491536,-0.0459401601594791,72.06964235410202,25.954467497602863,792.4325857984377,7.635028492764754,185.64898674606223,DESCENDING,15,20,False,p01466,80.84307161455189,22.19748868127918,0.0200045022571666,0.0404268840053778,0.0882879623728304,0.1012152822948245,-0.2601857947684429,-0.1193839318742746,-46.11517485649915,increase
0.6865821022840379,0.7070270278904769,0.3275221605246927,0.3353566883972944,0.1501537162914925,0.160893813203466,0.4381600651172662,0.4655390617656885,-9.168163140035697,-9.355515377981282,-16.020515427257447,-15.953340994616564,5.070078350743321,4.812952730609845,0.0115701507780119,0.0115701507780119,-1.464430996871216,0.8025212053311781,0.0026521345889311,-0.0173554900093737,0.0194900289939689,-0.0398759532290749,68.90456501744286,24.64946831348492,658.9111533758992,4.752647098779732,215.96466272964807,DESCENDING,15,20,False,p04534,80.64424901355704,22.375713618397405,0.0204449256064389,0.0078345278726017,0.0107400969119735,0.0273789966484222,-0.1873522379455856,0.0671744326408827,-44.255096703957946,increase
0.6282221819071684,0.6400418346964779,0.2923535673847043,0.3023986996754059,0.0562031003355096,0.0747670060663063,0.3205540814792325,0.3542828628919547,-8.553803988874689,-8.84411639637133,-15.331615550788303,-15.650146523621297,4.938395575283573,4.981192709150838,0.0084526031894918,0.0084526031894918,-1.5443099433055922,0.7229861192934731,0.003544704023229,-0.0165211059794192,0.020662246911739,-0.039080377060638,69.36063376822973,24.731863559653224,603.8049299039288,4.274909282734145,131.14140703678254,DESCENDING,15,20,False,p04414,80.51998488793527,22.369964426877463,0.0118196527893095,0.0100451322907015,0.0185639057307966,0.0337287814127222,-0.290312407496641,-0.3185309728329901,-44.62877020857651,increase
0.6769485638665805,0.6862364190417095,0.2991132097500514,0.3145708687334373,0.1072543918741351,0.151417633625143,0.3904411931061092,0.4435585066428929,-8.395864280380973,-8.986248134792033,-15.516710474465915,-16.127638463820894,5.46776247437656,5.527461574286964,0.013076990896941,0.013076990896941,-1.4844812723963,0.934301259330278,0.0002003547451366,-0.0192177337071046,0.0228551046092944,-0.0457311450256777,58.25098128910483,22.71061244759246,650.8830324332945,6.265569579805074,151.38471001757466,DESCENDING,15,20,False,p05685,80.96112253389258,22.438954725116776,0.0092878551751289,0.0154576589833858,0.0441632417510078,0.0531173135367837,-0.5903838544110602,-0.6109279893549786,-35.54036884151237,increase
0.6138129832331417,0.6364510275953272,0.2621437773379527,0.3031151191012493,0.0828880449543332,0.1639390429757785,0.3343015166543068,0.4205626469023582,-8.944555355200567,-9.446569338326388,-16.433924467729554,-17.352780636893076,5.954521479905906,6.558548000469016,0.0110079777149374,0.0110079777149374,-1.5489341228116615,0.9940241219601348,0.0018196344892469,-0.0221001466262662,0.041819479327048,-0.0509419842628715,73.82432537139768,26.311119278417017,789.2279082796434,7.820745127856249,152.37707791428224,DESCENDING,15,20,False,p01498,81.04189421554673,22.19748868127918,0.0226380443621855,0.0409713417632966,0.0810509980214452,0.0862611302480514,-0.5020139831258206,-0.9188561691635222,-47.51320609298066,increase
0.6258621242871911,0.6296505764351262,0.3009712216133149,0.3117583584437676,0.0822720156651762,0.0934397583347518,0.3496377975321879,0.3735228025599644,-8.361409348480953,-8.610355046736826,-15.213363285613948,-15.692025029002773,5.03268933482267,5.279494339871682,0.011173545488995,0.011173545488995,-1.5443430747774665,0.7228258393768474,0.0035200222510797,-0.0155808457140994,0.022366276627432,-0.0377485135416501,54.64023322074027,22.98708339517688,557.9045824880044,4.62357099153061,167.6281679708884,DESCENDING,15,20,False,p00701,80.43921320628111,22.15724434063958,0.0037884521479351,0.0107871368304527,0.0111677426695756,0.0238850050277764,-0.2489456982558735,-0.4786617433888249,-31.65314982556339,increase
0.615732916746647,0.6228711679279587,0.2921688086009104,0.3060866969035154,0.0475360279725805,0.0943467068815905,0.3021682998740723,0.36772573997684,-9.053940326433857,-9.54959337310277,-16.20754181332933,-16.806772757354874,5.498054154073475,5.6453711830839435,0.0102085264779431,0.0102085264779431,-1.4772239838895531,0.9838521710189146,1.0282827520948046e-05,-0.0200349605710882,0.0225306897919887,-0.0461506614414299,66.63013047806537,23.738923145906774,661.7017115892176,4.476317683755895,162.0808206030552,DESCENDING,15,20,False,p02668,80.85549802711407,22.266478979518492,0.0071382511813117,0.013917888302605,0.0468106789090099,0.0655574401027677,-0.4956530466689131,-0.5992309440255461,-42.891207332158594,increase
0.7250520127163853,0.7347062211358456,0.3350783549540293,0.3664650290610844,0.1346417316766704,0.2015937258388451,0.4348582260134098,0.5148956346667782,-8.398295105663241,-8.621936877282147,-14.868336108563623,-15.154251810398446,4.6658067233885525,4.754369854151042,0.0095144359984383,0.0095144359984383,-1.53601753918308,0.9696025242546336,0.0003167933517358,-0.0193294814260516,0.021700121819963,-0.0442024714380804,80.97789645848806,28.793917554606033,755.6834850267759,5.850708036150264,156.47790238787093,DESCENDING,15,20,False,p00657,80.78715275802209,22.151495149119636,0.0096542084194602,0.0313866741070551,0.0669519941621746,0.0800374086533684,-0.2236417716189063,-0.2859157018348206,-52.18397890388203,increase
0.6155680430297283,0.6233119424821251,0.3058830509432244,0.2996004334158255,0.0641119520752741,0.0625689427912292,0.3356341580349488,0.3433003668582278,-8.418256117258862,-8.616780873729068,-15.227635775533502,-15.77306954344899,4.933698070993218,5.391871154638343,0.0085011451683063,0.0085011451683063,-1.494107126903116,0.6949585731461793,0.0026689515911017,-0.0165579735190233,0.0193801378279191,-0.0395315827964409,65.3390791774774,22.756154881462574,495.5751523817895,4.343995398589218,128.10020051286563,DESCENDING,15,20,False,p05614,80.51998488793527,22.438954725116776,0.0077438994523967,-0.0062826175273989,-0.0015430092840448,0.007666208823279,-0.1985247564702064,-0.5454337679154886,-42.58292429601482,increase
0.7524166376530134,0.7610105505743622,0.3584318874133504,0.3785215846299136,0.2309729027934394,0.2529751791268273,0.5354883470346669,0.5589656514976128,-8.302819631689834,-8.56929615566543,-15.325124007472423,-15.72975590889326,5.227408300079493,5.3762111921838125,0.0134913506551977,0.0134913506551977,-1.5158457702405153,0.7667089066122984,0.0034549026399844,-0.0168742981091752,0.0203911110209348,-0.0395518845609241,67.7421353030661,24.28036837960333,572.1977380809653,4.920233385285536,170.11645286336568,DESCENDING,15,20,False,p04524,80.58211695074615,22.375713618397405,0.0085939129213488,0.0200896972165632,0.0220022763333879,0.0234773044629459,-0.2664765239755962,-0.404631901420835,-43.461766923462775,increase
0.6454745406543764,0.6755971645232054,0.3154660336083991,0.32315594462629,0.1197862138434345,0.1365675044012911,0.3963461997282144,0.4250124930282019,-8.705061963816638,-8.851078065444046,-15.473623159823893,-15.86765836314815,4.920965778316607,5.233697106814261,0.0120226554454779,0.0120226554454779,-1.4852216047488471,0.7585419962383414,0.0029912879044146,-0.0168523933672593,0.0195071660669019,-0.0397987305089606,65.35194405804585,23.428255718989963,515.8165370753657,7.415200939770008,214.41663137201635,DESCENDING,15,20,False,p05125,80.58833015702724,22.410208767517062,0.030122623868829,0.0076899110178909,0.0167812905578565,0.0286662932999874,-0.1460161016274082,-0.3940352033242593,-41.923688339055886,increase
0.6949522213843184,0.7103139858776291,0.3434158520896557,0.3514731878334974,0.1793153389941837,0.2011447511159535,0.4726137353434233,0.5079237404516566,-8.248015649713208,-8.45205647490776,-15.102421890293725,-15.468326179840613,5.012635516969257,5.227244723134921,0.0119005556502266,0.0119005556502266,-1.4847351047596131,0.7410815756693575,0.0028287815685289,-0.0167462993343947,0.0193873005170594,-0.0398323868624555,65.14024108114366,23.26450817000931,499.44341303253753,5.567107901485077,189.27572516156872,DESCENDING,15,20,False,p05422,80.56969053818398,22.42745634207689,0.0153617644933106,0.0080573357438416,0.0218294121217698,0.0353100051082332,-0.2040408251945518,-0.3659042895468882,-41.87573291113435,increase
0.6754115305102114,0.6956045719266846,0.3329000142680666,0.3371223215467434,0.1538359291883634,0.1657848789197139,0.4457426521587955,0.4644459571209577,-7.964929472220679,-8.174946545874905,-14.85596502416884,-15.234457827159684,5.086073910270848,5.2632554059282,0.0086817039595259,0.0086817039595259,-1.4893243090292425,0.7308749275144908,0.0028353218834495,-0.0166983679418804,0.0194451322046644,-0.0397275042545228,66.06774198671454,23.558839138022297,508.234976869052,6.598568198342875,154.1255303339005,DESCENDING,15,20,False,p05320,80.5572641256218,22.421707150556948,0.0201930414164731,0.0042223072786768,0.0119489497313505,0.0187033049621622,-0.2100170736542255,-0.378492802990845,-42.50890284869224,increase
0.6133800616787219,0.6201899886893357,0.2842458166309192,0.2957835985764313,0.0676890093727813,0.0987025180980851,0.3076960560561834,0.3489430168240949,-9.228389519686102,-10.05834431807657,-16.479543375092103,-17.376613163856447,5.6607829657105215,5.855332063531628,0.0136827721129502,0.0136827721129502,-1.531823262959593,0.978169540126308,0.0005730980681931,-0.0196894840136476,0.026902146700102,-0.0474879278417137,58.38421365314157,22.537484497702035,639.9206176754881,5.73473985253117,165.90821144121608,DESCENDING,15,20,False,p05796,81.02946780298456,22.44470391663672,0.0068099270106137,0.011537781945512,0.0310135087253038,0.0412469607679115,-0.8299547983904674,-0.8970697887643446,-35.84672915543953,increase
0.6468280561604657,0.6541067226630487,0.3056448461948631,0.2989492451274635,0.0682169565142215,0.0542264812331892,0.3452582082703756,0.3406378475774355,-8.803288147993678,-8.994649149708277,-15.55382137191103,-15.867048659769772,4.888868462725439,5.034347500482665,0.0088961011111486,0.0088961011111486,-1.4893233795049632,0.7659017956018181,0.0031403653080891,-0.0169242162599183,0.0196639495444208,-0.0396516553791197,65.97935328196958,23.679423541319174,550.513170904238,7.1252140221698745,210.92536353624897,DESCENDING,15,20,False,p04926,80.59454336330833,22.398710384477177,0.007278666502583,-0.0066956010673995,-0.0139904752810322,-0.00462036069294,-0.1913610017145988,-0.3132272878587425,-42.299929740650406,increase
0.5919329887682157,0.6026591862492895,0.2881426350585575,0.2921842906855759,0.0464563214781984,0.0604171387837163,0.3066640195984081,0.3352833581381798,-8.718440135559035,-9.093491530042654,-15.639504323315611,-16.200151515011505,5.135804871640801,5.338229246270059,0.0092691523678446,0.0092691523678446,-1.5260182240565685,0.6675898086540686,0.0029750886804756,-0.0162588618066323,0.0205021584260485,-0.0388561247784103,63.37739238251736,22.858977276695914,477.8420253366906,2.922695120489145,176.32283898813074,DESCENDING,15,20,False,p04203,80.45163961884329,22.358466043837577,0.0107261974810738,0.0040416556270184,0.0139608173055179,0.0286193385397717,-0.3750513944836182,-0.5606471916958924,-40.51841510582145,increase
0.5818124995476247,0.61491917975312,0.2833320270835266,0.3062019209775141,0.0289362520861028,0.0854634065064726,0.2833989223104997,0.3640257329775938,-8.7275028018989,-9.225257587408269,-15.666976709137456,-16.160694855259422,5.194581303380219,5.273193438864046,0.0127221001289976,0.0127221001289976,-1.352836509663662,0.8774128072701882,0.0002310811131911,-0.0177255686935612,0.016527652775615,-0.0401122558589273,56.819201004744016,21.7444100012979,610.3603879244922,3.4971041468616897,166.1988272793358,DESCENDING,15,20,False,p05761,80.81200558314644,22.44470391663672,0.0331066802054953,0.0228698938939875,0.0565271544203697,0.0806268106670941,-0.4977547855093664,-0.4937181461219655,-35.074791003446116,increase
0.5894613270196191,0.6284791954066306,0.2664576033814052,0.3027468159303431,-0.0114814447296211,0.0730231375744532,0.2502818413980429,0.3573185949525731,-9.230954745370989,-9.75712266114051,-15.376481239175671,-16.268024425779714,4.388388763059132,4.774624849571353,0.0136071561232669,0.0136071561232669,-1.573047148736192,0.9788155488436286,0.0015767711647275,-0.0211365453427093,0.0338284840640034,-0.0491510974749484,82.56232711662543,28.752738337541366,923.4030117140082,6.188919529510135,182.2888946060893,DESCENDING,15,20,False,p04096,81.02946780298456,22.34696766079769,0.0390178683870114,0.0362892125489379,0.0845045823040744,0.1070367535545302,-0.5261679157695234,-0.8915431866040429,-53.80958877908406,increase
0.644312062945665,0.6495468058024131,0.304057938748844,0.3132513854781991,0.0798442604681254,0.0953934800783051,0.3518056265897752,0.3835347008904287,-8.639376745608889,-8.901354737790191,-15.462926510047913,-15.697410380965636,4.981222734748064,4.974045268072009,0.0135533848751669,0.0135533848751669,-1.5257063448427453,0.6922314082662346,0.0031845368090515,-0.0164476652492691,0.0201965563342782,-0.039049287400897,69.9244659068589,24.309593799552857,558.2599053077495,2.8136459731678487,137.51139441974857,DESCENDING,15,20,False,p04911,80.501345269092,22.398710384477177,0.005234742856748,0.0091934467293551,0.0155492196101797,0.0317290743006535,-0.2619779921813023,-0.2344838709177228,-45.61487210730604,increase
0.6572817544891552,0.67675852409272,0.325476918018116,0.3634121819104813,0.1161396605355113,0.1720972022324886,0.392639983194345,0.4701339586399823,-9.369267901424903,-9.399567263095946,-15.92091796588937,-16.152652813566814,4.689920315762603,4.910631981678483,0.0121244016078304,0.0121244016078304,-1.559934678959424,0.7077653588244708,0.0036407605395167,-0.0163603439321989,0.0209847115017573,-0.0389430408150747,68.3773197010635,24.394371180069264,606.5392543877277,5.74023363697027,219.16569250930593,DESCENDING,15,20,False,p04310,80.49513206281091,22.36421523535752,0.0194767696035648,0.0379352638923652,0.0559575416969772,0.0774939754456373,-0.0302993616710427,-0.2317348476774441,-43.982948520994235,increase
0.6339600319586921,0.7093545756870907,0.2877468116904808,0.3338356836684973,0.0726231144569336,0.1869749183401422,0.3427213877349621,0.4863155067201318,-8.156132057711753,-8.125163307834747,-14.834118725285665,-15.38503461031493,4.83736853905711,5.506992968524341,0.0135146491637986,0.0135146491637986,-1.5049446628825234,0.7193292558881825,0.0030260411735411,-0.0166304709698788,0.0197649947752625,-0.039415689417358,67.28996771356483,23.790972301559723,498.1911503859115,5.0208935905016,177.49470269579228,DESCENDING,15,20,False,p05117,80.53862450677853,22.410208767517062,0.0753945437283986,0.0460888719780165,0.1143518038832085,0.1435941189851697,0.0309687498770063,-0.5509158850292675,-43.498995412005115,increase
0.6309543154575752,0.6398672426580294,0.2964989392493485,0.3035230918022985,0.0608974221067675,0.0635522085297685,0.3320043758752822,0.3515168640610094,-8.820479280347277,-9.021085961600892,-15.758601217657274,-15.944317446253416,5.107216897544223,5.099336189576272,0.0086288304673027,0.0086288304673027,-1.5486601389689203,0.7611213457100574,0.0037914788686846,-0.0167381529159754,0.0211071364177302,-0.0393311783382256,69.93133426581142,25.161743143434297,597.2359189545622,4.968245214402739,194.53363705391027,DESCENDING,15,20,False,p04120,80.5572641256218,22.35271685231763,0.0089129272004542,0.0070241525529499,0.002654786423001,0.0195124881857271,-0.2006066812536158,-0.1857162285961404,-44.76959112237712,increase
0.7111739313215671,0.7298692724030486,0.3354776659600927,0.3460238152429573,0.136761751385046,0.149877753607459,0.4364434770027131,0.4633619657000866,-9.22586311639323,-9.784074012738577,-15.909136559330014,-16.358452448606126,4.927026544154556,4.8195792371887665,0.013300069234186,0.013300069234186,-1.495892597404018,0.8132512740575709,0.0029495080332237,-0.0175639954406435,0.0205509879792856,-0.0401985477965451,76.14694222235809,26.983532614202343,613.7195788766843,5.534693910179538,244.50815386829072,DESCENDING,15,20,False,p03635,80.65046221983813,22.32397089471792,0.0186953410814814,0.0105461492828645,0.0131160022224129,0.0269184886973735,-0.5582108963453472,-0.4493158892761126,-49.163409608155746,increase
0.6540943167302044,0.6602740254622937,0.3119207798342352,0.3116305053927301,0.1242984539902757,0.1251938945751449,0.4002825722448412,0.4077408581294044,-9.25207293984744,-9.926537465212473,-16.042636558581435,-16.88038556374832,5.058482085354411,5.252099557979397,0.012075314349472,0.012075314349472,-1.511561490514068,0.8048203858955081,0.0033272451022686,-0.0173000489475164,0.0207790232761148,-0.0399629987444776,71.5400701874364,25.47829287113064,573.2962190080988,5.801803746611982,194.0559593197573,DESCENDING,15,20,False,p03931,80.62560939471378,22.34121846927775,0.0061797087320893,-0.0002902744415051,0.0008954405848692,0.0074582858845632,-0.6744645253650319,-0.8377490051668843,-46.06177731630576,increase
0.702599492201093,0.7168167736939417,0.3219688375076658,0.3389978070292747,0.1410628645999735,0.205870617124049,0.4376933196344664,0.5119318728127835,-8.659608298287385,-8.935573547419109,-15.764919302902769,-16.32195612759884,5.442141152221605,5.812245206130779,0.0135259290204763,0.0135259290204763,-1.480379357360161,0.9832488588319768,1.860705195348941e-05,-0.0199425557737671,0.0222124713551867,-0.0458549688885168,66.4771461095253,23.831388709753963,670.4996959708119,4.089864627004192,179.7125244023426,DESCENDING,15,20,False,p02366,80.84307161455189,22.249231404958664,0.0142172814928487,0.0170289695216088,0.0648077525240755,0.074238553178317,-0.2759652491317244,-0.5570368246960715,-42.64575739977133,increase
0.7318178003389417,0.7493282355932925,0.383482708608271,0.3899004435429702,0.1938161153484507,0.1974652221711557,0.4974718657945885,0.5089807593410034,-9.676176491481185,-9.738987073477142,-16.135744822624392,-16.156159395469764,4.669622335239448,4.648047898458618,0.0131464368762357,0.0131464368762357,-1.4446476870465808,0.8442428673598831,0.0014715857897448,-0.0184179050776184,0.0197294510062038,-0.0417550220793285,77.31628975759358,27.49478622941666,833.2584524837677,9.723099190736646,244.2678005949524,DESCENDING,15,20,False,p03547,80.7250206952112,22.318221703197977,0.0175104352543508,0.0064177349346991,0.0036491068227049,0.0115088935464148,-0.0628105819959579,-0.0204145728453717,-49.82150352817692,increase
0.5643973512968461,0.5693832491027108,0.2676889681156694,0.2836609164432014,0.0487317788268635,0.0892685708019827,0.3022048152658937,0.3587172449770554,-9.748302230157226,-10.047369917584026,-16.681139776172035,-17.39493973397072,5.17181843377265,5.758166363502525,0.0095765474608309,0.0095765474608309,-1.586673321773988,0.8603849660762035,0.0022614568457464,-0.017793599127127,0.0224753784680361,-0.0412299123342749,57.67316873599277,22.609083192891628,553.7935885221096,4.2482686287539675,189.4540956437497,DESCENDING,15,20,False,p00339,80.67531504496249,22.134247574559808,0.0049858978058646,0.015971948327532,0.0405367919751192,0.0565124297111617,-0.2990676874268008,-0.7137999577986847,-35.06408554310114,increase
0.6386747092577773,0.6515143225945303,0.3135199154008918,0.3276139540208982,0.0843602134219244,0.1377148154878802,0.3510812982104038,0.42259906374357,-8.697423483867388,-9.301995203072076,-15.916596658521442,-16.557445571513984,5.537162246414755,5.701445153632357,0.0089391840835628,0.0089391840835628,-1.4792854341396686,0.9632157898289024,6.239661193094688e-05,-0.0197389892559017,0.0215581242567179,-0.0453735517533368,64.43558066735305,23.029349818934495,660.6567579674905,5.234448995264304,179.48412901574298,DESCENDING,15,20,False,p02463,80.82443199570862,22.254980596478607,0.012839613336753,0.0140940386200064,0.0533546020659558,0.0715177655331662,-0.6045717192046887,-0.6408489129925421,-41.40623084841856,increase
0.5193117687797586,0.5524880642587539,0.2690876283959488,0.2757912884473609,-0.0412840199793738,-0.0269700373926072,0.1875271270965336,0.2230631618348738,-9.481731149284226,-10.280895025515449,-15.456442048204735,-16.413889955824025,4.230677207927124,4.419035091267109,0.0099400529396728,0.0099400529396728,-1.3733520404411832,0.855158487092227,0.0004536987867359,-0.0181852600157685,0.0178198922347017,-0.041302250548679,58.16126649496984,21.675722265504092,625.5527872436188,6.635263293255324,173.9942615572559,DESCENDING,15,20,False,p04956,80.780939551741,22.398710384477177,0.0331762954789952,0.006703660051412,0.0143139825867666,0.0355360347383401,-0.7991638762312228,-0.9574479076192884,-36.48554422946575,increase
0.627462824533275,0.6345616344311987,0.2898676083501511,0.2967891685901735,0.0454078320938168,0.0937596641942283,0.3165812170684606,0.3709551273528625,-9.511909152428023,-9.899541122615632,-16.281069223395967,-17.063259943313554,5.061624405978049,5.563861946610264,0.0102445690172925,0.0102445690172925,-1.4891618299344545,1.0608927277705482,-3.469449560906749e-05,-0.0207272841689051,0.0254297898568073,-0.0477017699062859,71.66372991328055,25.640279588847672,667.8353815627339,5.401628982446029,194.0535659993919,DESCENDING,15,20,False,p02076,80.90520367736278,22.231983830398836,0.0070988098979237,0.0069215602400224,0.0483518321004115,0.0543739102844019,-0.3876319701876074,-0.7821907199175868,-46.02345032443287,increase
0.5833639334823791,0.5879788912277928,0.2731855718736373,0.2765370873457221,0.0397854238098151,0.0440069417462,0.3024066434299967,0.3096398079215767,-9.738322594324051,-10.48935945494658,-16.33502891559917,-17.07064902412953,4.915860390787519,4.954103837086753,0.0098813390326643,0.0098813390326643,-1.519586025242055,1.0615979139747966,0.0008972935621733,-0.0215434926510701,0.0330935750381,-0.0494043039453551,71.78779408960091,25.422810017026467,770.016584188292,10.108589820961578,153.52540736270365,DESCENDING,15,20,False,p01988,80.97976215273584,22.226234638878893,0.0046149577454136,0.0033515154720847,0.0042215179363849,0.00723316449158,-0.7510368606225271,-0.7356201085303589,-46.36498407257445,increase
0.6173973592052622,0.6414821305829276,0.2905973835928475,0.3188990108395383,0.0524615757775689,0.0891217471500442,0.3100317748836363,0.357692665279167,-8.905728479596347,-9.524899299561708,-15.606611343398288,-16.57550423547139,4.883526245500735,5.315242741695843,0.0119689113444052,0.0119689113444052,-1.5438277355534598,0.7863384591826251,0.0038721648266218,-0.0169421964241755,0.0213407602102135,-0.0395852154398163,68.39365175736211,24.57889569240765,589.4329071822062,5.935005956521385,124.4265109176241,DESCENDING,15,20,False,p03825,80.58833015702724,22.33546927775781,0.0240847713776654,0.0283016272466908,0.0366601713724752,0.0476608903955307,-0.6191708199653618,-0.968892892073102,-43.81475606495446,increase
0.6151806883818115,0.6469214941433696,0.2903974362171808,0.3178071097111969,0.033105874648338,0.0940185683245801,0.2889218797759918,0.3793966070586748,-8.47640686775457,-8.743671536501504,-15.395890406573978,-15.760440602363436,5.0764891558197744,5.215802344829409,0.0134347434041778,0.0134347434041778,-1.5170669215423127,0.6944356893210277,0.0030430759170216,-0.016490432663599,0.0199253035602388,-0.0391769598972544,68.42076700692189,23.79093374201897,542.7654896256272,4.5311151251638435,134.84845263595383,DESCENDING,15,20,False,p05112,80.50755847537309,22.410208767517062,0.0317408057615581,0.027409673494016,0.0609126936762421,0.090474727282683,-0.2672646687469342,-0.3645501957894588,-44.62983326490292,increase
0.5944415889255368,0.6158100691157533,0.3201387011108011,0.3469269099021017,0.1044695517311526,0.1351729458181157,0.3516651803427725,0.3978025160284765,-9.101640881468834,-9.274909165503034,-15.634973159716337,-16.063081027943905,4.810581442500281,5.245082606208175,0.0124388059465928,0.0124388059465928,-1.4254689936921026,0.849249429355775,0.0011851954681113,-0.0183643497704014,0.0192111299326201,-0.0416791738409539,71.323779093088,25.634974602582673,730.2122840261289,10.453159354936712,146.1233599577847,DESCENDING,15,20,False,p03849,80.73744710777338,22.33546927775781,0.0213684801902165,0.0267882087913005,0.0307033940869631,0.0461373356857039,-0.1732682840342008,-0.4281078682275705,-45.68880449050533,increase
0.6259385149249548,0.6599596576914775,0.2606790083303159,0.3019604468648522,0.0395218786230463,0.1419652112692898,0.2979004931909011,0.4162865296177439,-8.593798772154752,-9.020702992839016,-15.86714106517337,-16.599763836889554,5.7363200140788075,6.182294957887379,0.0096349031624956,0.0096349031624956,-1.5337680872368813,1.0217032758313476,0.0006391415471714,-0.0216811790846053,0.0410214019683997,-0.0516893132844194,62.60583007422997,23.138458178811895,764.2945933179072,8.31387258708897,164.77923315265687,DESCENDING,15,20,False,p00293,81.01082818414129,22.128498383039865,0.0340211427665226,0.0412814385345363,0.1024433326462435,0.1183860364268428,-0.4269042206842623,-0.7326227717161835,-39.46737189541808,increase
0.6958748770418441,0.7219780113186316,0.3035641343982209,0.3261515073713285,0.1412684051104,0.181030064401228,0.4410193758081209,0.492150960077706,-8.647990798305601,-9.087967476540848,-15.574821982002534,-16.28626690250669,5.128173015129158,5.49582735623387,0.0116771747324508,0.0116771747324508,-1.5102894006921972,0.7911597838949644,0.0034231630637735,-0.0170883270846842,0.0205063918294343,-0.0398119121070727,68.44895451266656,24.490722351108992,567.4717644032089,5.48932321396986,189.29421459696724,DESCENDING,15,20,False,p04328,80.60696977587051,22.36421523535752,0.0261031342767874,0.0225873729731075,0.039761659290828,0.051131584269585,-0.4399766782352454,-0.7114449205041549,-43.95823216155757,increase
0.5355084254960734,0.5448012094105122,0.2662820616600507,0.2650842697788534,-0.0260493516197193,-0.0126578739892512,0.208838322640511,0.2329330321881965,-9.382763902682536,-9.71646945040892,-16.375024462799686,-17.28950526415977,5.177312855475033,5.965027965451564,0.0135250246611664,0.0135250246611664,-1.5576134055818136,0.6953519254822196,0.0034890567567531,-0.0162284248677984,0.021051675529381,-0.0388856890662044,63.09144782454428,23.10004137075731,480.3084118874576,2.9559217417028445,172.70689117555355,DESCENDING,15,20,False,p03805,80.46406603140547,22.33546927775781,0.0092927839144388,-0.0011977918811972,0.0133914776304681,0.0240947095476854,-0.3337055477263835,-0.9144808013600852,-39.99140645378697,increase
0.6855160339738402,0.6950843306607783,0.325611255024941,0.3378890789051206,0.133366778016417,0.1450567959415549,0.4232612217005915,0.4466621844879912,-8.215204680801806,-8.402033973573312,-15.073993181813409,-15.55656235550463,5.002696005252118,5.374126120535101,0.0118007408057706,0.0118007408057706,-1.5533390392830988,0.7746754039099988,0.0039155401090256,-0.0168196697572029,0.0213856957686473,-0.0394214437539485,69.090581913064,24.863724412056648,601.802379030002,4.573269487501299,113.4371147865988,DESCENDING,15,20,False,p03922,80.56969053818398,22.34121846927775,0.0095682966869381,0.0122778238801796,0.0116900179251378,0.0234009627873996,-0.186829292771506,-0.4825691736912212,-44.22685750100735,increase
0.7403208027527224,0.7518152322869205,0.4081081430536432,0.4098349458292297,0.2571980070720526,0.2543041036730746,0.5518549918920547,0.5476411632167595,-9.38690321010123,-9.76969940748644,-15.977691315950644,-16.136477063348206,4.826486819841348,4.590626656592025,0.0135485903496179,0.0135485903496179,-1.4508647024689072,0.8228300518555158,0.0020609111078548,-0.0179880611289865,0.019594693089694,-0.0405706492895172,81.80775818437908,28.972377821219,792.7891916962543,8.283522054825188,283.5352253462558,DESCENDING,15,20,False,p03642,80.69395466380575,22.32397089471792,0.0114944295341981,0.0017268027755865,-0.0028939033989779,-0.0042138286752951,-0.3827961973852094,-0.1587857473975624,-52.83538036316008,increase
0.6950645489297559,0.7682594219990573,0.2941846852627927,0.3617526054774342,0.1248978323838124,0.2769037551118036,0.4147473277061004,0.5773031764732446,-7.730660024819259,-8.21969844825128,-15.09770252104144,-16.04434194291278,5.770438083354265,6.4870804763968355,0.0121605549738524,0.0121605549738524,-1.5529168701623448,0.98027823889982,0.0017908698752215,-0.0220928313712904,0.0428576962635027,-0.0511469919985797,74.12287776067377,26.580747710841973,804.7912443861537,7.257852541623054,100.45112595358071,DESCENDING,15,20,False,p01299,81.04810742182782,22.185990298239293,0.0731948730693013,0.0675679202146415,0.1520059227279912,0.1625558487671441,-0.4890384234320217,-0.9466394218713408,-47.5421300498318,increase
0.5995832427741877,0.6161163778751976,0.2835663722064236,0.3001996388717898,0.0994565608419986,0.1082864221405737,0.3570663693414316,0.3860928593479786,-9.743509356139969,-9.96453700309142,-16.01757895941584,-16.28098244746775,4.538768638824942,4.557240926212752,0.0093339814147294,0.0093339814147294,-1.4399838829824785,0.8129560538217914,0.0022141274872193,-0.017550273995175,0.0190197620616489,-0.0399234972225892,69.7065455674255,25.017372554888688,691.1075890181037,3.4407864764416707,171.69559205530905,DESCENDING,15,20,False,p04538,80.6691018386814,22.375713618397405,0.0165331351010098,0.0166332666653661,0.0088298612985751,0.029026490006547,-0.2210276469514518,-0.2634034880519103,-44.689173012536806,increase
0.4767002825179446,0.5275008987864062,0.2214247104548324,0.2491891310823784,-0.1572783342038341,-0.1029679648425341,0.0499926798937122,0.1447816123478498,-9.399497650473014,-10.112894711879658,-15.469331883322026,-16.102389093288114,4.261124907938808,4.204525114695224,0.0084026241515764,0.0084026241515764,-1.4090617575941755,0.8729831077192917,0.0004117848567464,-0.0186755634613421,0.0189752363739865,-0.0427667720832646,60.68807719889627,22.143876979688716,646.8668124552786,7.44235855958708,173.68884315128523,DESCENDING,15,20,False,p04057,80.78715275802209,22.34696766079769,0.0508006162684615,0.027764420627546,0.0543103693613,0.0947889324541375,-0.7133970614066438,-0.633057209966088,-38.54420021920755,increase
0.71499145858497,0.7247422200459805,0.3184331005290727,0.3330793506722754,0.1507821071317371,0.1781989866461071,0.451564483500572,0.4872373048894776,-8.50470312175838,-8.715475358179384,-15.505153139754544,-15.972938314843317,5.192792137550975,5.532049533293345,0.0119829128475112,0.0119829128475112,-1.5334280427992666,0.7811087761292933,0.0037274413725257,-0.0169309521922665,0.0210120129573251,-0.0395883690506715,68.77516808475022,24.63275785776821,571.332493823608,6.358326737185478,157.94520000319807,DESCENDING,15,20,False,p04125,80.58833015702724,22.35271685231763,0.0097507614610105,0.0146462501432026,0.02741687951437,0.0356728213889055,-0.210772236421004,-0.4677851750887711,-44.14241022698201,increase
0.6717927692975677,0.6802624872602689,0.3127709732416754,0.3207120686902521,0.0954580356307336,0.1082090563329555,0.3818365731516246,0.4167546924735809,-9.229677839727172,-9.746840243361262,-16.034303637563195,-16.282770875003678,5.0320778360899645,4.778739519075192,0.0092561544582078,0.0092561544582078,-1.4855475784109964,0.8181223606876747,0.0026566011328511,-0.017794478660984,0.0204118390058521,-0.0404573090490008,81.25514017491447,28.712562322399048,647.561280212356,4.485188649828499,211.79985288591465,DESCENDING,15,20,False,p03338,80.6691018386814,22.306723320158092,0.0084697179627012,0.0079410954485766,0.0127510207022218,0.0349181193219562,-0.5171624036340905,-0.248467237440483,-52.54257785251542,increase
0.6207735465834296,0.6456608980090497,0.2908477498165669,0.3174770519392616,0.0675120768222919,0.1299928959024958,0.3447581860975707,0.4212812493994068,-8.56766855569345,-8.966166689533242,-15.317173559780466,-15.878956814256837,5.04137533621066,5.2655620927008675,0.0109592891469222,0.0109592891469222,-1.3468074375506842,0.8713559236787084,0.0003831224853403,-0.0175755082868349,0.0163286050125072,-0.0396757752776371,55.53891196276972,21.12613048080103,591.1089799407257,6.752035085757198,155.51485472802943,DESCENDING,15,20,False,p05758,80.79336596430318,22.44470391663672,0.02488735142562,0.0266293021226947,0.0624808190802038,0.0765230633018361,-0.3984981338397926,-0.561783254476369,-34.412781481968686,increase
0.5918661890573704,0.6007770265622902,0.3071645444052432,0.3032736557718638,0.0596146204564627,0.0668546909120492,0.2934562517291866,0.3079996798451324,-10.234956482715448,-10.78709694088185,-17.452490380218812,-18.17870534444881,5.692736732499432,6.019832714338652,0.0123284603425005,0.0123284603425005,-1.4365962406466013,0.8274398916554659,0.0018325109765677,-0.0180114972182369,0.0192678000869299,-0.0406102906250009,78.18210828304291,27.862825079991,724.3548567636499,4.934997961190664,163.98300192687478,DESCENDING,15,20,False,p03943,80.70016787008684,22.34121846927775,0.0089108375049197,-0.0038908886333794,0.0072400704555865,0.0145434281159457,-0.5521404581664022,-0.7262149642299995,-50.31928320305191,increase
0.7407335725376436,0.7533419389253508,0.354599258527384,0.3828912952940562,0.2328016716498483,0.2544349945799315,0.5331383003024773,0.5650076222347755,-8.066801351461109,-8.069832066238368,-14.945371724835102,-15.08553627470229,5.01569349661423,5.207590502455113,0.0118771796248694,0.0118771796248694,-1.5110683884649572,0.7522578145989924,0.0033266786010423,-0.0167970385344093,0.0201321348338685,-0.0394670358546919,67.30021810531616,24.092761832214624,574.7231274523118,4.351286989459549,138.9938307614854,DESCENDING,15,20,False,p04822,80.56969053818398,22.39296119295723,0.0126083663877072,0.0282920367666721,0.0216333229300831,0.0318693219322981,-0.0030307147772585,-0.1401645498671886,-43.20745627310154,increase
0.6669239016533844,0.6835930401246854,0.3166966308818564,0.3267729788501723,0.1550770774582617,0.1802562931658086,0.4347702425149472,0.4642363188537827,-8.513159138015036,-9.43598485361029,-15.908716401402064,-16.57980043435487,5.8267326393381795,5.551385556062446,0.0136886104148316,0.0136886104148316,-1.438444519126694,0.8877494688616894,-9.697233259632387e-05,-0.0191300475764189,0.0203749281761306,-0.0448519073215657,62.00899565350401,23.020496883314024,648.3095272343694,4.576716532412733,181.0330280654648,DESCENDING,15,20,False,p04872,80.88035085223842,22.39296119295723,0.0166691384713009,0.0100763479683159,0.0251792157075469,0.0294660763388354,-0.9228257155952536,-0.6710840329528054,-38.988498770189985,increase
0.7073747390347251,0.7329134232921394,0.3259175706145178,0.3806068927089629,0.1366925277234351,0.2492715820546482,0.432594511505662,0.5582558332362987,-9.283919595638064,-9.42797839674415,-15.760963403791724,-16.14227482209623,4.764586817529701,4.931403332146362,0.0098913609906106,0.0098913609906106,-1.5146723457327318,1.0003746310708554,3.926117618997755e-06,-0.019795494833558,0.0222364953925926,-0.0452574295738766,75.21137315727438,26.698606087544157,769.714752287409,7.771947519672115,232.96791623640144,DESCENDING,15,20,False,p01162,80.81821878942753,22.18024110671935,0.0255386842574142,0.054689322094445,0.1125790543312131,0.1256613217306366,-0.1440588011060857,-0.3813114183045059,-48.512767069730224,increase
0.6912555995407047,0.7070497656695907,0.312945107400209,0.3330549130081902,0.149491336466154,0.1918510273413901,0.4358143368048214,0.4831002723373868,-8.82548587712061,-9.387307948292364,-15.91542960814188,-16.52791471205477,5.426757251247984,5.55226204651716,0.0100615673293812,0.0100615673293812,-1.507922690984415,1.0473000152747671,0.0004920854953217,-0.021082201607083,0.0288624403938539,-0.0484244289173619,74.72178273435928,25.936566638250422,756.1371091624795,7.778978781963064,151.6398854290011,DESCENDING,15,20,False,p02382,80.94248291504931,22.249231404958664,0.0157941661288859,0.0201098056079811,0.0423596908752361,0.0472859355325653,-0.5618220711717559,-0.6124851039128902,-48.785216096108854,increase
0.6974344789714324,0.7052843544824194,0.3289177465857564,0.3486320399693065,0.1463609620095101,0.17006946651444,0.4349369551236222,0.4734619700735071,-8.248812743415698,-8.512269648619396,-15.027671569955354,-15.377314112655334,4.914461885147816,5.040396736620891,0.0134225838079125,0.0134225838079125,-1.53952034957829,0.7730432002688317,0.0037528053061449,-0.0168532870494463,0.0210504053870186,-0.0394846768650556,69.23583262375672,24.84360717182612,588.7050785934737,5.536626317220202,151.98095527447754,DESCENDING,15,20,False,p04123,80.57590374446507,22.35271685231763,0.007849875510987,0.01971429338355,0.0237085045049299,0.0385250149498849,-0.2634569052036983,-0.3496425426999803,-44.3922254519306,increase
0.6682406688453271,0.6769034315932652,0.2991208591988754,0.3209542919528074,0.1126986810536402,0.1357674295494221,0.3937524125567602,0.4313546072504957,-8.824079759213628,-9.612641249121063,-15.930684215688132,-16.619639751278385,5.477149632661696,5.360841637985943,0.0125875123085855,0.0125875123085855,-1.5444048043075016,0.9999340984784704,0.0011074783448093,-0.0210653392796553,0.0303345541035562,-0.0484366854986334,75.44119682695573,25.61774491718962,686.7478672455287,5.429693059253395,211.27082583771096,DESCENDING,15,20,False,p03689,80.98597535901693,22.32397089471792,0.008662762747938,0.0218334327539319,0.0230687484957818,0.0376021946937354,-0.7885614899074351,-0.688955535590253,-49.82345190976611,increase
0.7009339655177118,0.7066029735551799,0.2945710684383479,0.3139915700175014,0.094813239040962,0.1584895580262254,0.381276943396345,0.466700381860374,-8.436930085907692,-8.74917263636512,-15.11069482044615,-15.70666093932982,4.935952395526388,5.24270449617296,0.0091764597564663,0.0091764597564663,-1.4871065575950009,1.0697792246775597,-0.0001030160996692,-0.0206704672357917,0.0248619055074094,-0.047433151688149,70.75736787743763,25.627572861762893,693.5962140062566,6.249321929480661,153.7315560818324,DESCENDING,15,20,False,p01875,80.89899047108169,22.22048544735895,0.005669008037468,0.0194205015791535,0.0636763189852634,0.0854234384640289,-0.3122425504574284,-0.5959661188836698,-45.12979501567474,increase
0.7206501878183702,0.7327448677807434,0.320780190786547,0.3297038958933359,0.1712269733782591,0.1914302540891381,0.4744137852551243,0.5066809956052754,-9.219881129165437,-9.57975540289548,-16.050630404334232,-16.49333011939658,5.050945561212018,5.231254511106816,0.0116993540607762,0.0116993540607762,-1.5205124535738894,0.7952999482471886,0.0035579987131111,-0.0171065418675409,0.0208420002695517,-0.0398221564478705,69.457038264457,24.809765912144563,571.6172798055863,4.952795497785656,209.3888435896204,DESCENDING,15,20,False,p04128,80.60696977587051,22.35271685231763,0.0120946799623732,0.0089237051067889,0.020203280710879,0.032267210350151,-0.3598742737300444,-0.4426997150623464,-44.647272352312434,increase
0.6472432300983383,0.6555006527718317,0.3052380176269204,0.3136585434316303,0.0906217049600649,0.1076369877169681,0.3654075021907351,0.3946280423383534,-8.222335318787383,-8.570216437089929,-15.05405843259304,-15.502823091198996,4.9668459401163085,5.143562838861892,0.0119970779272042,0.0119970779272042,-1.5385839671602357,0.7317898041594493,0.0035266749933176,-0.0165921427360172,0.0206075721351716,-0.0391752094553014,69.35395944968438,24.799965253477776,566.8259507329326,4.295298687596911,98.5960803746983,DESCENDING,15,20,False,p04416,80.53241130049744,22.369964426877463,0.0082574226734933,0.0084205258047098,0.0170152827569031,0.0292205401476183,-0.3478811183025456,-0.4487646586059561,-44.5539941962066,increase
0.7207689970268935,0.7396062887081467,0.3303657973791628,0.3624388056063696,0.114561288701449,0.1826036855810601,0.4132066596308093,0.4958808682319722,-7.9556614014473075,-8.355894736758398,-14.425988670970026,-14.715381402046669,4.654091208176797,4.585507739913498,0.0128736168634154,0.0128736168634154,-1.550794343532251,0.9458429841565654,0.0007062417930519,-0.0189976987730078,0.0218885870060723,-0.0434767475075414,76.95239844461426,27.593266442309336,764.4394798292944,5.699025686448189,107.34903776471548,DESCENDING,15,20,False,p00453,80.76229993289773,22.13999676607975,0.0188372916812532,0.0320730082272068,0.068042396879611,0.0826742086011629,-0.40023333531109,-0.2893927310766422,-49.359132002304925,increase
0.5985325345213555,0.6050506419402356,0.2676286582846133,0.277792264709405,0.0111878982167655,0.0319672896570372,0.2469074824852695,0.2805106582535478,-9.214222619619212,-10.064395573124228,-15.767773596026014,-16.74288560253521,4.757663155588131,5.042125128662278,0.0133718439703908,0.0133718439703908,-1.518798388127142,1.027534340572423,-0.0001091036111156,-0.0200352552842906,0.0241122496208441,-0.045973539685576,76.19599995691411,26.675248084929738,827.0851430457917,4.379584671997162,129.69491348004277,DESCENDING,15,20,False,p00466,80.84307161455189,22.13999676607975,0.0065181074188801,0.0101636064247916,0.0207793914402717,0.0336031757682782,-0.850172953505016,-0.975112006509196,-49.52075187198437,increase
0.6952388641306539,0.7006019857916214,0.3299686939619659,0.3467498340969581,0.1713748744793915,0.1874009361687554,0.4508963929146484,0.4783569430775988,-8.673359058448503,-9.35063395175437,-15.832840996140188,-16.50084405898835,5.560912401645507,5.520293314224936,0.012911756780587,0.012911756780587,-1.436993565504708,0.8959375024392859,-6.58945026667213e-05,-0.0191630469632522,0.020416934921192,-0.0447871540834109,62.5929326370971,22.973065629723955,669.1076569444557,4.360857719231975,187.1673484805864,DESCENDING,15,20,False,p04671,80.87413764595733,22.38146280991735,0.0053631216609674,0.0167811401349922,0.0160260616893639,0.0274605501629504,-0.6772748933058672,-0.668003062848161,-39.619867007373145,increase
0.69655004728059,0.7073723802269163,0.3256949505453202,0.3391223934673289,0.1355187100683174,0.1616182610265677,0.4245816468113742,0.4609317931096965,-8.415899485825612,-8.740994929928917,-15.29135445184174,-15.774122620132797,5.049536393082563,5.259928581353382,0.0134225838079127,0.0134225838079127,-1.55482068796281,0.7529594663915394,0.0038165822155483,-0.0166596690876079,0.0211449392090048,-0.0392262652386228,69.5369614737608,25.120729525271095,576.9306367209792,4.272461275049634,177.65831209858266,DESCENDING,15,20,False,p04018,80.54483771305962,22.34696766079769,0.0108223329463262,0.0134274429220086,0.0260995509582503,0.0363501462983223,-0.3250954441033045,-0.4827681682910558,-44.4162319484897,increase
0.6507539343880674,0.6590447637573585,0.2968467221719109,0.3142173131811303,0.1080789610452696,0.1470923719418322,0.3707250130087738,0.422704105591357,-8.915556242142141,-9.687044967918911,-16.182141320899117,-16.945629320961007,5.662064110565715,5.686341912676572,0.0128746699056067,0.0128746699056067,-1.4379122365510848,0.8772070813778261,-0.0001336614978572,-0.0190288112774895,0.0201475591271809,-0.0447864773704492,61.92136026669855,23.295937625893725,654.9900844539251,3.979082272665533,193.0367218773222,DESCENDING,15,20,False,p05073,80.88656405851951,22.40445957599712,0.0082908293692911,0.0173705910092193,0.0390134108965625,0.0519790925825832,-0.77148872577677,-0.7634880000618907,-38.62542264080483,increase
0.6653118968790123,0.6750868677928595,0.3138403316690197,0.3195319632824873,0.1088087716375951,0.1258043841191168,0.3798193194043846,0.4156732272707806,-9.341072496748955,-9.848886546971672,-16.185890567436882,-16.571620005371575,5.1981848255499905,5.063789088615852,0.0109960482496055,0.0109960482496055,-1.5617542417278123,0.9788634692940112,0.0010874113607049,-0.0208005651294556,0.0306457523294508,-0.0486950987619881,78.68501428509285,27.46530778477662,747.7257262538566,7.454857946823988,164.63541816553953,DESCENDING,15,20,False,p04292,81.0046149778602,22.358466043837577,0.0097749709138472,0.0056916316134676,0.0169956124815216,0.0358539078663959,-0.5078140502227164,-0.3857294379346925,-51.21970650031623,increase
0.67746991499967,0.6896348445925167,0.316653758527786,0.3251782426059998,0.1341221264537966,0.1724188472032941,0.4038240171846954,0.4573567788614532,-8.178426131838867,-8.895769567808744,-15.493783658198009,-16.281770335192963,5.612045233834536,5.80400646025274,0.0128237495614766,0.0128237495614766,-1.4681218045868516,0.90613615532751,-3.849487564916755e-05,-0.0194752981292091,0.0221641101143152,-0.0460344842850273,63.85791584873808,23.535928582753936,670.3218472554062,4.331220981803937,146.84409886764098,DESCENDING,15,20,False,p04777,80.91141688364387,22.38721200143729,0.0121649295928466,0.0085244840782138,0.0382967207494974,0.0535327616767577,-0.7173434359698767,-0.7879866769949562,-40.32198726598415,increase
0.7058724365209215,0.7129760839439385,0.3270489835481351,0.3434939594272905,0.1528791956770835,0.1775664666504011,0.4503679138611183,0.4767370050381203,-8.911179418637792,-9.38970663571225,-15.892617243351811,-16.426390384588302,5.333065536904693,5.38467763670297,0.0091933518045397,0.0091933518045397,-1.5320691341630217,1.0404696777716034,0.0013682235708683,-0.0218907507924994,0.0374086790453997,-0.0501915089607706,71.27980304941181,25.369565818165952,822.9874945993956,8.79727329460899,178.0840654153265,DESCENDING,15,20,False,p01793,81.01082818414129,22.214736255839007,0.007103647423017,0.0164449758791553,0.0246872709733175,0.026369091177002,-0.4785272170744576,-0.533773141236491,-45.91023723124586,increase
0.6730847252834385,0.6763795898956636,0.3134280334970928,0.3191894925069125,0.1104592891650633,0.1478156355577911,0.3887784900115357,0.4382493922000726,-9.00336504491693,-9.298756728039336,-15.899867763275768,-16.599770275625033,5.218029781368466,5.707968920727302,0.0127184939321567,0.0127184939321567,-1.4675218865641615,0.9534663523752196,6.035602230078753e-05,-0.0198885195154065,0.0220894302976989,-0.045954522010299,64.3083797023721,22.880822447990177,650.472294649284,5.147572582580175,187.42117891705985,DESCENDING,15,20,False,p03067,80.84928482083298,22.289475745598264,0.003294864612225,0.0057614590098196,0.0373563463927278,0.0494709021885369,-0.295391683122407,-0.699902512349265,-41.42755725438192,increase
0.6758154656732888,0.6841412749436945,0.3278832295348265,0.3262381471442416,0.130147258158684,0.1337547793477036,0.412621140160389,0.4260959655069514,-8.502538044600483,-8.795475363339644,-15.469719981098176,-15.704031234661496,5.153619117539884,5.075661171697498,0.0084363745996942,0.0084363745996942,-1.477793536358759,0.770429569043326,0.0029224010156641,-0.0169308442896445,0.0193878392841325,-0.0398980943176697,64.48559437068334,23.16683518864773,563.8556628946179,5.448321867163891,204.1147688548832,DESCENDING,15,20,False,p05227,80.60075656958942,22.415957959037005,0.0083258092704057,-0.0016450823905849,0.0036075211890196,0.0134748253465623,-0.2929373187391615,-0.2343112535633214,-41.31875918203561,increase
0.7053147264621165,0.7225359070955166,0.3522979609517016,0.3700345497203912,0.1892435367086865,0.2121013928650944,0.4728861117092904,0.5052966175981726,-7.568417121577797,-7.79647758276291,-14.299359349625217,-14.571885422605463,4.964203042206342,5.063588327297509,0.0131855359389679,0.0131855359389679,-1.427284004128699,0.8422330548674964,0.0013786735603223,-0.0182570304643806,0.0191974985575569,-0.041319111916887,74.24682300543262,26.58506867942149,734.1578438192098,9.872538437552466,81.96450073157284,DESCENDING,15,20,False,p03847,80.7250206952112,22.33546927775781,0.0172211806334001,0.0177365887686895,0.0228578561564078,0.0324105058888821,-0.2280604611851133,-0.2725260729802485,-47.661754326011135,increase
0.6502797887947335,0.68028193696595,0.2929950603148508,0.3060546573714905,0.0945993238568815,0.1486725359332921,0.3636516481636962,0.4240493680383888,-8.742023198611088,-9.628861040826042,-16.15966698433835,-17.265993171417854,5.8840312220758975,6.2591883958199,0.0111792203701857,0.0111792203701857,-1.5594600415544817,0.981927691603888,0.0010112303636814,-0.0202381966594957,0.030580563249047,-0.0485898820874472,64.77017402409419,24.55951601141664,653.9114441687346,4.240291863811256,175.02709548085315,DESCENDING,15,20,False,p05499,81.04810742182782,22.42745634207689,0.0300021481712164,0.0130595970566397,0.0540732120764106,0.0603977198746926,-0.8868378422149537,-1.1063261870795031,-40.21065801267755,increase
0.5458635648668375,0.55619704076742,0.2475188959845862,0.2733149018510081,0.0256015912302327,0.0825186111839309,0.2581341601124319,0.311604876599594,-9.889548006330871,-10.556700694528772,-16.915457726966764,-17.991483996059653,5.4594517800098625,6.004823694321118,0.0122818364563384,0.0122818364563384,-1.5521689706588695,0.9733957704698382,0.0015243743453106,-0.0220070298380946,0.0433032228066274,-0.0513089650785691,72.41219927034422,26.574400286478543,811.4832931863388,8.959353830119854,207.58061924613503,DESCENDING,15,20,False,p00799,81.04810742182782,22.15724434063958,0.0103334759005825,0.0257960058664218,0.0569170199536981,0.0534707164871621,-0.6671526881979002,-1.076026269092889,-45.83779898386567,increase
0.5377848690757058,0.5493023792027395,0.2309302645438399,0.2593329803958914,-0.0205723863703201,0.0177976898930055,0.199045381782165,0.2819533725676684,-9.28019938548951,-9.553907945864957,-15.947816782155671,-16.010619683669365,4.968710591697644,4.741380761470015,0.0134945242510066,0.0134945242510066,-1.4901043542697512,1.0067350857363973,-1.805831045105389e-05,-0.0200214244231474,0.0224369248944222,-0.0458979827541682,69.9804692046283,25.16115766398983,760.0075461129117,8.004321209938778,172.12705957668143,DESCENDING,15,20,False,p01866,80.84307161455189,22.22048544735895,0.0115175101270337,0.0284027158520515,0.0383700762633257,0.0829079907855034,-0.2737085603754465,-0.0628029015136917,-44.81931154063848,increase
0.7284933186612587,0.735061169126262,0.3751999130985917,0.38747466236552,0.1860275379406091,0.1980538240105206,0.4772927735445941,0.4950680316532733,-8.917073277388734,-9.2879421031342,-15.499492897133536,-15.721754476650174,4.808332843037662,4.652819483068453,0.0085567758126015,0.0085567758126015,-1.4461410062011475,0.836033197253701,0.0016768461799722,-0.0182987181893375,0.0197036227020511,-0.0413514774139978,80.63807071160531,28.592418342801498,822.1947429869185,10.624996001663307,162.95290759044238,DESCENDING,15,20,False,p03545,80.71259428264902,22.318221703197977,0.0065678504650033,0.0122747492669282,0.0120262860699114,0.0177752581086792,-0.3708688257454646,-0.2222615795166369,-52.045652368803815,increase
0.5723833630908527,0.5857610976997997,0.2680023461393494,0.2797412181265732,0.0013441990255857,0.0163358340821095,0.2542749450068306,0.2816231436466739,-8.830893847221278,-9.224524888711953,-15.770075845550112,-16.584159105666068,5.1294468570778635,5.643703317290925,0.0121814047232373,0.0121814047232373,-1.5727323986392037,0.7061873506364131,0.0036951200161973,-0.0161507861817084,0.0213262440794021,-0.0389062162606838,60.96615638907099,22.696377393861884,486.7702824795514,2.901807773184832,120.3599155679574,DESCENDING,15,20,False,p03504,80.45785282512438,22.318221703197977,0.0133777346089469,0.0117388719872237,0.0149916350565237,0.0273481986398432,-0.3936310414906749,-0.8140832601159556,-38.26977899520911,increase
0.6437873498267833,0.6788918007107789,0.2853543789324402,0.316760312346716,0.0775359125632384,0.1295494894353405,0.3568246901239512,0.4240439906931298,-8.672095770577789,-9.416064008988991,-15.832649896814488,-16.47139877107692,5.486799022736854,5.400887345541276,0.0130560250283592,0.0130560250283592,-1.554586523321599,1.0002623238647164,0.001310062901966,-0.0212048175404378,0.0316240963428247,-0.0486682170851294,77.29577996240903,26.23205216028919,698.8136601275846,3.9910387388683697,186.9663213263626,DESCENDING,15,20,False,p03691,80.99840177157911,22.32397089471792,0.0351044508839956,0.0314059334142757,0.0520135768721021,0.0672193005691785,-0.7439682384112043,-0.6387488742624328,-51.06372780211984,increase
0.6505169760391236,0.6796814166139975,0.2890552395111778,0.3177793236703269,0.0838533959401572,0.1586977119765645,0.3530140947770397,0.4479318583806843,-8.676230771580839,-9.400649408846029,-15.811031809218104,-16.412661164756724,5.455960090094359,5.434735987472931,0.008441880640751,0.008441880640751,-1.5646779550287058,0.9891610182497952,0.0014261146686168,-0.0211768891458208,0.0325765965397207,-0.0488879723861969,79.70189081685416,27.413176831205323,731.3638253139662,4.523170760953845,202.73626821644697,DESCENDING,15,20,False,p03893,81.01082818414129,22.33546927775781,0.0291644405748738,0.028724084159149,0.0748443160364073,0.0949177636036445,-0.7244186372651882,-0.6016293555386198,-52.28871398564884,increase
0.6830101522958163,0.6865594867172874,0.3139562371906571,0.3302849854121115,0.1118533354871062,0.1629555840319616,0.3957822446587957,0.4592748738148179,-8.773364219898996,-9.445132875208888,-15.75661615402679,-16.47878219143443,5.331452124058545,5.428226240131151,0.0126715922856575,0.0126715922856575,-1.5157277040953083,0.9844267244438476,0.0006145379972596,-0.0206655327234737,0.027363050670321,-0.04783799131889,69.80839333817296,23.82225040366116,675.5121910260611,3.713540875322866,175.98846070803103,DESCENDING,15,20,False,p03683,80.9486961213304,22.32397089471792,0.003549334421471,0.0163287482214544,0.0511022485448553,0.0634926291560222,-0.6717686553098918,-0.7221660374076393,-45.98614293451181,increase
0.5760502325762923,0.6016693413600963,0.2782332179480649,0.2936404047560932,0.0285096806315399,0.062271483444406,0.2654616104285698,0.3236603978526267,-8.58332344792478,-9.393407366590214,-15.774461346936247,-16.644477664950614,5.553620475428042,5.777225144266539,0.0078346442045365,0.0078346442045365,-1.3645158458955602,0.8531101869807759,0.000796873077578,-0.01756170961036,0.0169662965583676,-0.0398821315981619,58.80140096862821,21.84805180426062,643.9908649751735,6.551853518229874,135.90324265261188,DESCENDING,15,20,False,p05551,80.74987352033556,22.433205533596833,0.025619108783804,0.0154071868080283,0.0337618028128661,0.0581987874240568,-0.810083918665434,-0.8700163180143665,-36.95334916436759,increase
0.6983048372703141,0.7159783287319926,0.310159547068183,0.355794922336162,0.087606940497166,0.1770820692276193,0.3717271204975909,0.4808772210788019,-8.604736837002255,-8.885092200620637,-14.844394007830374,-15.356263456847602,4.450671231717019,4.6640724022029065,0.0134031272707344,0.0134031272707344,-1.522879599361739,0.9880081599824476,5.9884321143446394e-05,-0.0196347381282354,0.0219433900403306,-0.0448509745191172,78.43569153318458,27.871455160747715,803.4828935993095,5.378830328839933,169.4294451026225,DESCENDING,15,20,False,p00860,80.80579237686536,22.16299353215952,0.0176734914616785,0.045635375267979,0.0894751287304532,0.109150100581211,-0.2803553636183817,-0.5118694490172278,-50.564236372436866,increase
0.6598008189185997,0.7030360200264734,0.3058725540572022,0.3372335056465531,0.1146828335848685,0.1879808777890892,0.3935601785953382,0.4889941686580284,-8.133606754023203,-8.037640953186749,-14.805274466301071,-15.236323678182648,4.808523791954988,5.429069866755124,0.0088564364809577,0.0088564364809577,-1.518872651035586,0.7139242996370819,0.003217231590492,-0.0165708591794606,0.0200672932975951,-0.0391851095511281,68.36236073413905,24.0340866742343,512.5953162827491,3.79719871840968,135.36583650934435,DESCENDING,15,20,False,p05015,80.52619809421635,22.40445957599712,0.0432352011078737,0.0313609515893509,0.0732980442042206,0.0954339900626901,0.0959658008364545,-0.4310492118815734,-44.32827405990474,increase
0.7108771721934728,0.714538895559526,0.3348837932925899,0.3287947034362357,0.1961455655619243,0.191987935315318,0.4894479261387446,0.4957486240555214,-8.442962691724542,-8.988970085787912,-15.501959394656929,-16.10672818544509,5.348467938947373,5.450148207465017,0.0105210105790074,0.0105210105790074,-1.4473412448353604,0.8908877993452133,-0.0001319858873304,-0.019230700582356,0.0207237118819872,-0.0452589697605256,63.005141193908024,23.255846340871443,661.3680265313453,4.371934310944176,180.39463779118557,DESCENDING,15,20,False,p04774,80.8927772648006,22.38721200143729,0.0036617233660531,-0.0060890898563542,-0.0041576302466062,0.0063006979167767,-0.5460073940633698,-0.6047687907881603,-39.74929485303658,increase
0.6667786573137422,0.6727019535692652,0.3143676739553837,0.31746762519016,0.1171672540936901,0.1233528971892566,0.3993216316796411,0.4138433881321068,-8.790415119052888,-9.202917263340035,-15.559588403677392,-15.95186776421631,5.028001894196221,4.9959909163067,0.0133533241198491,0.0133533241198491,-1.448888304024535,0.8031870418904881,0.0024415380010105,-0.0173630413660654,0.0190773771524324,-0.0398066312092901,65.81541370301352,23.73223581692598,620.5189553765496,4.517524932873029,197.72012050888625,DESCENDING,15,20,False,p04835,80.65046221983813,22.39296119295723,0.005923296255523,0.0030999512347763,0.0061856430955664,0.0145217564524657,-0.4125021442871475,-0.3922793605389181,-42.08317788608754,increase
0.7405991958971164,0.7449324655516593,0.3711175540314332,0.3726937335756284,0.2137069507719549,0.2169489162986083,0.5157470704219927,0.5232453736046667,-9.023923172914424,-9.342950587459027,-15.742662448900337,-16.03567637507302,5.0022922123915645,4.937878115618233,0.0084601115134889,0.0084601115134889,-1.4376214885327605,0.8357300500671482,0.0016228546819351,-0.0182250671909391,0.0194449886435211,-0.0411601004967955,78.30844543183058,27.88226374746569,771.8584363265013,10.054623233972071,181.81737039747193,DESCENDING,15,20,False,p03745,80.71259428264902,22.329720086237863,0.0043332696545428,0.0015761795441951,0.0032419655266534,0.0074983031826739,-0.319027414544605,-0.2930139261726836,-50.42618168436489,increase
0.7129991205402862,0.7434340262999951,0.3396222651179668,0.3555150867817628,0.166163610941872,0.1877816958742399,0.4645387360527964,0.4945408304197548,-8.890973259817823,-9.326892005232724,-15.663514035927085,-15.933580722818215,5.025934274188482,4.832122372390484,0.0133120070506891,0.0133120070506891,-1.4771812546814465,0.8091508135156112,0.002748103556679,-0.0174834803844981,0.0199633800917691,-0.0400417530815367,73.66427727669837,26.12905727038048,647.2659811385979,6.582259348292743,183.78068997676476,DESCENDING,15,20,False,p04035,80.65046221983813,22.34696766079769,0.0304349057597088,0.015892821663796,0.0216180849323679,0.0300020943669584,-0.4359187454149005,-0.2700666868911341,-47.535220006317886,increase
0.6518836888393568,0.665715798691247,0.3100682008817637,0.3102777902571296,0.0946735899309428,0.0918321528990577,0.3733501805110928,0.3799312734764913,-8.41047107759566,-8.825277517782666,-15.284927174407397,-15.685825578041127,5.131731076765089,5.119415946888155,0.0134052199724783,0.0134052199724783,-1.4845157394388433,0.7858322464192122,0.0030639719949577,-0.0170921843194632,0.0197420915855191,-0.0397927704487531,66.52115919729219,23.88688152876213,568.7109316919148,7.434134058115827,117.0604580518806,DESCENDING,15,20,False,p04729,80.6131829821516,22.38721200143729,0.0138321098518902,0.0002095893753659,-0.002841437031885,0.0065810929653984,-0.4148064401870055,-0.4008984036337324,-42.63427766853006,increase
0.6433903991030507,0.6525546674116002,0.2910500573096184,0.3145208664830032,0.0968218212851971,0.147755346394963,0.3621132592361084,0.4224803905963175,-8.471080672869563,-9.3229603891061,-15.781477831267765,-16.587622251427455,5.750277267029629,5.623635062470391,0.0105445976595727,0.0105445976595727,-1.4316122773825597,0.8807021820856151,-0.0001268962709032,-0.018875014826552,0.0197370285128861,-0.0443666782594236,62.29912342263139,23.790027450099927,656.4385230423082,4.104552211820485,179.67261039013226,DESCENDING,15,20,False,p05274,80.8927772648006,22.415957959037005,0.0091642683085494,0.0234708091733847,0.0509335251097658,0.0603671313602091,-0.8518797162365352,-0.8061444201596899,-38.50909597253146,increase
0.5669446434892723,0.5876763230729524,0.2664959765553663,0.2790738489632565,0.0275784295285312,0.0476348840534645,0.2603088078328393,0.301839354261914,-10.073156747857052,-10.533418441270074,-16.789690118078394,-17.37373139131521,4.965091557146651,5.11630874825708,0.0135692615488767,0.0135692615488767,-1.4522074399268472,0.8077386295764848,0.0024331310380752,-0.0174528820022743,0.0192548955278089,-0.0398997252258321,70.34795693063388,25.12482585328339,693.8023206565593,2.479146855046868,141.82594276672762,DESCENDING,15,20,False,p04436,80.65667542611922,22.369964426877463,0.02073167958368,0.0125778724078902,0.0200564545249332,0.0415305464290747,-0.4602616934130221,-0.5840412732368172,-45.223131077350494,increase
0.645437024325906,0.6405372568014503,0.3174778202703364,0.3198454802514798,0.0996402048970731,0.0998946273132396,0.3710155768944924,0.3888808735371538,-8.862662154953373,-9.166612620454748,-15.812379375965318,-16.059111400836944,5.125896696689237,5.04421713885382,0.0082154148851024,0.0082154148851024,-1.540389207356322,0.6879644533734779,0.0033047724162017,-0.0163460573736114,0.0206386055280822,-0.0389391748434011,67.65866809745594,23.89650868999021,572.2119606056248,4.091579132492362,187.38828401042403,DESCENDING,15,20,False,p04508,80.48270565024873,22.375713618397405,-0.0048997675244556,0.0023676599811434,0.0002544224161664,0.0178652966426613,-0.3039504655013747,-0.2467320248716262,-43.76215940746574,stable
0.4847026470166581,0.4635875140384452,0.2505670007171794,0.2416807034872148,-0.0537231806828859,-0.0558916226521898,0.1482828001610708,0.1540357984504772,-9.589949249834534,-10.199561844769102,-16.714219784595187,-17.699319452112412,5.363164447517933,5.891421140676345,0.0114854811027397,0.0114854811027397,-1.5969234433270665,0.7610559192086126,0.0043154195372264,-0.0161133847958142,0.0233511352704997,-0.0384692863842413,52.018245622924304,21.27715164738992,538.8076116703745,3.644071187362963,124.46441432069516,DESCENDING,15,20,False,p01113,80.51377168165418,22.18024110671935,-0.0211151329782128,-0.0088862972299646,-0.0021684419693038,0.0057529982894064,-0.6096125949345677,-0.9850996675172254,-30.741093975534387,stable
0.6620664502846981,0.6463588377652992,0.297473266900963,0.3207575364059892,0.0916203179669131,0.1267463687447529,0.3691342864276792,0.4103435013502154,-9.315195667157242,-9.76313737786509,-16.052693099873142,-16.53928240586463,4.964756531080207,5.047298847418066,0.013423909512192,0.013423909512192,-1.507459546650399,1.029150624640045,-7.597182277334561e-05,-0.0200741792222494,0.0232413843457966,-0.0459522590275936,75.13776460164644,26.6970959764512,795.8325926641545,5.892989405210445,225.7705777219592,DESCENDING,15,20,False,p01066,80.84307161455189,22.174491915199408,-0.0157076125193988,0.0232842695050262,0.0351260507778397,0.0412092149225362,-0.4479417107078483,-0.4865893059914867,-48.44066862519524,stable
0.7366705752882361,0.7096241415898864,0.3296858307845946,0.3395941384305669,0.1377006260380104,0.1549531666375407,0.4298701107481275,0.4546746169112877,-8.422046478265086,-8.686372879896723,-14.975320350761027,-15.034019762226247,4.787986025321204,4.557375466008294,0.009619281232706,0.009619281232706,-1.5127520534288077,1.044919539923334,-0.0001788986528875,-0.0202366696380233,0.0250156379037282,-0.0465743278431366,74.90307373635092,26.076742818320753,809.9791081305207,6.550997898736831,160.9188799703731,DESCENDING,15,20,False,p00469,80.86171123339516,22.13999676607975,-0.0270464336983496,0.0099083076459722,0.0172525405995302,0.0248045061631602,-0.2643264016316369,-0.0586994114652199,-48.826330918030166,stable
0.5618270211171736,0.5280077965345242,0.2707116914832708,0.2664772570758741,0.0078913036054908,-0.0248097767266184,0.2418743969491998,0.2033533798459574,-9.090209480309106,-9.718151067537406,-16.16135170098642,-17.075887935895413,5.270855051437095,5.669889392898414,0.0131149898115857,0.0131149898115857,-1.5767970516803549,0.7372624769072458,0.0040618774011483,-0.0158291382146179,0.0226860256561511,-0.0380337662638032,54.32204240255982,21.866935082595717,520.0974520304508,3.101014224762449,202.72269317899804,DESCENDING,15,20,False,p01206,80.47027923768655,22.185990298239293,-0.0338192245826494,-0.0042344344073966,-0.0327010803321092,-0.0385210171032424,-0.6279415872282996,-0.9145362349089936,-32.45510731996411,stable
0.4978574844648786,0.4811585933710711,0.2525218010115478,0.2392428237112759,-0.0433374730959715,-0.0619021384121729,0.182218328793199,0.1678389975273935,-9.82200660049748,-10.4828666507541,-16.78075083584251,-17.88062105370964,5.171285353107022,5.730230880884011,0.0153358800696997,0.0153358800696997,-1.5493198809192854,0.6848054231929542,0.0032748279076897,-0.0160697579721603,0.020857138785075,-0.0389667973764063,60.25237893100199,22.585186154221837,500.6865173050671,4.287512083966302,192.22619458638312,DESCENDING,15,20,False,p03400,80.43300000000002,22.312472511678035,-0.0166988910938075,-0.0132789773002718,-0.0185646653162014,-0.0143793312658054,-0.6608600502566198,-1.099870217867128,-37.667192776780155,stable
0.7611575101349128,0.7455234699185432,0.3695835122654251,0.3688383088327933,0.1914846179612561,0.1922872248838907,0.5024030820161708,0.5084930828720999,-9.306085691835053,-9.603793160655671,-16.0298654704269,-16.17586987309493,5.045554387127493,4.830252914094319,0.0122204810113371,0.0122204810113371,-1.5210507821231891,0.8609304248433975,0.0019574794389274,-0.0182347473414579,0.0208653310562019,-0.0415931681343107,87.62147621821315,31.034310189694384,713.3085334942664,8.858740696037016,214.7010500905251,DESCENDING,15,20,False,p02243,80.70016787008684,22.24348221343872,-0.0156340402163696,-0.0007452034326317,0.0008026069226346,0.0060900008559291,-0.2977074688206222,-0.14600440266803,-56.587166028518766,stable
0.6843572652967745,0.6704983519498664,0.3517794050889937,0.3460434782262557,0.1547642085987307,0.1410182410201649,0.4363781034623424,0.431644473652371,-9.246866061858166,-9.48093743359968,-16.098406707483683,-16.192595789898515,5.056629696726607,4.85541215640444,0.0134511392640187,0.0134511392640187,-1.527618930763027,0.7378080998222617,0.0034380026558159,-0.0166615418368852,0.0204581560537884,-0.0392999880730804,68.85771082394743,24.60352083058118,572.3438180751265,9.490848291439914,185.63123075810057,DESCENDING,15,20,False,p04618,80.54483771305962,22.38146280991735,-0.0138589133469081,-0.0057359268627379,-0.0137459675785658,-0.0047336298099713,-0.2340713717415159,-0.0941890824148323,-44.25418999336625,stable
0.5536654698646687,0.5402293666839828,0.2489297946195149,0.2549706935700495,0.0075745434812784,0.0164142698748147,0.2571534426311773,0.2669301126201276,-9.943956115191064,-10.551039671571315,-16.510287325044068,-17.258684987801274,4.788788906478176,4.99251943161608,0.0102011205517198,0.0102011205517198,-1.502651122770894,1.0743080835099077,-0.0002994070958303,-0.0205743980525048,0.026517210481119,-0.0475833560588553,72.51015360902889,25.090373578686727,776.3313744485624,8.034643437602568,154.1697904740553,DESCENDING,15,20,False,p00374,80.8927772648006,22.134247574559808,-0.0134361031806858,0.0060408989505346,0.0088397263935362,0.0097766699889503,-0.6070835563802532,-0.7483976627572062,-47.41978003034217,stable
0.5726349651048288,0.5612580888508447,0.2969626435570675,0.2914377040789644,0.0093239674973378,0.00319256050886,0.2447439864791239,0.2580032277178939,-8.216685764410522,-9.046302600832378,-15.543261268212683,-16.33342237432118,5.553915867416451,5.601880320307564,0.00800852309615,0.00800852309615,-1.4729450208533237,0.6226357814792952,0.0019937688068837,-0.0165084099279179,0.0193747705407304,-0.0388770409746473,63.289602969925085,21.06117680535712,489.99983224023134,2.511068150408614,170.02506810247706,DESCENDING,15,20,False,p05602,80.4454264125622,22.438954725116776,-0.011376876253984,-0.005524939478103,-0.0061314069884777,0.0132592412387699,-0.8296168364218559,-0.7901611061084974,-42.22842616456796,stable
0.667497270400343,0.6388894913807264,0.3182495038440147,0.3342085597617513,0.1184398507050868,0.1321868460149166,0.3723443289216721,0.4087151920391215,-8.669115903549088,-8.988983417134133,-15.526839340843678,-15.781680072946456,5.046279000359463,4.939446773466758,0.0119526358354254,0.0119526358354254,-1.564224739502866,0.7964365511652459,0.0041547006867617,-0.0169641299051032,0.0219912772507189,-0.0395786550764225,67.82284481797589,24.498323295540995,678.5795429101486,8.515825416626678,121.52818027700472,DESCENDING,15,20,False,p03525,80.58833015702724,22.318221703197977,-0.0286077790196166,0.0159590559177366,0.0137469953098298,0.0363708631174493,-0.319867513585045,-0.2548407321027799,-43.32452152243489,stable
0.777297063032173,0.7462810104531178,0.3622694167501634,0.3618437045199305,0.2422765635986593,0.2417008488034016,0.5518824300155171,0.5530853957058024,-7.309069199789513,-7.594254633233661,-14.186147864322844,-14.285964278968944,5.091446170983414,4.880576576180162,0.0134417480317284,0.0134417480317284,-1.5300853103906682,0.9043324690977372,0.0013164275886579,-0.018664285203223,0.0210845367171896,-0.0427825007331778,83.64148154789517,29.05321015624235,741.0944201171995,8.664587223903661,121.6092150170648,DESCENDING,15,20,False,p01648,80.73123390149229,22.208987064319064,-0.0310160525790552,-0.0004257122302329,-0.0005757147952576,0.0012029656902853,-0.2851854334441484,-0.0998164146461011,-54.58827139165282,stable
0.6047207238795533,0.5811244979868095,0.3005267229588009,0.29615966572379,0.0514998305027236,0.0491204244891552,0.3024948145685054,0.3156713935043599,-9.001460216721728,-9.288528048524173,-15.890896900281325,-16.19445517816679,5.066525349713567,5.088971242092172,0.0081866440503439,0.0081866440503439,-1.5108453594117872,0.6534470816301087,0.002723949843799,-0.0162799528692315,0.0202624367792738,-0.0388170890910963,64.15942107142376,22.59028053522762,515.8067797693727,5.864884087040597,160.68633577598936,DESCENDING,15,20,False,p04502,80.4454264125622,22.375713618397405,-0.0235962258927437,-0.0043670572350109,-0.0023794060135684,0.0131765789358545,-0.2870678318024442,-0.3035582778854682,-41.569140536196144,stable
0.7482159664332301,0.7234003683263285,0.3668559723809089,0.3678524323396024,0.1907166391334168,0.1974069390830798,0.4818003713718057,0.4963727876634193,-8.628863726166305,-9.046713501336235,-15.15306434050499,-15.47107053220206,4.764724607891327,4.571627380213116,0.0119878468749613,0.0119878468749613,-1.5640481714678582,0.8321402126313636,0.0036326359591055,-0.0173556750348252,0.0221938638937169,-0.0402409617080707,77.28707699619069,28.308599088313805,653.0596373815539,5.084098843288987,154.25714699399936,DESCENDING,15,20,False,p02531,80.62560939471378,22.26072978799855,-0.0248155981069015,0.0009964599586935,0.006690299949663,0.0145724162916135,-0.4178497751699321,-0.3180061916970711,-48.978477907876886,stable
0.7479526485360597,0.7274039252936937,0.3387040478256987,0.3543789679488519,0.1396348304838167,0.1518359835372143,0.4384933962930182,0.4589524079768012,-9.057887997664189,-9.256846998950596,-15.483381039564373,-15.471131327700512,4.684109944794437,4.420813460436988,0.0126501473501883,0.0126501473501883,-1.509899571298661,1.0707612310768966,-0.0001708553321898,-0.0209230340611399,0.0307793009218656,-0.0491105393295211,68.06928261942745,23.857816699220848,818.6355009969495,5.873311392445602,206.6865495952146,DESCENDING,15,20,False,p00279,80.92384329620604,22.128498383039865,-0.020548723242366,0.0156749201231532,0.0122011530533975,0.020459011683783,-0.1989590012864059,0.0122497118638591,-44.21146592020661,stable
0.7534596719582664,0.7286725624599912,0.3994642744824562,0.4045414868678652,0.2300363214685259,0.23730162762295,0.516877160137235,0.5373391443987436,-10.048023052999236,-10.04818058966092,-16.595053586745674,-16.376877356585183,4.769578748227503,4.513248085242316,0.0089428097000645,0.0089428097000645,-1.57465271837822,0.8447444208418995,0.0034614332121721,-0.0174083104838027,0.0223570988081488,-0.0404330839545959,76.06931160921589,28.517728017060804,745.4654281279497,12.645192261533287,202.70575904501305,DESCENDING,15,20,False,p02032,80.63182260099487,22.231983830398836,-0.0247871094982751,0.0050772123854089,0.0072653061544241,0.0204619842615086,-0.0001575366616837,0.2181762301604912,-47.55158359215508,stable
0.6826757594240435,0.6562834699317159,0.3179193207203078,0.312349371128484,0.151360036405464,0.135580609851317,0.4391863531958396,0.4310466317749207,-8.174784856293778,-8.46470539270609,-15.514425627505856,-15.840750402567163,5.606475445705383,5.6666379258876844,0.0116187595694178,0.0116187595694178,-1.600871515452729,0.788464718048849,0.0041043855024038,-0.0164201007209267,0.0235876458604277,-0.0391746112091834,51.9332040434792,21.42841354853067,538.3866532206434,2.4082629017799952,196.4771977846076,DESCENDING,15,20,False,p00919,80.55105091934071,22.168742723679465,-0.0263922894923275,-0.0055699495918238,-0.0157794265541469,-0.0081397214209189,-0.2899205364123123,-0.3263247750613089,-30.504790494948526,stable
0.4925279113447293,0.4845734359170198,0.236013074901816,0.2428898480664681,0.0212222848036358,0.039509570898868,0.227398155727795,0.2544032565313563,-10.3411885252866,-10.996937120845908,-17.5510685400799,-18.682315427410753,5.756992116786197,6.527445905611321,0.0137032548389245,0.0137032548389245,-1.4887999303173338,0.9288310002246604,0.0002055589703467,-0.0193597470049367,0.0232450072121403,-0.0460259618084277,60.86636733465446,23.244911671336823,629.1262286435784,5.011667119500067,198.6784030430405,DESCENDING,15,20,False,p05384,80.95490932761149,22.421707150556948,-0.0079544754277095,0.0068767731646521,0.0182872860952322,0.0270051008035613,-0.6557485955593076,-1.1312468873308532,-37.62145566331763,stable
0.6701065654351934,0.6397735122580521,0.3033512354508372,0.3041026161845736,0.0979842170309341,0.0791206887226131,0.3836301498283506,0.3655039064276628,-8.618412075265471,-9.115488639413435,-15.562186696601968,-16.02261690692119,5.1056681799385535,5.0819716146346945,0.013411491487523,0.013411491487523,-1.602098449912127,0.7745257233094164,0.0044508589959369,-0.0166074952672127,0.022332776867262,-0.0390828970519623,64.16556010368097,23.68234570813875,528.442508655084,3.767372132628666,162.20384421648487,DESCENDING,15,20,False,p03217,80.53862450677853,22.30097412863815,-0.0303330531771413,0.0007513807337364,-0.0188635283083209,-0.0181262434006877,-0.4970765641479637,-0.4604302103192221,-40.48321439554222,stable
0.7476546947466931,0.7356873314795644,0.367093584998834,0.3728310125550472,0.1889396108574134,0.206272910679914,0.4859080742616713,0.5100464363862786,-8.879924580665312,-9.335946232234951,-15.614558507319511,-15.956277308803305,5.0421893170472405,4.905902933902699,0.0135105174229928,0.0135105174229928,-1.5116794252103116,1.05696861404888,0.0006164579570978,-0.0212513653418167,0.0303137519101684,-0.0487577636543771,72.8701038325822,25.72222182700715,839.3394576168118,7.91743420262949,212.28899629502183,DESCENDING,15,20,False,p02084,80.95490932761149,22.231983830398836,-0.0119673632671286,0.0057374275562132,0.0173332998225005,0.0241383621246072,-0.4560216515696389,-0.3417188014837915,-47.147882005575056,stable
0.7197364302419677,0.6949942709113947,0.3249793744761296,0.3249721852733739,0.1698039920108179,0.1883242769773412,0.4749580268238437,0.504749441090318,-8.728607261217661,-8.928889031290485,-15.523660606985452,-15.918508414124952,5.003023100634295,5.324096218075809,0.013161362423695,0.013161362423695,-1.607889305408626,0.8459080255879929,0.0036353287946857,-0.0171035652892966,0.0234029463391847,-0.040308021347804,60.62068848418144,24.004581172897783,555.1675178508536,3.6058083314655303,172.9081041273094,DESCENDING,15,20,False,p01129,80.6131829821516,22.18024110671935,-0.024742159330573,-7.189202755719659e-06,0.0185202849665232,0.0297914142664743,-0.2002817700728236,-0.3948478071394987,-36.616107311283656,stable
0.7568756210060498,0.7404024233644998,0.3262932247648404,0.3422631920894943,0.1584053368542073,0.1837298315731709,0.4655814231941647,0.4952821570824499,-8.226342835004385,-8.599166478348263,-14.94404481602654,-15.158469568154906,4.977658744077169,4.739118631911737,0.0164188726371458,0.0164188726371458,-1.5225674325244716,1.0517758201083842,9.23915335041067e-05,-0.0212676823457503,0.0365154963412644,-0.0508749567210406,62.499649577476745,22.36239171289896,772.548142089273,7.761293634496917,163.9025211042664,DESCENDING,15,20,False,p00086,80.96733574017367,22.11699999999998,-0.0164731976415499,0.0159699673246538,0.0253244947189635,0.0297007338882852,-0.3728236433438781,-0.2144247521283677,-40.13725786457778,stable
0.7665796145958266,0.7352648106240509,0.3862370101123385,0.3925538283874732,0.2065760834180038,0.2234996281859968,0.5128485191296551,0.5371817847677985,-9.52293153475499,-9.534226860732607,-15.922823191346868,-15.746733716506707,4.644577398868943,4.425631641917299,0.0129841433640368,0.0129841433640368,-1.5481469003374333,0.9066681263802234,0.0013898205029961,-0.0185838487642328,0.0213899778381425,-0.0426473749528703,82.19424362505156,28.944496349835084,790.9127849276475,9.092329363554864,243.374655845819,DESCENDING,15,20,False,p01247,80.7250206952112,22.185990298239293,-0.0313148039717756,0.0063168182751346,0.016923544767993,0.0243332656381434,-0.0112953259776187,0.1760894748401575,-53.24974727521647,stable
0.7188613093769085,0.6974639263200618,0.3503785319258048,0.3548252200089125,0.1618956580201566,0.1628203104075386,0.4445805014845422,0.461554983968129,-8.586349003353082,-8.667081423384165,-15.152856123837068,-15.240049188677329,4.698856485466022,4.736790010594928,0.0116886793552167,0.0116886793552167,-1.606063568590954,0.8165133356490143,0.0042674411844424,-0.0167176866088872,0.0231274755448628,-0.0394402441018106,61.20238768901859,23.76914210903579,597.4989238880845,11.055389760535084,194.39692127981297,DESCENDING,15,20,False,p01822,80.56969053818398,22.22048544735895,-0.0213973830568466,0.0044466880831076,0.0009246523873819,0.0169744824835867,-0.080732420031083,-0.0871930648402621,-37.4332455799828,stable
0.7416186986768516,0.6969310968543668,0.3689468869780001,0.360115176328253,0.1803031570671093,0.178606249099003,0.475690459728388,0.4892785115643053,-8.772922954019283,-8.870244136148745,-15.329873743557805,-15.257714481944069,4.811277054271873,4.587443207795624,0.0134505459295477,0.0134505459295477,-1.545835159563673,0.8419569564211726,0.0029504810729407,-0.0176963663716449,0.0216235856420455,-0.0407144506212377,84.36571234665684,30.523865110567737,708.7615131710515,10.758601380700586,158.55961570766905,DESCENDING,15,20,False,p02436,80.65667542611922,22.254980596478607,-0.0446876018224847,-0.0088317106497471,-0.0016969079681062,0.0135880518359172,-0.0973211821294626,0.0721592616137378,-53.841847236089095,decline
0.5997179694705281,0.5633439923513757,0.3098719525521002,0.2797066765795639,0.0233586466134924,-0.0155519457273779,0.2777584467586725,0.2390160625139246,-9.282004306536589,-10.005323367317397,-15.460100932570697,-16.25013021322833,4.370261179064381,4.50417803200994,0.0130323093905351,0.0130323093905351,-1.4103543414226436,0.8803202697733268,0.0002456198916868,-0.018812495828479,0.0191371649381204,-0.0431671665058085,58.88714890819181,21.521725895472237,653.027053971266,9.628367676735197,212.72896181892736,DESCENDING,15,20,False,p04059,80.79957917058427,22.34696766079769,-0.0363739771191524,-0.0301652759725363,-0.0389105923408703,-0.0387423842447478,-0.7233190607808062,-0.7900292806576346,-37.365423012719575,decline
0.6539148425127765,0.6126267090685457,0.297542495620445,0.2730700945928592,0.0850317647634396,0.0313893926405594,0.3548286466692845,0.29860916538667,-9.377170289432732,-9.858794182819992,-15.552245131174455,-16.152101075752306,4.429253702999649,4.558420615768786,0.0095479789632848,0.0095479789632848,-1.5317872957190866,1.0293599527141812,0.000864048717535,-0.021763005429752,0.0399730816620642,-0.0512472870956903,63.22113521886548,23.325673750749115,787.1835770834831,5.7207399758251025,206.24230926250576,DESCENDING,15,20,False,p00593,81.01082818414129,22.145745957599697,-0.0412881334442308,-0.0244724010275857,-0.0536423721228801,-0.0562194812826144,-0.4816238933872618,-0.5998559445778504,-39.895461468116366,decline
0.7112842423746784,0.6523142362203974,0.3287470849824623,0.311873427918701,0.1735767670411874,0.1388811859618648,0.4641854456128093,0.4325529186610932,-8.631161181830038,-9.55585064330022,-16.07024104688105,-16.546993448924855,5.942696703658993,5.361635535431478,0.013142080559331,0.013142080559331,-1.5464880571502353,0.9582004066090613,0.000574928411657,-0.0200391919298603,0.0272353258136046,-0.0479515428669955,66.92659237154209,24.768276539162137,679.4620639511659,5.272647373719615,184.6314178877899,DESCENDING,15,20,False,p05191,80.99840177157911,22.410208767517062,-0.0589700061542809,-0.0168736570637613,-0.0346955810793225,-0.031632526951716,-0.9246894614701836,-0.4767524020438038,-42.158315832379955,decline
0.7707663554261724,0.7347500375634408,0.3614453581826191,0.336110242727339,0.2320608580703684,0.1940399320255515,0.5443754925516784,0.5104781832277006,-8.40259187278258,-8.800887295727263,-15.219067096626498,-15.570075162008804,5.03757020753993,5.031568573084018,0.0121276927938789,0.0121276927938789,-1.5306530325198195,0.8366847320357842,0.0028308796277376,-0.0177701617297627,0.0213156970251345,-0.0407233759092474,83.83606236732172,30.06130342418201,638.6386729372612,4.373996224845629,140.27688997664526,DESCENDING,15,20,False,p02637,80.66288863240031,22.266478979518492,-0.0360163178627316,-0.02533511545528,-0.0380209260448169,-0.0338973093239778,-0.3982954229446829,-0.351008065382306,-53.7747589431397,decline
0.765654809640138,0.728123461104776,0.3404297037402692,0.3316694174859567,0.2159170484432972,0.2042615119844995,0.527111910553109,0.5180287156667398,-8.178822459706494,-8.456278288454563,-14.995358363946425,-15.352344002732773,5.084175162181297,5.238248736186503,0.0101000266490065,0.0101000266490065,-1.500233790700312,1.0445615164820143,-0.0001006870588416,-0.0202254414869335,0.0234109369311023,-0.0462664463976884,72.41613618641685,26.130178789896508,699.5732048867643,6.277141983356672,161.2059812963767,DESCENDING,15,20,False,p01368,80.85549802711407,22.191739489759236,-0.037531348535362,-0.0087602862543125,-0.0116555364587976,-0.0090831948863692,-0.277455828748069,-0.3569856387863481,-46.285957396520345,decline
0.6373734740207735,0.580129575659055,0.3131686736153178,0.2851606978226791,0.1084041123054256,0.0690355312042275,0.3683218323353026,0.3211169300720191,-9.52777819159773,-10.54325814933863,-16.086784843133245,-17.34982078322098,4.786876153036348,5.130951239130276,0.0093466870755234,0.0093466870755234,-1.4218351670537164,0.8109795832726031,0.0020385248944312,-0.0174520346686808,0.0184650363848909,-0.0397077436688419,64.57136736821084,23.44819766631092,657.8784442926597,5.69429868616658,223.745268994335,DESCENDING,15,20,False,p04938,80.6691018386814,22.398710384477177,-0.0572438983617185,-0.0280079757926386,-0.039368581101198,-0.0472049022632835,-1.0154799577409008,-1.263035940087736,-41.123169701899926,decline
0.7664582353948123,0.7312062849757697,0.3529731699060508,0.3305292912936416,0.2395379205176596,0.1827621157708925,0.5532864121996514,0.5008089437603807,-8.060969341575195,-8.746116345233343,-15.778488024442362,-16.24649775191266,6.33590710033032,5.971522277506757,0.0112382254540501,0.0112382254540501,-1.5770255456708149,0.9728671412480244,0.0012171540347571,-0.0206002525756212,0.0322984639603814,-0.0492077764144583,69.90319926933812,25.941223275227983,673.9277192197347,3.699369491037824,160.8743057608861,DESCENDING,15,20,False,p05098,81.04189421554673,22.40445957599712,-0.0352519504190426,-0.0224438786124091,-0.0567758047467671,-0.0524774684392707,-0.6851470036581482,-0.4680097274702977,-43.961975994110134,decline
0.5922620141042144,0.5542157814613684,0.2809721239362669,0.2607016938357185,0.0934780898023975,0.0727578447864904,0.3402038527874562,0.3101080687372054,-9.162132913106904,-9.885757363880227,-16.30090153307081,-17.226517247029605,5.519610645502201,5.803868903158699,0.0134189420392399,0.0134189420392399,-1.5410938315337148,0.9120403248630322,0.0013032622359958,-0.0186789128954786,0.0212370721140868,-0.042866799552054,84.22716471270054,29.22363446533245,703.0376962847943,4.817217037760306,122.8458293983,DESCENDING,15,20,False,p01448,80.73123390149229,22.19748868127918,-0.038046232642846,-0.0202704301005483,-0.0207202450159071,-0.0300957840502508,-0.7236244507733218,-0.9256157139587948,-55.00353024736809,decline
0.7005207397152883,0.6423492780104056,0.332583348746384,0.3337888635480836,0.1500339502653614,0.1300822883423989,0.4405188757345458,0.4300048795579581,-9.510985671104084,-9.74037007687511,-16.54964315311034,-16.5046806239129,5.274553039713903,4.943337745136211,0.0133927942247185,0.0133927942247185,-1.586960302344319,0.8078737293253859,0.0042815122867402,-0.0168934648608069,0.0226013583559895,-0.0395560686350283,67.54150187238464,24.995581369932268,575.3094669272907,9.052961380985709,210.4956039801475,DESCENDING,15,20,False,p02824,80.58211695074615,22.277977362558374,-0.0581714617048826,0.0012055148016995,-0.0199516619229624,-0.0105139961765877,-0.2293844057710252,0.0449625291974378,-42.545920502452375,decline
0.7195352796054193,0.6850609849618813,0.3568380690046207,0.3644461342506927,0.177413728474272,0.1732468470572814,0.4679892898278412,0.4780020730929332,-9.431360879345908,-9.648855555614135,-15.99259345110618,-16.052073960064494,4.792787545867307,4.619434974120319,0.0088753376075677,0.0088753376075677,-1.5982842799564485,0.832148765633779,0.0041615033179199,-0.016951185450033,0.023035052089675,-0.0398177301031782,67.55836390665849,25.713124679170384,628.663127065545,7.774524474461248,171.91274496467065,DESCENDING,15,20,False,p02026,80.59454336330833,22.231983830398836,-0.034474294643538,0.0076080652460719,-0.0041668814169905,0.0100127832650919,-0.2174946762682292,-0.0594805089583125,-41.8452392274881,decline
0.5610368696486218,0.5258404713027519,0.2843924394128185,0.2802023893529664,0.0225487671304235,0.0319661886047404,0.2588720062859143,0.272236869753772,-9.644044442198672,-10.466016927673024,-16.645225814878533,-17.670095730912603,5.234522643861928,5.516668535336209,0.0115948974773582,0.0115948974773582,-1.6107582686992867,0.7669606542815063,0.0045048828008929,-0.0162804696853615,0.0228477559217807,-0.0385867309675704,56.25693701215812,21.687577339369373,544.9553792126967,3.928853122575173,164.35018278683933,DESCENDING,15,20,False,p02113,80.51377168165418,22.23773302191878,-0.0351963983458698,-0.0041900500598521,0.0094174214743169,0.0133648634678577,-0.8219724854743493,-1.0248699160340706,-34.56935967278875,decline
0.5709168582613818,0.5364788137027038,0.3085142706129593,0.2924796351624331,0.0369121289795909,0.0237687470979894,0.2681885646054533,0.2580390996282136,-8.960411437330006,-9.857364759880062,-16.48336596130878,-17.378751187725875,6.134042073267827,5.993836659475024,0.0118527899168411,0.0118527899168411,-1.5867601895450918,0.7436774613537083,0.0042540553118858,-0.0158970179404777,0.0233225248887403,-0.0381738878841344,51.804876922799025,21.645431198703644,530.2491454736124,3.418417745331124,199.52828542382105,DESCENDING,15,20,False,p00910,80.49513206281091,22.168742723679465,-0.034438044558678,-0.0160346354505261,-0.0131433818816014,-0.0101494649772397,-0.8969533225500559,-0.8953852264170941,-30.15944572409538,decline
0.4860025579668931,0.4510283812856343,0.2366654949155548,0.234508719214396,0.016267258542016,0.0276562727845544,0.2056508936685303,0.2231015328648633,-9.863402279920043,-10.832457694081452,-17.23068177204919,-18.712488804811883,5.966920222404375,6.6816192631252305,0.0102261862164418,0.0102261862164418,-1.4980618794290033,0.9171045205315412,0.0001787304298862,-0.0196486353788906,0.0239442278786258,-0.0467157317177837,62.04394727793055,23.39793211787287,638.2138536164383,6.3649200476277965,162.19689620176294,DESCENDING,15,20,False,p05082,80.94248291504931,22.40445957599712,-0.0349741766812587,-0.0021567757011587,0.0113890142425383,0.0174506391963329,-0.96905541416141,-1.481807032762692,-38.64601516005768,decline
0.736733719854565,0.7020003581030543,0.3607684564068721,0.3539572686187077,0.1810347888398402,0.1620731970226139,0.473284798386074,0.4603087824296073,-8.579573039434338,-8.909276247940864,-15.303648312146356,-15.402310309373274,5.058552555583092,4.748012558772041,0.0090105931841614,0.0090105931841614,-1.5452768968889363,1.025406412706341,0.0015473120421661,-0.0217877685181928,0.0361254896544847,-0.0496697451942713,75.07911912658314,25.584035586177546,852.6640455010888,10.969369960322538,160.6569899526431,DESCENDING,15,20,False,p02393,81.01082818414129,22.249231404958664,-0.0347333617515107,-0.0068111877881644,-0.0189615918172263,-0.0129760159564667,-0.3297032085065261,-0.0986619972269178,-49.495083540405595,decline
0.7161590657006357,0.675185601751812,0.3366481616318694,0.3195414014747342,0.1333447436433465,0.1155659800046036,0.4243365615641883,0.4131422635472518,-9.538694136762915,-9.856912747154952,-16.08795720786325,-16.172135055586633,4.799741549253843,4.548279385848224,0.0087660278364561,0.0087660278364561,-1.5090478234577267,0.8321393526816183,0.0025778672743764,-0.0179091213370238,0.0208608130655322,-0.0408020689348604,84.95498239066987,30.23278218785886,675.0137792900408,8.703322956635057,218.41161707570168,DESCENDING,15,20,False,p02839,80.67531504496249,22.277977362558374,-0.0409734639488237,-0.0171067601571352,-0.0177787636387429,-0.0111942980169364,-0.3182186103920372,-0.0841778477233816,-54.72220020281101,decline
0.6896744307273027,0.6486349336934603,0.3208148882871454,0.3134508598250805,0.1477508214394431,0.11392299335369,0.4353463183156142,0.4157468680627439,-8.763982872708853,-9.21760519375013,-15.88438002470872,-16.071527732769084,5.492320377970202,5.1296473737108785,0.0094608109579337,0.0094608109579337,-1.6030184860571104,0.8018880940548461,0.0035910382402047,-0.0167127274672224,0.0239368530532849,-0.0399710707902817,50.16753598540967,21.027812878000237,566.8800586297713,2.800183620710484,194.09143183886496,DESCENDING,15,20,False,p00126,80.59454336330833,22.12274919151992,-0.0410394970338424,-0.0073640284620649,-0.033827828085753,-0.0195994502528703,-0.4536223210412764,-0.1871477080603654,-29.13972310740943,decline
0.7300464876746878,0.6918910732089664,0.3731847243746397,0.3571778013657912,0.1956714482359551,0.176996325845323,0.4799567062627545,0.4697322967718392,-9.419666654626289,-9.678502351546646,-15.973590537650448,-16.092957017035104,4.88165259312193,4.74918492623755,0.008408230990139,0.008408230990139,-1.5337123362562517,0.9767267496455908,0.000771420041471,-0.020613996912785,0.028282658287643,-0.048032970553315,72.86792787953014,25.349507801724176,781.7001934235973,17.885752193999075,172.27924133190538,DESCENDING,15,20,False,p04187,80.97354894645476,22.35271685231763,-0.0381554144657214,-0.0160069230088484,-0.0186751223906321,-0.0102244094909153,-0.2588356969203591,-0.1193664793846576,-47.51842007780597,decline
0.7507800261142193,0.714338460609123,0.37790796454278,0.3925482886056489,0.1896689995046003,0.203006091024738,0.4927378162798794,0.5105582530552097,-9.274274293190349,-9.342421862463976,-15.805576531328544,-15.727417703795089,4.721693961981925,4.60425008610018,0.0130537491834329,0.0130537491834329,-1.5209486385596882,0.8910566018415659,0.001438102680002,-0.0185754800986608,0.0209331318486145,-0.0425062253799215,82.99251749877303,29.043121157878065,869.9391591229127,5.046445383222692,208.24670287668476,DESCENDING,15,20,False,p01947,80.7250206952112,22.226234638878893,-0.0364415655050963,0.0146403240628689,0.0133370915201377,0.0178204367753303,-0.068147569273627,0.0781588275334552,-53.94939634089496,decline
0.7640571304384132,0.7290294903611344,0.408017733073286,0.4009979905997908,0.2148707603183335,0.203679912939729,0.5149390796500019,0.5136605065334057,-9.747242842427276,-9.907597102795764,-16.343718378405203,-16.25601192754681,4.864649153683798,4.6043371945167735,0.0126317485374055,0.0126317485374055,-1.5446631746808126,0.9666685714356404,0.0007195230847988,-0.0204284074075157,0.0281370024564549,-0.0481418392932697,73.17977310097925,25.922100437286236,761.7459836629005,13.97718081110028,214.0191825055551,DESCENDING,15,20,False,p04489,80.98597535901693,22.369964426877463,-0.0350276400772787,-0.0070197424734951,-0.0111908473786045,-0.0012785731165961,-0.1603542603684893,0.0877064508583949,-47.257672663693015,decline
0.7361013060801131,0.7017913044217954,0.32759474893116,0.3282221331880481,0.1772198644696889,0.2083660644167653,0.4914794325078478,0.5320152765632676,-8.85641279102171,-9.076243331663292,-15.563491059123274,-15.926046250632924,4.913405056654889,5.13247396048786,0.0120071733425081,0.0120071733425081,-1.583606496929408,0.8569527451468772,0.0026234225708681,-0.0176954028661795,0.0224570256992694,-0.0410954679282808,65.18715449773015,25.155166645790345,572.3983624663848,2.866964400051219,187.08342137277495,DESCENDING,15,20,False,p00937,80.66288863240031,22.168742723679465,-0.0343100016583177,0.0006273842568881,0.0311461999470763,0.0405358440554198,-0.219830540641583,-0.3625551915096494,-40.0319878519398,decline
0.7146944137084867,0.6803554922325278,0.3257188570699969,0.3147285877809792,0.1744227234032173,0.160606197544098,0.4786497747829475,0.4760055780944143,-8.8202945111849,-9.038715925924157,-15.693477595449444,-16.047012275750916,5.0865247201016315,5.293497759001111,0.0131857527006487,0.0131857527006487,-1.6098853743109545,0.8595312107088919,0.0037951887899298,-0.0171615924727141,0.0232359701358301,-0.0402992326095754,66.19590288716653,25.8176232025,553.52042955684,3.181537378166862,180.27816366051573,DESCENDING,15,20,False,p01429,80.6131829821516,22.19748868127918,-0.0343389214759589,-0.0109902692890177,-0.0138165258591192,-0.0026441966885331,-0.2184214147392555,-0.3535346803014718,-40.37827968466652,decline
0.5757922479698957,0.5781994326593648,0.2897291466398896,0.3034836277527551,0.0449546384921077,0.0841519791540001,0.2832083290045208,0.3415178703911522,-10.14715031451346,-10.520350148066235,-16.952364867859753,-17.688313390117447,5.138610264375236,5.5248074910813285,0.0117700475261859,0.0117700475261859,-1.6102881055328755,0.8275175436248713,0.003979498443784,-0.0167735043499989,0.0236310091202592,-0.0398162532272273,57.23848443754847,22.869093088606807,542.4952210944256,4.473776055841945,230.66963113573055,DESCENDING,15,20,False,p01125,80.58833015702724,22.18024110671935,0.002407184689469,0.0137544811128655,0.0391973406618924,0.0583095413866314,-0.3731998335527766,-0.7359485222576936,-34.36939134894166,increase
0.5518826560158925,0.5510228901819977,0.2754962582144577,0.2787809163919241,-0.0316984767722619,-0.0281052860078156,0.2035235069184636,0.2168188618253653,-8.825662988875665,-9.457534750832012,-15.304321991341451,-16.0289681476456,4.61956055470997,4.7116681862039975,0.0130839649334755,0.0130839649334755,-1.5789487742883537,0.7419454982054065,0.0040842087059468,-0.0159353757343681,0.023636259439783,-0.0384081048662132,52.77608157467078,23.192277083331593,543.5383420601751,2.939384477430301,171.81779314982938,DESCENDING,15,20,False,p00312,80.50755847537309,22.134247574559808,-0.0008597658338947,0.0032846581774664,0.0035931907644463,0.0132953549069016,-0.6318717619563472,-0.7246461563041482,-29.58380449133919,increase
0.6352746479115079,0.6360408309535504,0.3097799229652785,0.3217255315810925,0.0767190303505447,0.1055709099255411,0.3421518039381414,0.3883295318197154,-8.737615870585081,-9.0219172286066,-15.622429321055195,-16.02750037691114,5.050049188370466,5.230624817253038,0.0135556008009514,0.0135556008009514,-1.5363294239625669,0.6790412895733425,0.0031738109024778,-0.0162847858845714,0.0206504461580129,-0.0388829653284466,65.10376966260645,23.285070538085737,498.47181264170064,3.539796755157497,194.08664436976423,DESCENDING,15,20,False,p04305,80.46406603140547,22.36421523535752,0.0007661830420424,0.0119456086158139,0.0288518795749963,0.046177727881574,-0.2843013580215192,-0.4050710558559434,-41.81869912452072,increase
0.7573348663859019,0.7586283565491961,0.3970227412023081,0.403884512009502,0.192146803610712,0.2244016251276629,0.4929417436738998,0.5384041009623716,-9.900437250961264,-9.882644242258245,-16.163794641577475,-16.133421719342696,4.5135007410744965,4.4976531580888786,0.008441880640751,0.008441880640751,-1.5652528463166084,0.9838118394297488,0.0013052680622194,-0.0210175730329314,0.0319564733673521,-0.0488585778292613,80.3138148589717,27.822970755128978,881.2801048383205,14.078869932948498,208.63013136949073,DESCENDING,15,20,False,p04093,81.01082818414129,22.34696766079769,0.0012934901632942,0.0068617708071938,0.0322548215169509,0.0454623572884717,0.017793008703018,0.030372922234779,-52.49084410384272,increase
0.6541148965999461,0.6624875749813531,0.3080750107601042,0.3216670180294883,0.1044896182033882,0.1258721069447687,0.3762779949920822,0.4168158704921272,-8.140593606941858,-8.379057117630726,-15.231433734935424,-15.706875679247403,5.3266861466595214,5.57932598761466,0.012075314349472,0.012075314349472,-1.5715177076070872,0.715515199458181,0.0038069790622462,-0.0163417170394067,0.0212403291973119,-0.0389118442645662,67.33385377437337,24.317132203697547,512.8680524284331,4.593245416532641,166.53271952396256,DESCENDING,15,20,False,p04010,80.49513206281091,22.34696766079769,0.0083726783814069,0.013592007269384,0.0213824887413805,0.040537875500045,-0.2384635106888684,-0.4754419443119815,-43.01672157067582,increase
0.6280691188697035,0.6572702605523015,0.2860785056828917,0.3130749284013228,0.0649686622165003,0.1110692563493821,0.3455211499555384,0.4001240369772753,-8.628701996336877,-9.138067044403934,-15.752983579657316,-16.422169042142595,5.321217254861778,5.547256267971467,0.0088224996637766,0.0088224996637766,-1.5978619892295176,0.7609735876352272,0.0043314855799624,-0.0165219321431474,0.0220550302856891,-0.0389876766522008,65.2384114544141,23.905009035650444,503.00874696175,2.6618907509274665,199.13317129333507,DESCENDING,15,20,False,p03515,80.52619809421635,22.318221703197977,0.029201141682598,0.0269964227184311,0.0461005941328818,0.0546028870217369,-0.5093650480670568,-0.6691854624852791,-41.33340241876366,increase
0.582473004081072,0.5843875308408955,0.2585308069466574,0.2545597612703795,0.0206338947420317,0.0049564204444174,0.2948176385975501,0.2834547553348689,-9.814024437007063,-10.413239903612022,-16.431857922024847,-17.208308956502005,4.929673994303112,5.200871345015821,0.0128496596289283,0.0128496596289283,-1.50671259146266,1.084323489745644,0.0005631006567487,-0.0214347768954177,0.0318469071646756,-0.0492365310180432,68.6903261237771,25.165853039191585,719.2789329619671,6.015855103086185,185.89474484569092,DESCENDING,15,20,False,p01485,80.96112253389258,22.19748868127918,0.0019145267598233,-0.0039710456762778,-0.0156774742976142,-0.0113628832626812,-0.5992154666049565,-0.7764510344771587,-43.52447308458551,increase
0.6099366380206908,0.6095529391645291,0.263330362066147,0.2847709495365975,0.0445068777364865,0.0691613929080627,0.2809865763264504,0.3395243759957757,-8.497624441425375,-8.8801881312824,-15.204677544492842,-15.305153402794126,5.019065573264883,4.714144216712645,0.0126305259636895,0.0126305259636895,-1.5149633102365636,1.0261183910903522,0.0006579046876071,-0.0210619348935136,0.028871284559093,-0.0483337744650796,73.71884668681211,25.05204272488535,774.3474229855454,11.171523650297177,156.05210024878215,DESCENDING,15,20,False,p02783,80.9486961213304,22.272228171038435,-0.0003836988561616,0.0214405874704504,0.0246545151715762,0.0585377996693252,-0.3825636898570259,-0.1004758583012837,-48.66680396192676,increase
0.4426274974424452,0.4555326284276494,0.225654158016587,0.229435649255624,-0.0755664907807371,-0.0581043108631923,0.1221209954086224,0.1572895254823432,-9.984423287286376,-10.47399958385988,-17.042693094311304,-17.950611921879435,5.342933864958045,5.859167580759876,0.0092528131944744,0.0092528131944744,-1.5465240798787327,0.6842165085962942,0.0032832614541256,-0.0161949456114702,0.0208584559416415,-0.0388878658019339,62.48488111339061,22.825312089004733,470.8619278302718,3.9661214766495543,132.47361184389328,DESCENDING,15,20,False,p03903,80.45163961884329,22.34121846927775,0.0129051309852042,0.0037814912390369,0.0174621799175447,0.0351685300737207,-0.4895762965735031,-0.9079188275681318,-39.659569024385874,increase
0.6446398131449917,0.6536289719847836,0.3068506215206045,0.3124096909860618,0.0922551369468175,0.1066694823272561,0.3567108072314121,0.3892493906847855,-8.420096843245856,-8.65667326689116,-15.179746012362047,-15.710828317860432,4.898989208883014,5.285073360466179,0.0084902691628602,0.0084902691628602,-1.5123994321219112,0.7044427270289544,0.0030387778789187,-0.0165460728264425,0.0198625499006853,-0.039270682677151,67.31605448004318,23.5316772413036,496.80797942866354,3.703491502270081,155.41513921812853,DESCENDING,15,20,False,p05214,80.51998488793527,22.415957959037005,0.0089891588397919,0.0055590694654573,0.0144143453804386,0.0325385834533734,-0.2365764236453031,-0.5310823054983853,-43.78437723873958,increase
0.632844781295566,0.6393667330163233,0.2869774267014272,0.3064116392206895,0.0443521775919989,0.0906844598748136,0.2882542241841511,0.3561651584374223,-9.068760298855551,-9.76029923570982,-16.4500374890341,-17.26892745871755,5.839879552896623,6.109450054358272,0.0110718874648721,0.0110718874648721,-1.5681497727525378,0.9840596053928378,0.0021229513167721,-0.0219344254874702,0.0393551803728291,-0.0500302818635347,77.78044557985862,26.105699600043476,729.0156150006396,5.985448931268394,194.09661781645977,DESCENDING,15,20,False,p02698,81.04189421554673,22.266478979518492,0.0065219517207573,0.0194342125192622,0.0463322822828146,0.0679109342532711,-0.6915389368542701,-0.8188899696834504,-51.67474597981514,increase
0.5350263608734731,0.5360660426544422,0.2657389568218094,0.2725378237756874,0.0330715494462195,0.0413431834786323,0.2495769848573574,0.2676062223092915,-9.329463619212474,-10.472447307716902,-16.517206540421235,-17.807247334163165,5.645520489886834,5.880448180179574,0.0129726966853132,0.0129726966853132,-1.4807994581884685,0.914721696323426,7.048709607533423e-05,-0.0196067864028849,0.0230593459543619,-0.0463713814450479,63.81243230282824,23.505353822760338,647.7501039035767,6.861752293871284,149.02072476741589,DESCENDING,15,20,False,p04779,80.92384329620604,22.38721200143729,0.0010396817809691,0.0067988669538779,0.0082716340324127,0.018029237451934,-1.1429836885044278,-1.2900407937419305,-40.3070784800679,increase
0.714829976357741,0.7241239808112654,0.3665449117672194,0.3732029522157591,0.2070601777827744,0.2130162061999362,0.4978014143347881,0.5128706898155275,-7.47584970137768,-7.507120565557131,-14.341594671772686,-14.659304496855771,5.033983828558742,5.410858830497207,0.0118891701529304,0.0118891701529304,-1.49273726055058,0.7437947271698899,0.0030052577405612,-0.0167683749397084,0.0196051176429224,-0.0396558271387588,66.06552720896521,23.617288440901003,522.3188849294493,9.251170520462136,98.83905143898116,DESCENDING,15,20,False,p05122,80.56969053818398,22.410208767517062,0.0092940044535243,0.0066580404485397,0.0059560284171618,0.0150692754807393,-0.0312708641794508,-0.3177098250830852,-42.4482387680642,increase
0.7569640088620908,0.7592069156178639,0.3813335482241769,0.3886213200779208,0.1952752377269184,0.2082272926783641,0.4965816925258275,0.5220537814150028,-8.630589784134155,-8.80085912017182,-14.824086108762904,-15.192317271980238,4.384042392805173,4.5994054905857205,0.0123117649631322,0.0123117649631322,-1.462375749094889,0.827270030510726,0.0020255572142572,-0.0182061862833842,0.0200384159754304,-0.0410980504721441,86.838769236549,30.564493534126353,866.2022218489828,6.999592101158909,116.20026233494096,DESCENDING,15,20,False,p03243,80.70016787008684,22.30097412863815,0.002242906755773,0.0072877718537438,0.0129520549514456,0.0254720888891752,-0.1702693360376646,-0.3682311632173345,-56.27427570242264,increase
0.5208073170531224,0.5409499715319934,0.2640792828697879,0.2728041384483906,-0.0533556018846252,-0.0302942342193344,0.1675505147483567,0.2091902098073418,-9.2705625586818,-10.115172309676316,-15.551965622829448,-16.46490168261294,4.496611320836655,4.592229780816945,0.0136958246271157,0.0136958246271157,-1.3634512422767369,0.870146181087737,0.0002110804215945,-0.0180370427103052,0.0172481879397569,-0.0409754096261808,56.66919005514821,21.37895205744637,606.2218111205234,3.1400134251786,177.66854192970945,DESCENDING,15,20,False,p05360,80.80579237686536,22.421707150556948,0.0201426544788709,0.0087248555786027,0.0230613676652908,0.041639695058985,-0.8446097509945147,-0.912936059783492,-35.29023799770185,increase
0.664400594518586,0.663765992837441,0.3032401331435028,0.3277080033596009,0.1055732587704827,0.1403601622990778,0.3930155031697951,0.4330174929336347,-8.799129989415727,-9.46242908517405,-16.099804276947108,-16.680259560240767,5.5536457998432125,5.473598490269338,0.0084069414688886,0.0084069414688886,-1.589806433816063,0.7504833318723554,0.0041875586547238,-0.0164859595416396,0.0217794089322986,-0.0389584077224163,66.59476839440053,24.23832170995948,517.3565657134131,4.880970566244041,202.5989580402152,DESCENDING,15,20,False,p03714,80.51998488793527,22.329720086237863,-0.000634601681145,0.0244678702160981,0.034786903528595,0.0400019897638395,-0.6632990957583225,-0.5804552832936594,-42.35644668444105,increase
0.5424479133210436,0.5438932489388387,0.2584418969193598,0.2784230841915009,0.0042956714409845,0.0649844621542787,0.2246771806845577,0.2962584110526963,-10.02924249651324,-10.898042094220187,-17.145385579370448,-18.500443054695467,5.511870344849585,6.425671955054307,0.0127246897130851,0.0127246897130851,-1.485723592305413,1.057491311777519,-0.0001273706663913,-0.0205000062256209,0.0239368810871622,-0.0469829781990049,70.67076146078634,25.57632754573892,690.6192243993377,5.87576307936025,196.8772512341283,DESCENDING,15,20,False,p01873,80.88656405851951,22.22048544735895,0.0014453356177951,0.0199811872721411,0.0606887907132942,0.0715812303681386,-0.8687995977069463,-1.3550574753250189,-45.09443391504742,increase
0.4851012093859047,0.4844903736898087,0.2358357645533625,0.24012695218845,-0.0221523990166401,-0.0035294187335818,0.1827930846036367,0.2242256063905428,-8.980369646059307,-9.862439998541936,-15.843231567556035,-16.998016165952752,5.200444531452999,5.578755570756243,0.012383216691163,0.012383216691163,-1.3937115768370747,0.8275755321221426,0.0015098379793039,-0.0176843713592527,0.0179821002076155,-0.039802198611732,63.90028454395976,23.372408696334737,673.8452028960015,5.0767472710127945,116.54347200690428,DESCENDING,15,20,False,p05043,80.70016787008684,22.40445957599712,-0.0006108356960959,0.0042911876350874,0.0186229802830582,0.0414325217869061,-0.8820703524826303,-1.1547845983967149,-40.527875847625026,increase
0.767425365940626,0.7671754897518053,0.3743048237210113,0.3843872282585827,0.1989280239371544,0.2095106336065733,0.5100448223028872,0.5268090402119001,-9.288804358793346,-9.40010768194754,-15.9310217873619,-15.857657473000696,4.89194540586207,4.679632501863067,0.0122606345846614,0.0122606345846614,-1.4857705806534618,0.8406005511577097,0.0019980228925839,-0.0182176250092459,0.0203653567296454,-0.0412936827500999,87.35676453211538,30.827895042994253,805.392667503379,11.60719572633069,215.76749855184391,DESCENDING,15,20,False,p02843,80.70016787008684,22.277977362558374,-0.0002498761888207,0.0100824045375714,0.0105826096694189,0.0167642179090129,-0.1113033231541926,0.0733643143612052,-56.52886948912112,increase
0.5773180884929782,0.5787030473205509,0.2756492693918418,0.2864439618071926,0.0828067561664527,0.0892966643320684,0.3293499210760622,0.3447691218473722,-9.101347163081805,-9.283194172074724,-16.305437822315977,-16.774852807779773,5.497237987591782,5.88792621604015,0.0117304751949619,0.0117304751949619,-1.597329252881552,0.7728325230207462,0.0041851815155295,-0.0162554392730295,0.0235203167844112,-0.0388406128076904,51.53380986628628,21.392232969648443,528.4850412985023,3.759092073248813,192.99603822512472,DESCENDING,15,20,False,p00916,80.53241130049744,22.168742723679465,0.0013849588275727,0.0107946924153507,0.0064899081656156,0.0154192007713099,-0.1818470089929196,-0.4694149854637963,-30.14157689663784,increase
0.6857714367894429,0.6881925389798099,0.3244119301453661,0.3410947365167905,0.1484981989224018,0.1793282750599404,0.4210537794097885,0.4693394099420505,-8.267486899844627,-9.234453755554142,-15.797414704084972,-16.28409066286869,5.9565156933832055,5.375149525986222,0.0103108733972779,0.0103108733972779,-1.4334967411405086,0.9000567295850044,9.247944306100575e-06,-0.0192089300923417,0.0204120710752429,-0.0446108445711797,63.3436243279804,22.85156458556489,669.7161414616198,4.155970710026058,163.9098997553838,DESCENDING,15,20,False,p04268,80.85549802711407,22.358466043837577,0.002421102190367,0.0166828063714243,0.0308300761375386,0.0482856305322619,-0.966966855709515,-0.4866759587837155,-40.492059742415506,increase
0.4916312102827459,0.4944653462806829,0.2418430479853489,0.2491400347024238,-0.0923296273852215,-0.0732554163673414,0.1137492722876703,0.1590572401262747,-9.742610188457787,-10.326502876087412,-16.96128975101738,-17.750067150094125,5.493820101697094,5.789824738829443,0.0114018167091446,0.0114018167091446,-1.5355508003762983,0.6732008804010582,0.0030798965356522,-0.0161610114321067,0.0206652081469079,-0.0388916923306672,61.38794407400772,22.54254681350541,488.6345598874435,3.758619587027253,162.7040122149121,DESCENDING,15,20,False,p03801,80.43921320628111,22.33546927775781,0.002834135997937,0.0072969867170749,0.01907421101788,0.0453079678386043,-0.5838926876296231,-0.7887773990767464,-38.84539726050231,increase
0.6882980647251185,0.7191735068649807,0.3170929539057618,0.3358726588042127,0.1450802501926358,0.1726464892532908,0.4418129222329631,0.483521765599816,-8.542879577469213,-8.770463255686543,-15.83397415338442,-16.139223782702928,5.529948428165541,5.646281773779871,0.0084113617262263,0.0084113617262263,-1.5010347417848076,0.7796490184902974,0.0032962985463751,-0.0169996144366199,0.0201544888078749,-0.0397710134577414,66.87665051646817,23.984025348257106,554.2204787704375,4.748412404945256,196.55383353965365,DESCENDING,15,20,False,p04627,80.60075656958942,22.38146280991735,0.0308754421398622,0.0187797048984508,0.0275662390606549,0.0417088433668529,-0.2275836782173304,-0.3052496293185083,-42.89262516821107,increase
0.6984336736362221,0.7105582141940008,0.3277375489091037,0.3390574070363318,0.1655516484752077,0.2002206496503386,0.4610298583442635,0.507901302754497,-8.145591570873357,-8.631390622215488,-15.486167541410884,-16.055680125247996,5.820336520293406,5.91126719909486,0.0128103790377624,0.0128103790377624,-1.471832603478498,0.918579771619541,-6.458410919707058e-06,-0.0196328695850248,0.0226068616859207,-0.0462732297851278,64.81604880432324,23.54766032551935,664.8833952763454,4.936506414099021,162.9624745234384,DESCENDING,15,20,False,p04577,80.91141688364387,22.375713618397405,0.0121245405577786,0.011319858127228,0.0346690011751308,0.0468714444102334,-0.4857990513421306,-0.5695125838371116,-41.2683884788039,increase
